iteration,started_at,completed_at,duration_ms,latency_r1_r2_hops,latency_r1_r2_min_ms,latency_r1_r2_avg_ms,latency_r1_r2_max_ms,latency_r1_r2_std_ms,latency_r1_r2_median_ms,jitter_r1_r2_ms,latency_r1_r2_loss_pct,latency_r1_r4_hops,latency_r1_r4_min_ms,latency_r1_r4_avg_ms,latency_r1_r4_max_ms,latency_r1_r4_std_ms,latency_r1_r4_median_ms,jitter_r1_r4_ms,latency_r1_r4_loss_pct,latency_r1_r6_hops,latency_r1_r6_min_ms,latency_r1_r6_avg_ms,latency_r1_r6_max_ms,latency_r1_r6_std_ms,latency_r1_r6_median_ms,jitter_r1_r6_ms,latency_r1_r6_loss_pct,bandwidth_r1_r2_mbps,throughput_r1_r2_mbps,retransmits_r1_r2,bandwidth_r1_r4_mbps,throughput_r1_r4_mbps,retransmits_r1_r4,packetloss_r1_r2_pct,packetloss_r1_r4_pct,packetloss_r1_r6_pct,cpu_total_busy_pct,cpu_user_pct,cpu_system_pct,cpu_sample_window_ms,mem_used_mb,mem_total_mb,mem_utilisation_pct
1,2026-04-02T21:31:34.258488,2026-04-02T21:33:37.274677,123015.861,1,0.074,0.164,0.674,0.093,0.1465,0.05049,0.0,3,0.143,0.239,0.826,0.077,0.2235,0.04476,0.0,1,0.081,0.174,0.416,0.048,0.1615,0.03304,0.0,19614.620636,19066.968016,59,13011.807421,12625.976728,2,0.0,0.0,0.0,0.536,0.0,0.536,2000.0,1211.84,16199.059,7.481
2,2026-04-02T21:33:39.275912,2026-04-02T21:35:42.149275,122873.021,1,0.076,0.185,0.619,0.057,0.175,0.03281,0.0,3,0.154,0.251,0.59,0.059,0.2325,0.03951,0.0,1,0.065,0.184,0.488,0.055,0.17,0.0362,0.0,19932.142041,19847.610943,98,12595.80813,11501.865273,271,0.0,0.0,0.0,0.531,0.265,0.265,2000.0,1211.434,16199.059,7.478
3,2026-04-02T21:35:44.152245,2026-04-02T21:37:52.125320,127972.798,1,0.105,0.199,0.502,0.051,0.1995,0.03467,0.0,3,0.187,0.316,1.098,0.099,0.309,0.056100000000000004,0.0,1,0.065,0.208,1.833,0.168,0.1905,0.051559999999999995,0.0,6092.735814,6063.630755,2160,3986.22589,3971.243086,947,0.0,0.0,0.0,1.087,0.0,1.087,2000.0,1212.441,16199.059,7.485
4,2026-04-02T21:37:54.128207,2026-04-02T21:40:02.430693,128302.079,1,0.11,0.197,0.587,0.058,0.1995,0.03845,0.0,3,0.186,0.307,0.601,0.073,0.307,0.05705,0.0,1,0.103,0.244,4.525,0.432,0.194,0.09587,0.0,7289.632885,7259.49471,148,4089.987409,3917.190114,1253,0.0,0.0,0.0,0.538,0.269,0.269,2000.0,1210.758,16199.059,7.474
5,2026-04-02T21:40:04.434863,2026-04-02T21:42:12.810851,128375.859,1,0.069,0.196,0.508,0.059,0.1855,0.03852,0.0,3,0.147,0.339,0.907,0.126,0.3205,0.06953000000000001,0.0,1,0.074,0.207,0.667,0.077,0.1855,0.05532,0.0,6770.413528,6243.819247,99,3746.759611,3412.096691,5,0.0,0.0,0.0,0.27,0.0,0.27,2000.0,1203.77,16199.059,7.431
6,2026-04-02T21:42:14.814857,2026-04-02T21:44:27.036505,132221.207,1,0.082,0.206,0.835,0.087,0.197,0.0469,0.0,3,0.115,0.338,2.088,0.243,0.296,0.10448,0.0,1,0.108,0.214,0.716,0.076,0.2005,0.0436,0.0,5544.488427,5430.832188,9,4133.788489,3816.107913,3674,0.0,0.0,0.0,0.273,0.0,0.273,2000.0,1208.695,16199.059,7.462
7,2026-04-02T21:44:29.040048,2026-04-02T21:46:34.765743,125725.627,1,0.098,0.216,1.669,0.174,0.178,0.06908,0.0,3,0.118,0.299,0.52,0.069,0.296,0.05318,0.0,1,0.101,0.237,3.202,0.304,0.206,0.08145,0.0,6912.060344,6794.688247,295,4387.663563,4279.461709,910,0.0,0.0,0.0,0.543,0.0,0.543,2000.0,1230.859,16199.059,7.598
8,2026-04-02T21:46:36.771754,2026-04-02T21:48:43.073452,126301.247,1,0.105,0.205,0.567,0.055,0.1975,0.0353,0.0,3,0.161,0.315,1.302,0.148,0.285,0.07165,0.0,1,0.129,0.224,1.565,0.149,0.2005,0.05271000000000001,0.0,7225.243732,6629.896485,140,4469.10019,4440.87468,586,0.0,0.0,0.0,0.806,0.0,0.806,2000.0,1217.293,16199.059,7.515
9,2026-04-02T21:48:45.076498,2026-04-02T21:50:51.610188,126533.328,1,0.091,0.214,0.564,0.063,0.203,0.04059,0.0,3,0.148,0.288,1.172,0.102,0.259,0.050719999999999994,0.0,1,0.117,0.217,0.903,0.104,0.1875,0.048510000000000005,0.0,5622.818108,5601.582891,183,4897.292199,4874.219451,657,0.0,0.0,0.0,1.351,0.0,1.351,2000.0,1241.586,16199.059,7.665
10,2026-04-02T21:50:53.611983,2026-04-02T21:53:00.996674,127384.551,1,0.105,0.362,16.691,1.641,0.186,0.32872,0.0,3,0.239,0.285,0.598,0.059,0.2685,0.03965,0.0,1,0.101,0.199,0.447,0.043,0.1835,0.029840000000000002,0.0,7155.837799,6821.336456,453,4416.329939,4049.713339,806,0.0,0.0,0.0,1.09,0.272,0.817,2000.0,1215.91,16199.059,7.506
11,2026-04-02T21:53:02.999661,2026-04-02T21:55:16.404658,133404.868,1,0.106,0.209,0.733,0.076,0.1815,0.04425,0.0,3,0.161,0.295,0.634,0.073,0.278,0.051649999999999995,0.0,1,0.101,0.372,16.022,1.576,0.188,0.33021,0.0,6774.583843,6131.069055,3,1928.769671,1920.615191,491,0.0,0.0,0.0,0.541,0.0,0.541,2000.0,1217.305,16199.059,7.515
12,2026-04-02T21:55:18.408655,2026-04-02T21:57:23.210915,124802.003,1,0.097,0.218,0.994,0.098,0.20350000000000001,0.04827,0.0,3,0.222,0.299,0.601,0.063,0.2835,0.04739,0.0,1,0.104,0.199,0.39,0.043,0.186,0.03195,0.0,6116.154518,6086.950887,5,3759.831555,3742.734748,5,0.0,0.0,0.0,2.299,0.575,1.724,2000.0,1231.531,16199.059,7.602
13,2026-04-02T21:57:25.234947,2026-04-02T21:59:37.808678,132572.435,1,0.095,0.232,2.32,0.215,0.208,0.06397,0.0,3,0.238,0.297,0.688,0.083,0.2685,0.05173,0.0,1,0.097,0.561,33.85,3.347,0.19,0.67923,0.0,6717.695734,6695.530664,4,4411.688911,4161.399216,95,0.0,0.0,0.0,0.809,0.27,0.539,2000.0,1235.27,16199.059,7.626
14,2026-04-02T21:59:39.812583,2026-04-02T22:01:47.160208,127347.173,1,0.098,0.214,0.732,0.091,0.188,0.04604,0.0,3,0.158,0.473,9.056,1.119,0.255,0.37549,0.0,1,0.127,0.21,0.489,0.051,0.1995,0.03538,0.0,6709.334624,6678.785543,91,4796.097173,4776.324172,723,0.0,0.0,0.0,0.546,0.0,0.546,2000.0,1220.441,16199.059,7.534
15,2026-04-02T22:01:49.164104,2026-04-02T22:03:57.839630,128674.984,1,0.096,0.432,11.857,1.585,0.201,0.45272,0.0,3,0.157,0.301,1.023,0.1,0.2715,0.06039,0.0,1,0.124,0.203,0.528,0.051,0.186,0.032970000000000006,0.0,6204.312514,6178.820271,136,3942.204829,3924.534001,90,0.0,0.0,0.0,4.372,1.639,2.732,2000.0,1221.227,16199.059,7.539
16,2026-04-02T22:03:59.843655,2026-04-02T22:06:05.748977,125904.957,1,0.138,0.273,6.801,0.66,0.188,0.15002000000000001,0.0,3,0.173,0.274,0.396,0.041,0.2575,0.032850000000000004,0.0,1,0.098,0.199,0.352,0.041,0.184,0.032,0.0,6772.2534,6369.414551,59,1121.563556,1113.917857,682,0.0,0.0,0.0,1.084,0.271,0.813,2000.0,1220.258,16199.059,7.533
17,2026-04-02T22:06:07.752462,2026-04-02T22:08:25.392948,137640.436,1,0.101,0.316,8.127,0.819,0.192,0.22553,0.0,3,0.154,0.531,16.376,1.666,0.2735,0.45799,0.0,1,0.112,0.217,0.64,0.077,0.195,0.04868,0.0,7039.119296,6966.595679,1,3632.467255,3570.073882,1737,0.0,0.0,0.0,0.271,0.0,0.271,2000.0,1229.984,16199.059,7.593
18,2026-04-02T22:08:27.396403,2026-04-02T22:10:34.590152,127192.141,1,0.069,0.209,0.712,0.09,0.181,0.046759999999999996,0.0,3,0.162,0.29,0.609,0.07,0.2745,0.04418999999999999,0.0,1,0.107,0.312,10.083,0.987,0.1885,0.21996,0.0,7553.400664,7521.884976,2748,4760.356051,4741.683529,1320,0.0,0.0,0.0,0.806,0.269,0.538,2000.0,1206.121,16199.059,7.446
19,2026-04-02T22:10:36.593835,2026-04-02T22:12:44.164656,127570.501,1,0.117,0.211,0.563,0.066,0.1945,0.04193,0.0,3,0.176,0.288,0.725,0.07,0.2605,0.047069999999999994,0.0,1,0.119,0.219,1.235,0.116,0.194,0.04979000000000001,0.0,7597.432402,7567.413613,577,2786.585204,2644.35659,2,0.0,0.0,0.0,0.542,0.271,0.271,2000.0,1234.754,16199.059,7.622
20,2026-04-02T22:12:46.167779,2026-04-02T22:14:55.944857,129776.802,1,0.102,0.21,1.016,0.093,0.18,0.0465,0.0,3,0.163,0.573,19.426,1.993,0.2745,0.56321,0.0,1,0.163,0.213,0.468,0.055,0.20400000000000001,0.038259999999999995,0.0,4826.259317,4359.75409,55,4139.272825,3770.46641,1272,0.0,0.0,0.0,1.081,0.27,0.811,2000.0,1217.922,16199.059,7.518
21,2026-04-02T22:14:58.270778,2026-04-02T22:17:08.945417,130671.979,1,0.099,0.197,0.356,0.037,0.1845,0.028850000000000004,0.0,3,0.207,0.294,0.73,0.078,0.265,0.04955999999999999,0.0,1,0.107,0.198,0.574,0.052,0.182,0.031,0.0,7330.819847,7234.684671,460,4755.550451,4734.191893,800,0.0,0.0,0.0,1.613,0.538,1.075,2000.0,1221.145,16199.059,7.538
22,2026-04-02T22:17:10.947732,2026-04-02T22:19:17.677319,126729.211,1,0.118,0.221,0.882,0.093,0.20450000000000002,0.04837,0.0,3,0.216,0.316,1.69,0.212,0.269,0.08501,0.0,1,0.109,0.196,0.613,0.054,0.1825,0.03025,0.0,6998.963442,6972.355215,348,3745.825291,3728.827071,92,0.0,0.0,0.0,1.348,0.0,1.348,2000.0,1221.754,16199.059,7.542
23,2026-04-02T22:19:19.679498,2026-04-02T22:21:26.830474,127150.802,1,0.123,0.213,1.226,0.111,0.1865,0.04522,0.0,3,0.179,0.292,1.162,0.11,0.2615,0.05071999999999999,0.0,1,0.121,0.201,0.459,0.053,0.1815,0.035390000000000005,0.0,5261.321361,5166.436793,4,4066.644378,3748.5409,2,0.0,0.0,0.0,0.809,0.0,0.809,2000.0,1211.164,16199.059,7.477
24,2026-04-02T22:21:29.310946,2026-04-02T22:23:39.708926,130396.318,1,0.136,0.202,0.717,0.068,0.181,0.035679999999999996,0.0,3,0.205,0.298,0.717,0.069,0.283,0.04865,0.0,1,0.115,0.246,3.344,0.336,0.185,0.10633,0.0,7310.288813,7280.967662,459,3760.32429,3708.808373,589,0.0,0.0,0.0,0.542,0.271,0.271,2000.0,1222.047,16199.059,7.544
25,2026-04-02T22:23:41.711813,2026-04-02T22:25:46.592863,124880.923,1,0.097,0.214,0.499,0.07,0.1915,0.04706,0.0,3,0.202,0.301,0.823,0.089,0.285,0.057530000000000005,0.0,1,0.083,0.212,0.762,0.078,0.1905,0.04346,0.0,6695.735626,6210.144621,139,4386.695798,4368.622205,2344,0.0,0.0,0.0,1.351,0.541,0.811,2000.0,1223.258,16199.059,7.551
26,2026-04-02T22:25:48.598517,2026-04-02T22:27:56.694777,128095.239,1,0.123,0.377,16.758,1.648,0.1985,0.33702000000000004,0.0,3,0.197,0.29,0.754,0.068,0.279,0.045239999999999995,0.0,1,0.119,0.21,0.541,0.062,0.1935,0.04225,0.0,6112.731504,6087.943228,714,3867.435664,3797.133844,1420,0.0,0.0,0.0,1.617,0.0,1.617,2000.0,1201.98,16199.059,7.42
27,2026-04-02T22:27:59.349221,2026-04-02T22:30:12.017770,132667.866,1,0.113,0.196,0.335,0.035,0.187,0.02867,0.0,3,0.136,0.289,0.768,0.088,0.255,0.05409999999999999,0.0,1,0.137,0.212,0.997,0.102,0.187,0.04754,0.0,6654.616465,6105.882577,2,2935.330132,2692.602113,133,0.0,0.0,0.0,0.517,0.0,0.517,2000.0,1235.59,16199.059,7.628
28,2026-04-02T22:30:14.021020,2026-04-02T22:32:06.889427,112868.256,1,0.024,0.09,0.216,0.026,0.085,0.01543,0.0,3,0.079,0.13,0.512,0.043,0.124,0.02087,0.0,1,0.038,0.082,0.114,0.012,0.08549999999999999,0.01101,0.0,25992.688865,23811.937371,58,,,,0.0,0.0,0.0,0.255,0.0,0.255,2000.0,1216.008,16199.059,7.507
29,2026-04-02T22:32:08.893236,2026-04-02T22:34:12.375078,123481.705,1,0.032,0.087,0.252,0.025,0.0835,0.016839999999999997,0.0,3,0.086,0.242,6.86,0.787,0.1185,0.23562,0.0,1,0.033,0.079,0.149,0.017,0.071,0.013389999999999999,0.0,27933.748989,27812.15008,150,16309.323718,16239.797178,0,0.0,0.0,0.0,0.0,0.0,0.0,2000.0,1223.223,16199.059,7.551
30,2026-04-02T22:34:14.375711,2026-04-02T22:36:21.900274,127524.442,1,0.039,0.083,0.39,0.035,0.074,0.017300000000000003,0.0,3,0.036,0.121,0.224,0.029,0.105,0.0248,0.0,1,0.041,0.074,0.12,0.009,0.073,0.004090000000000001,0.0,23296.028953,21286.488516,59,14415.499323,13782.173487,0,0.0,0.0,0.0,0.0,0.0,0.0,2000.0,1230.758,16199.059,7.598
31,2026-04-02T22:36:23.905101,2026-04-02T22:38:38.331423,134426.186,1,0.03,0.087,0.34,0.032,0.082,0.014489999999999996,0.0,3,0.07,0.128,0.335,0.028,0.1245,0.016220000000000002,0.0,1,0.043,0.089,0.194,0.018,0.08549999999999999,0.01192,0.0,34531.841134,34325.671646,2,17966.641722,7035.411289,954,0.0,0.0,0.0,0.0,0.0,0.0,2000.0,1232.949,16199.059,7.611
32,2026-04-02T22:38:40.332451,2026-04-02T22:40:39.526167,119193.514,1,0.068,0.096,0.322,0.027,0.091,0.013190000000000002,0.0,3,0.092,0.137,0.211,0.02,0.1335,0.01394,0.0,1,0.04,0.095,0.169,0.017,0.094,0.010620000000000001,0.0,41802.024357,41608.439969,1,21071.108669,20982.19068,1157,0.0,0.0,0.0,0.519,0.26,0.26,2000.0,1204.945,16199.059,7.438
33,2026-04-02T22:40:41.527251,2026-04-02T22:42:46.430749,124903.341,1,0.061,0.103,0.241,0.021,0.103,0.01394,0.0,3,0.027,0.179,2.807,0.268,0.1505,0.06562,0.0,1,0.064,0.104,0.22,0.017,0.104,0.00975,0.0,43651.808553,43472.464586,7,24232.155567,24122.093599,1520,0.0,0.0,0.0,0.779,0.26,0.519,2000.0,1228.68,16199.059,7.585
34,2026-04-02T22:42:48.431440,2026-04-02T22:44:52.427821,123996.164,1,0.019,0.111,0.917,0.085,0.104,0.02382,0.0,3,0.09,0.153,0.316,0.027,0.153,0.016800000000000002,0.0,1,0.068,0.105,0.205,0.02,0.105,0.01259,0.0,43726.811207,43546.964885,887,24437.718804,23004.562123,2,0.0,0.0,0.0,0.26,0.0,0.26,2000.0,1221.941,16199.059,7.543
35,2026-04-02T22:44:54.431514,2026-04-02T22:46:57.820551,123388.856,1,0.015,0.11,0.82,0.075,0.1015,0.023270000000000002,0.0,3,0.091,0.152,0.417,0.037,0.152,0.021070000000000002,0.0,1,0.063,0.105,0.195,0.018,0.104,0.01185,0.0,44293.858804,42842.240941,4,21207.787715,20146.118791,0,0.0,0.0,0.0,0.0,0.0,0.0,2000.0,1205.16,16199.059,7.44
36,2026-04-02T22:46:59.821331,2026-04-02T22:49:05.811063,125989.617,1,0.059,0.1,0.181,0.019,0.1015,0.013529999999999999,0.0,3,0.043,0.147,0.238,0.023,0.1485,0.0158,0.0,1,0.062,0.136,1.458,0.186,0.102,0.06554,0.0,43416.638848,43210.932196,144,20199.881385,19553.68219,4,0.0,0.0,0.0,0.26,0.0,0.26,2000.0,1226.586,16199.059,7.572
37,2026-04-02T22:49:07.812349,2026-04-02T22:51:08.845007,121032.431,1,0.062,0.107,0.388,0.032,0.106,0.014100000000000001,0.0,3,0.09,0.147,0.249,0.023,0.149,0.01713,0.0,1,0.063,0.103,0.19,0.017,0.1025,0.01103,0.0,43175.522061,42301.872078,57,21574.013248,20394.988895,684,0.0,0.0,0.0,0.26,0.0,0.26,2000.0,1225.973,16199.059,7.568
38,2026-04-02T22:51:10.848438,2026-04-02T22:53:12.023839,121175.203,1,0.035,0.108,0.576,0.052,0.1025,0.02009,0.0,3,0.039,0.151,0.415,0.042,0.1465,0.024909999999999998,0.0,1,0.053,0.108,0.393,0.035,0.106,0.01609,0.0,43983.685018,43800.397643,101,24608.961749,24494.13438,0,0.0,0.0,0.0,0.261,0.261,0.0,2000.0,1230.949,16199.059,7.599
39,2026-04-02T22:53:14.027476,2026-04-02T22:55:18.390335,124362.787,1,0.038,0.1,0.143,0.015,0.102,0.011239999999999998,0.0,3,0.029,0.178,1.505,0.209,0.1445,0.07181,0.0,1,0.047,0.107,0.226,0.021,0.106,0.01311,0.0,39669.294837,39499.36788,505,26142.833038,26019.799654,1952,0.0,0.0,0.0,0.519,0.26,0.26,2000.0,1206.828,16199.059,7.45
40,2026-04-02T22:55:20.393198,2026-04-02T22:57:22.120203,121726.81,1,0.02,0.1,0.285,0.029,0.1,0.016239999999999997,0.0,3,0.059,0.148,0.21,0.02,0.146,0.014,0.0,1,0.063,0.112,0.612,0.054,0.1055,0.01878,0.0,38658.180926,38463.390554,4,26038.282493,24155.692337,0,0.0,0.0,0.0,0.518,0.259,0.259,2000.0,1218.48,16199.059,7.522
41,2026-04-02T22:57:24.121388,2026-04-02T22:59:35.266671,131145.184,1,0.068,0.102,0.175,0.016,0.1025,0.012029999999999999,0.0,3,0.087,0.145,0.253,0.027,0.1455,0.018189999999999998,0.0,1,0.063,0.105,0.157,0.015,0.106,0.01097,0.0,42934.859798,42753.018946,3,24920.370456,23719.115934,1,0.0,0.0,0.0,0.521,0.0,0.521,2000.0,1215.41,16199.059,7.503
42,2026-04-02T22:59:37.270956,2026-04-02T23:01:41.414709,124143.284,1,0.064,0.102,0.192,0.017,0.1015,0.01202,0.0,3,0.065,0.236,8.755,0.857,0.146,0.17814,0.0,1,0.065,0.107,0.185,0.02,0.106,0.01408,0.0,42037.766793,41839.442739,51,25310.839519,25193.470031,1436,0.0,0.0,0.0,0.777,0.0,0.777,2000.0,1232.199,16199.059,7.607
43,2026-04-02T23:01:43.420556,2026-04-02T23:03:48.852927,125432.153,1,0.061,0.101,0.208,0.021,0.101,0.014139999999999998,0.0,3,0.034,0.154,0.732,0.071,0.149,0.025910000000000002,0.0,1,0.059,0.106,0.191,0.02,0.105,0.01276,0.0,37892.916566,35773.232691,48,25576.383247,24150.906201,1,0.0,0.0,0.0,0.777,0.0,0.777,2000.0,1219.809,16199.059,7.53
44,2026-04-02T23:03:50.858097,2026-04-02T23:05:49.342344,118484.067,1,0.064,0.101,0.206,0.018,0.103,0.011869999999999999,0.0,3,0.088,0.149,0.249,0.025,0.148,0.01756,0.0,1,0.068,0.107,0.412,0.033,0.106,0.013600000000000001,0.0,35434.950145,35286.962772,1664,25982.342523,25861.926888,1,0.0,0.0,0.0,0.261,0.0,0.261,2000.0,1232.551,16199.059,7.609
45,2026-04-02T23:05:51.345827,2026-04-02T23:07:56.959781,125613.752,1,0.015,0.134,3.449,0.333,0.1015,0.06885000000000001,0.0,3,0.093,0.153,0.421,0.042,0.148,0.024139999999999998,0.0,1,0.023,0.115,1.31,0.123,0.1025,0.03227000000000001,0.0,41872.415322,41704.335748,46,24430.513768,24326.334516,1221,0.0,0.0,0.0,0.522,0.0,0.522,2000.0,1213.602,16199.059,7.492
46,2026-04-02T23:07:58.964243,2026-04-02T23:10:10.426727,131462.264,1,0.063,0.106,0.65,0.056,0.1005,0.01698,0.0,3,0.094,0.151,0.254,0.022,0.153,0.014990000000000002,0.0,1,0.018,0.116,0.608,0.074,0.102,0.032580000000000005,0.0,42539.834993,36497.54338,147,20092.332534,18937.445974,0,0.0,0.0,0.0,0.521,0.0,0.521,2000.0,1224.977,16199.059,7.562
47,2026-04-02T23:10:12.427213,2026-04-02T23:12:16.767854,124340.417,1,0.062,0.101,0.165,0.015,0.0995,0.01053,0.0,3,0.064,0.15,0.332,0.029,0.151,0.017210000000000003,0.0,1,0.063,0.108,0.372,0.03,0.1045,0.01367,0.0,42357.687324,39233.395032,7,11412.407264,9870.2853,1384,0.0,0.0,0.0,0.519,0.26,0.26,2000.0,1216.91,16199.059,7.512
48,2026-04-02T23:12:18.772654,2026-04-02T23:14:27.860307,129087.474,1,0.024,0.232,3.864,0.627,0.1,0.25038,0.0,3,0.079,0.151,0.273,0.024,0.148,0.01627,0.0,1,0.064,0.105,0.205,0.015,0.105,0.010110000000000001,0.0,39137.120772,38964.497126,3,26954.107056,26844.872122,296,0.0,0.0,0.0,0.787,0.525,0.262,2000.0,1231.938,16199.059,7.605
49,2026-04-02T23:14:29.863752,2026-04-02T23:16:37.565344,127701.476,1,0.067,0.104,0.167,0.015,0.105,0.01067,0.0,3,0.086,0.15,0.267,0.023,0.148,0.014040000000000002,0.0,1,0.019,0.113,1.042,0.098,0.103,0.026570000000000003,0.0,42291.207117,35438.017417,834,20604.805792,20519.681943,660,0.0,0.0,0.0,0.26,0.0,0.26,2000.0,1211.605,16199.059,7.479
50,2026-04-02T23:16:39.569623,2026-04-02T23:18:41.930303,122360.556,1,0.024,0.103,0.169,0.019,0.1045,0.01242,0.0,3,0.039,0.151,0.573,0.048,0.152,0.01968,0.0,1,0.04,0.101,0.194,0.017,0.102,0.011259999999999997,0.0,39197.802022,35492.919597,5,20398.538537,19198.203622,360,0.0,0.0,0.0,0.519,0.0,0.519,2000.0,1224.906,16199.059,7.562
51,2026-04-02T23:18:43.933977,2026-04-02T23:20:53.178326,129244.256,1,0.062,0.102,0.264,0.022,0.101,0.012269999999999998,0.0,3,0.025,0.158,1.074,0.098,0.15,0.031040000000000005,0.0,1,0.061,0.103,0.222,0.019,0.103,0.011269999999999999,0.0,42515.964829,42333.906399,143,25242.566622,25137.25921,1252,0.0,0.0,0.0,0.0,0.0,0.0,2000.0,1206.039,16199.059,7.445
52,2026-04-02T23:20:55.179898,2026-04-02T23:22:57.299738,122119.752,1,0.065,0.103,0.408,0.034,0.101,0.013909999999999999,0.0,3,0.087,0.17,2.072,0.192,0.152,0.04485000000000001,0.0,1,0.056,0.102,0.189,0.02,0.1,0.012769999999999998,0.0,43429.573331,43225.726757,11,26450.155029,26328.389663,614,0.0,0.0,0.0,0.261,0.0,0.261,2000.0,1215.824,16199.059,7.506
53,2026-04-02T23:22:59.703974,2026-04-02T23:25:00.242817,120538.803,1,0.064,0.11,0.398,0.04,0.1045,0.017370000000000003,0.0,3,0.09,0.149,0.256,0.021,0.151,0.01422,0.0,1,0.031,0.108,0.194,0.021,0.109,0.01382,0.0,44072.891418,43886.624055,928,20876.755677,20780.617018,630,0.0,0.0,0.0,0.781,0.26,0.521,2000.0,1210.941,16199.059,7.475
54,2026-04-02T23:25:02.243852,2026-04-02T23:27:06.852239,124608.312,1,0.045,0.103,0.228,0.023,0.0995,0.015009999999999999,0.0,3,0.092,0.144,0.442,0.037,0.143,0.019579999999999997,0.0,1,0.029,0.105,0.257,0.025,0.102,0.01413,0.0,44281.413111,40071.789308,51,25617.886177,24190.456699,1,0.0,0.0,0.0,0.261,0.0,0.261,2000.0,1224.5,16199.059,7.559
55,2026-04-02T23:27:08.854596,2026-04-02T23:29:11.670220,122815.401,1,0.07,0.109,0.165,0.017,0.11,0.011620000000000002,0.0,3,0.077,0.158,0.272,0.031,0.156,0.019580000000000004,0.0,1,0.063,0.113,0.205,0.022,0.109,0.014650000000000002,0.0,43284.296153,40610.821975,12,27262.43893,27138.836083,0,0.0,0.0,0.0,0.779,0.0,0.779,2000.0,1214.594,16199.059,7.498
56,2026-04-02T23:29:13.674548,2026-04-02T23:31:17.329157,123654.341,1,0.046,0.111,0.246,0.026,0.11,0.015880000000000002,0.0,3,0.059,0.199,3.982,0.381,0.157,0.08117,0.0,1,0.068,0.111,0.205,0.018,0.109,0.01101,0.0,43999.798472,40570.700999,106,25813.69683,23860.223744,0,0.0,0.0,0.0,0.0,0.0,0.0,2000.0,1222.258,16199.059,7.545
57,2026-04-02T23:31:19.332390,2026-04-02T23:33:22.936005,123603.404,1,0.029,0.104,0.229,0.025,0.106,0.01607,0.0,3,0.092,0.163,0.352,0.031,0.16,0.01846,0.0,1,0.066,0.113,0.172,0.017,0.112,0.01094,0.0,42153.546639,38507.446581,7,26798.706807,24705.435626,10,0.0,0.0,0.0,0.781,0.0,0.781,2000.0,1217.398,16199.059,7.515
58,2026-04-02T23:33:24.938618,2026-04-02T23:35:26.312375,121373.629,1,0.066,0.115,0.227,0.027,0.11,0.016300000000000002,0.0,3,0.098,0.167,0.488,0.05,0.161,0.023690000000000003,0.0,1,0.065,0.115,0.417,0.035,0.11,0.014280000000000003,0.0,44481.44233,44290.220164,55,24961.259323,24844.594508,0,0.0,0.0,0.0,0.783,0.261,0.522,2000.0,1212.426,16199.059,7.485
59,2026-04-02T23:35:28.316031,2026-04-02T23:37:35.906444,127590.329,1,0.066,0.108,0.158,0.015,0.11,0.011160000000000002,0.0,3,0.091,0.155,0.238,0.026,0.157,0.01862,0.0,1,0.064,0.125,0.903,0.108,0.11,0.0346,0.0,42271.650335,42091.572697,51,26166.23211,26051.486753,711,0.0,0.0,0.0,0.522,0.0,0.522,2000.0,1220.516,16199.059,7.534
60,2026-04-02T23:37:37.911858,2026-04-02T23:39:37.274767,119362.788,1,0.062,0.109,0.261,0.025,0.108,0.013590000000000001,0.0,3,0.09,0.158,0.306,0.03,0.1565,0.019200000000000002,0.0,1,0.069,0.109,0.159,0.015,0.11,0.009820000000000002,0.0,43121.139219,42915.870699,8,19772.27199,17956.496217,397,0.0,0.0,0.0,0.524,0.262,0.262,2000.0,1224.605,16199.059,7.56
61,2026-04-02T23:39:39.279957,2026-04-02T23:41:40.600094,121319.858,1,0.046,0.108,0.293,0.026,0.1065,0.01412,0.0,3,0.088,0.156,0.332,0.031,0.157,0.018310000000000003,0.0,1,0.062,0.113,0.48,0.041,0.109,0.016470000000000002,0.0,43200.411031,39527.907657,4,27944.389209,27828.385981,0,0.0,0.0,0.0,0.261,0.0,0.261,2000.0,1219.469,16199.059,7.528
62,2026-04-02T23:41:42.602618,2026-04-02T23:43:41.393917,118791.227,1,0.059,0.109,0.199,0.018,0.11,0.012190000000000001,0.0,3,0.075,0.162,0.449,0.045,0.158,0.021380000000000007,0.0,1,0.061,0.109,0.207,0.017,0.109,0.01112,0.0,43990.48222,43792.764254,4,22335.621333,21772.717832,2529,0.0,0.0,0.0,0.262,0.0,0.262,2000.0,1234.895,16199.059,7.623
63,2026-04-02T23:43:43.395890,2026-04-02T23:45:42.643822,119247.714,1,0.065,0.111,0.214,0.023,0.1095,0.01293,0.0,3,0.046,0.159,0.491,0.04,0.16,0.018430000000000002,0.0,1,0.065,0.11,0.184,0.017,0.109,0.01128,0.0,42408.221829,42208.76612,2,20550.951083,19529.095272,2,0.0,0.0,0.0,0.261,0.0,0.261,2000.0,1218.348,16199.059,7.521
64,2026-04-02T23:45:44.651074,2026-04-02T23:47:48.892521,124241.235,1,0.068,0.113,0.2,0.02,0.1105,0.01353,0.0,3,0.029,0.156,0.249,0.027,0.156,0.01734,0.0,1,0.063,0.115,0.189,0.019,0.112,0.01339,0.0,41716.238884,41540.039801,51,27467.374158,27345.622064,1238,0.0,0.0,0.0,0.779,0.0,0.779,2000.0,1241.945,16199.059,7.667
65,2026-04-02T23:47:50.895276,2026-04-02T23:49:51.948246,121052.732,1,0.067,0.108,0.212,0.019,0.109,0.012020000000000001,0.0,3,0.093,0.157,0.374,0.03,0.1575,0.01686,0.0,1,0.062,0.114,0.219,0.023,0.11,0.014440000000000001,0.0,44161.174047,41867.466987,108,25396.622989,25293.954156,1487,0.0,0.0,0.0,0.525,0.0,0.525,2000.0,1226.758,16199.059,7.573
66,2026-04-02T23:49:53.950995,2026-04-02T23:51:54.370775,120419.225,1,0.051,0.11,0.204,0.019,0.108,0.011810000000000001,0.0,3,0.064,0.154,0.246,0.027,0.159,0.017550000000000003,0.0,1,0.065,0.17,5.713,0.557,0.111,0.11545000000000001,0.0,38599.861853,38444.579888,96,25727.696079,25568.202651,1281,0.0,0.0,0.0,0.262,0.0,0.262,2000.0,1224.668,16199.059,7.56
67,2026-04-02T23:51:56.371304,2026-04-02T23:53:59.672000,123300.606,1,0.073,0.111,0.28,0.024,0.109,0.013920000000000002,0.0,3,0.086,0.154,0.268,0.027,0.155,0.016890000000000002,0.0,1,0.016,0.106,0.215,0.024,0.1085,0.012690000000000002,0.0,43480.405296,43257.016646,9,28777.319389,28652.210338,45,0.0,0.0,0.0,0.525,0.262,0.262,2000.0,1226.109,16199.059,7.569
68,2026-04-02T23:54:01.675167,2026-04-02T23:56:01.815205,120139.853,1,0.063,0.152,4.41,0.428,0.107,0.08803,0.0,3,0.063,0.163,0.548,0.048,0.159,0.021720000000000003,0.0,1,0.063,0.112,0.214,0.02,0.11,0.012620000000000001,0.0,43944.037719,43756.670409,51,25396.960917,25279.539469,1,0.0,0.0,0.0,0.781,0.26,0.521,2000.0,1213.309,16199.059,7.49
69,2026-04-02T23:56:03.815553,2026-04-02T23:58:02.456535,118640.755,1,0.054,0.108,0.16,0.018,0.109,0.01197,0.0,3,0.093,0.162,0.352,0.033,0.157,0.017400000000000002,0.0,1,0.062,0.11,0.188,0.016,0.11,0.009490000000000002,0.0,42941.908255,42740.206175,848,24849.666355,24069.385304,450,0.0,0.0,0.0,0.261,0.0,0.261,2000.0,1212.184,16199.059,7.483
70,2026-04-02T23:58:04.459781,2026-04-03T00:00:08.360027,123900.035,1,0.069,0.11,0.265,0.025,0.109,0.01497,0.0,3,0.06,0.155,0.213,0.023,0.1555,0.015760000000000003,0.0,1,0.064,0.111,0.243,0.023,0.1095,0.013030000000000002,0.0,43745.380286,43569.686177,7,23829.835299,23721.209363,1612,0.0,0.0,0.0,0.262,0.262,0.0,2000.0,1236.801,16199.059,7.635
71,2026-04-03T00:00:10.362558,2026-04-03T00:02:14.943038,124580.374,1,0.059,0.105,0.154,0.016,0.1075,0.01165,0.0,3,0.031,0.181,2.389,0.223,0.16,0.04866999999999999,0.0,1,0.033,0.11,0.194,0.02,0.1105,0.01285,0.0,42533.986004,42352.676119,56,7136.359079,6677.621142,45,0.0,0.0,0.0,0.0,0.0,0.0,2000.0,1253.121,16199.059,7.736
72,2026-04-03T00:02:16.947896,2026-04-03T00:04:20.075752,123127.651,1,0.026,0.107,0.152,0.014,0.109,0.009240000000000002,0.0,3,0.033,0.158,0.38,0.041,0.158,0.023780000000000003,0.0,1,0.062,0.109,0.188,0.017,0.1095,0.01149,0.0,42321.074372,42139.698895,8,23348.179498,23248.244249,0,0.0,0.0,0.0,0.0,0.0,0.0,2000.0,1245.91,16199.059,7.691
73,2026-04-03T00:04:22.079189,2026-04-03T00:06:16.628926,114549.591,1,0.027,0.113,0.295,0.027,0.11,0.015230000000000002,0.0,3,0.092,0.156,0.547,0.047,0.1515,0.023350000000000003,0.0,1,0.062,0.114,0.358,0.03,0.1115,0.012950000000000001,0.0,37228.523173,35826.932003,2,,,,0.0,0.0,0.0,0.26,0.0,0.26,2000.0,1226.785,16199.059,7.573
74,2026-04-03T00:06:18.632050,2026-04-03T00:08:23.743771,125111.417,1,0.043,0.115,0.849,0.077,0.109,0.022810000000000004,0.0,3,0.079,0.162,0.287,0.032,0.16,0.018980000000000004,0.0,1,0.067,0.11,0.217,0.018,0.111,0.01047,0.0,39542.129869,38956.446266,0,26820.079991,25365.68546,1,0.0,0.0,0.0,0.522,0.0,0.522,2000.0,1217.844,16199.059,7.518
75,2026-04-03T00:08:25.746656,2026-04-03T00:10:26.468899,120721.343,1,0.062,0.114,0.86,0.076,0.108,0.019620000000000002,0.0,3,0.091,0.159,0.304,0.028,0.159,0.017190000000000004,0.0,1,0.064,0.108,0.147,0.012,0.11,0.008930000000000002,0.0,43356.276873,43167.596588,2,23599.294702,23503.938585,735,0.0,0.0,0.0,0.262,0.262,0.0,2000.0,1232.559,16199.059,7.609
76,2026-04-03T00:10:28.474278,2026-04-03T00:12:30.024831,121550.32,1,0.079,0.104,0.156,0.013,0.104,0.009080000000000001,0.0,3,0.09,0.161,0.255,0.022,0.159,0.014080000000000004,0.0,1,0.063,0.113,0.254,0.023,0.109,0.012730000000000002,0.0,42330.199167,38974.903793,776,22779.084654,21545.477617,2,0.0,0.0,0.0,1.05,0.525,0.525,2000.0,1220.23,16199.059,7.533
77,2026-04-03T00:12:32.028970,2026-04-03T00:14:37.168131,125138.948,1,0.055,0.111,0.359,0.033,0.1085,0.015690000000000003,0.0,3,0.093,0.159,0.354,0.027,0.159,0.01565,0.0,1,0.04,0.117,1.055,0.096,0.106,0.025830000000000006,0.0,44113.265882,43915.083302,7,25330.648549,23816.409966,0,0.0,0.0,0.0,0.529,0.0,0.529,2000.0,1232.832,16199.059,7.611
78,2026-04-03T00:14:39.170366,2026-04-03T00:16:39.538897,120368.291,1,0.029,0.107,0.238,0.021,0.1075,0.01122,0.0,3,0.039,0.163,0.45,0.046,0.1595,0.021660000000000002,0.0,1,0.049,0.11,0.224,0.019,0.11,0.010770000000000002,0.0,43946.566543,43723.886075,6,23514.765995,20545.644913,0,0.0,0.0,0.0,0.522,0.261,0.261,2000.0,1218.484,16199.059,7.522
79,2026-04-03T00:16:41.539248,2026-04-03T00:18:48.201947,126662.471,1,0.062,0.107,0.183,0.019,0.108,0.012450000000000001,0.0,3,0.088,0.16,0.295,0.033,0.157,0.020470000000000002,0.0,1,0.067,0.108,0.195,0.017,0.107,0.010780000000000001,0.0,42242.049877,41843.071724,51,8986.977981,8421.858614,7,0.0,0.0,0.0,0.521,0.0,0.521,2000.0,1232.738,16199.059,7.61
80,2026-04-03T00:18:50.203349,2026-04-03T00:20:52.143055,121939.457,1,0.066,0.109,0.172,0.016,0.109,0.010910000000000001,0.0,3,0.054,0.159,0.259,0.027,0.158,0.0164,0.0,1,0.039,0.11,0.198,0.022,0.11,0.012550000000000002,0.0,35849.526723,35694.468981,102,26160.275178,26040.896979,137,0.0,0.0,0.0,0.262,0.0,0.262,2000.0,1230.176,16199.059,7.594
81,2026-04-03T00:20:54.143384,2026-04-03T00:22:59.762656,125619.113,1,0.059,0.107,0.211,0.017,0.108,0.01046,0.0,3,0.09,0.163,0.261,0.024,0.161,0.016270000000000003,0.0,1,0.069,0.11,0.224,0.019,0.11,0.011080000000000001,0.0,43750.627522,43569.744024,313,24712.117418,24606.461625,1063,0.0,0.0,0.0,1.305,0.522,0.783,2000.0,1243.898,16199.059,7.679
82,2026-04-03T00:23:01.765194,2026-04-03T00:25:03.384426,121619.027,1,0.063,0.109,0.271,0.023,0.109,0.012250000000000002,0.0,3,0.109,0.169,0.775,0.066,0.16,0.024780000000000003,0.0,1,0.063,0.112,0.242,0.022,0.1095,0.01293,0.0,43788.655148,43601.55543,14,27239.106765,27108.327292,0,0.0,0.0,0.0,0.261,0.0,0.261,2000.0,1241.066,16199.059,7.661
83,2026-04-03T00:25:05.387197,2026-04-03T00:27:13.796980,128409.617,1,0.042,0.115,0.435,0.049,0.11,0.018540000000000004,0.0,3,0.093,0.164,0.468,0.041,0.1615,0.020530000000000003,0.0,1,0.017,0.109,0.209,0.022,0.1085,0.012100000000000001,0.0,42893.473796,38915.047534,3,18740.80807,17060.404755,3,0.0,0.0,0.0,0.262,0.0,0.262,2000.0,1223.363,16199.059,7.552
84,2026-04-03T00:27:15.801020,2026-04-03T00:29:14.558453,118757.217,1,0.059,0.116,0.425,0.046,0.11,0.018940000000000002,0.0,3,0.08,0.162,0.28,0.03,0.16,0.018550000000000004,0.0,1,0.036,0.112,0.209,0.022,0.109,0.013410000000000002,0.0,41482.498496,41308.495895,3,26346.328248,26238.081588,1099,0.0,0.0,0.0,0.26,0.0,0.26,2000.0,1235.711,16199.059,7.628
85,2026-04-03T00:29:16.562802,2026-04-03T00:31:19.964804,123401.93,1,0.037,0.107,0.206,0.022,0.106,0.01395,0.0,3,0.093,0.162,0.539,0.046,0.157,0.021750000000000002,0.0,1,0.063,0.111,0.251,0.021,0.109,0.011690000000000002,0.0,41944.193408,41760.588304,60,24772.899928,24669.111349,1,0.0,0.0,0.0,0.0,0.0,0.0,2000.0,1227.605,16199.059,7.578
86,2026-04-03T00:31:21.966882,2026-04-03T00:33:29.627764,127660.804,1,0.028,0.14,2.644,0.255,0.1105,0.060730000000000006,0.0,3,0.093,0.159,0.459,0.036,0.159,0.016990000000000005,0.0,1,0.063,0.113,0.214,0.019,0.1105,0.011480000000000002,0.0,38602.36764,33599.052566,157,25089.045509,23760.138895,2,0.0,0.0,0.0,3.395,2.16,1.235,2000.0,1228.805,16199.059,7.586
87,2026-04-03T00:33:31.630731,2026-04-03T00:35:32.908882,121277.528,1,0.068,0.109,0.276,0.024,0.108,0.013470000000000001,0.0,3,0.09,0.161,0.24,0.023,0.159,0.01614,0.0,1,0.069,0.108,0.188,0.016,0.108,0.01042,0.0,44213.831163,43436.422229,676,25179.743636,25072.379872,1,0.0,0.0,0.0,0.26,0.0,0.26,2000.0,1225.004,16199.059,7.562
88,2026-04-03T00:35:34.911128,2026-04-03T00:37:41.877324,126965.997,1,0.063,0.112,0.268,0.03,0.109,0.015540000000000003,0.0,3,0.083,0.155,0.223,0.024,0.159,0.016850000000000004,0.0,1,0.018,0.11,0.465,0.042,0.11,0.017410000000000002,0.0,42836.591098,39253.332317,5,25510.471317,24092.722324,55,0.0,0.0,0.0,0.0,0.0,0.0,2000.0,1243.457,16199.059,7.676
89,2026-04-03T00:37:43.884207,2026-04-03T00:39:46.940001,123055.592,1,0.063,0.108,0.177,0.018,0.109,0.012300000000000002,0.0,3,0.111,0.161,0.432,0.034,0.158,0.017040000000000003,0.0,1,0.06,0.115,0.237,0.024,0.1115,0.014790000000000001,0.0,43339.807497,39766.764322,51,24940.528425,23559.772995,0,0.0,0.0,0.0,0.522,0.261,0.261,2000.0,1219.57,16199.059,7.529
90,2026-04-03T00:39:48.940330,2026-04-03T00:41:54.175816,125235.38,1,0.017,0.174,3.967,0.459,0.11,0.12772999999999998,0.0,3,0.095,0.157,0.218,0.019,0.157,0.012400000000000003,0.0,1,0.09,0.115,0.301,0.025,0.111,0.012250000000000002,0.0,19425.022983,19337.257377,2,25783.040691,23683.490083,0,0.0,0.0,0.0,0.0,0.0,0.0,2000.0,1236.758,16199.059,7.635
91,2026-04-03T00:41:56.178900,2026-04-03T00:44:03.478463,127299.061,1,0.068,0.11,0.267,0.026,0.108,0.014530000000000001,0.0,3,0.094,0.159,0.228,0.023,0.16,0.015040000000000003,0.0,1,0.023,0.105,0.147,0.015,0.108,0.009880000000000002,0.0,41297.9634,41101.112591,2,24678.031332,24561.214255,2,0.0,0.0,0.0,0.0,0.0,0.0,2000.0,1217.801,16199.059,7.518
92,2026-04-03T00:44:05.479803,2026-04-03T00:46:05.067768,119587.777,1,0.037,0.11,0.319,0.031,0.109,0.015430000000000001,0.0,3,0.06,0.158,0.266,0.023,0.158,0.013720000000000003,0.0,1,0.061,0.112,0.185,0.019,0.109,0.011920000000000002,0.0,41734.428673,41549.727908,51,20271.45332,19467.565017,49,0.0,0.0,0.0,0.781,0.0,0.781,2000.0,1231.367,16199.059,7.601
93,2026-04-03T00:46:07.068091,2026-04-03T00:48:10.828257,123759.909,1,0.074,0.113,0.212,0.02,0.11,0.013760000000000001,0.0,3,0.091,0.158,0.279,0.027,0.1545,0.017680000000000005,0.0,1,0.035,0.106,0.152,0.015,0.1095,0.010510000000000002,0.0,46019.290768,42796.388337,146,5252.398598,3603.534229,2,0.0,0.0,0.0,0.781,0.26,0.521,2000.0,1231.633,16199.059,7.603
94,2026-04-03T00:48:12.833961,2026-04-03T00:50:11.298158,118463.967,1,0.063,0.11,0.2,0.018,0.1095,0.011550000000000001,0.0,3,0.084,0.163,0.269,0.026,0.162,0.0172,0.0,1,0.041,0.111,0.438,0.036,0.108,0.013710000000000002,0.0,42791.731847,42613.305818,3,26713.442036,26600.014594,1439,0.0,0.0,0.0,0.783,0.261,0.522,2000.0,1223.094,16199.059,7.55
95,2026-04-03T00:50:13.302022,2026-04-03T00:52:18.520557,125218.267,1,0.061,0.124,0.59,0.079,0.11,0.03381,0.0,3,0.09,0.175,1.318,0.117,0.1625,0.03332999999999999,0.0,1,0.075,0.112,0.187,0.019,0.11,0.01322,0.0,39751.874899,39582.325398,476,25739.003839,24286.367965,0,0.0,0.0,0.0,0.519,0.0,0.519,2000.0,1224.684,16199.059,7.56
96,2026-04-03T00:52:20.528100,2026-04-03T00:54:19.252896,118724.57,1,0.038,0.113,0.385,0.034,0.111,0.01704,0.0,3,0.068,0.158,0.219,0.022,0.1605,0.015250000000000003,0.0,1,0.06,0.111,0.429,0.036,0.1085,0.014490000000000001,0.0,40973.655897,40008.892402,48,28022.286163,27895.106828,218,0.0,0.0,0.0,0.664,0.0,0.664,2000.0,1224.168,16199.059,7.557
97,2026-04-03T00:54:21.254532,2026-04-03T00:56:22.347184,121092.479,1,0.06,0.105,0.191,0.018,0.105,0.01173,0.0,3,0.083,0.159,0.327,0.033,0.157,0.020520000000000004,0.0,1,0.062,0.109,0.19,0.019,0.1075,0.013380000000000001,0.0,46645.497544,43821.683502,5,25366.51982,25245.631274,1,0.0,0.0,0.0,0.524,0.0,0.524,2000.0,1212.332,16199.059,7.484
98,2026-04-03T00:56:24.348500,2026-04-03T00:58:29.268916,124920.337,1,0.015,0.15,3.041,0.311,0.11,0.08338999999999999,0.0,3,0.091,0.163,0.279,0.027,0.161,0.017290000000000003,0.0,1,0.065,0.109,0.152,0.013,0.111,0.009340000000000001,0.0,43794.593105,43603.685883,7,24714.103455,24612.21034,320,0.0,0.0,0.0,4.861,2.778,2.083,2000.0,1221.859,16199.059,7.543
99,2026-04-03T00:58:31.269594,2026-04-03T01:00:40.579551,129309.936,1,0.05,0.112,0.352,0.034,0.109,0.014230000000000001,0.0,3,0.093,0.16,0.267,0.027,0.16,0.01785,0.0,1,0.016,0.206,6.102,0.701,0.109,0.19029,0.0,42328.406182,42144.74109,189,25380.708829,25275.781135,1569,0.0,0.0,0.0,0.261,0.261,0.0,2000.0,1236.422,16199.059,7.633
100,2026-04-03T01:00:42.582987,2026-04-03T01:02:45.918584,123335.042,1,0.062,0.109,0.187,0.016,0.109,0.010090000000000002,0.0,3,0.088,0.174,0.503,0.067,0.161,0.03429999999999999,0.0,1,0.046,0.11,0.292,0.027,0.109,0.014480000000000002,0.0,42468.737158,42290.500013,50,25415.694067,25309.811023,0,0.0,0.0,0.0,0.521,0.0,0.521,2000.0,1239.934,16199.059,7.654
101,2026-04-03T01:02:47.924433,2026-04-03T01:04:54.818270,126893.622,1,0.017,0.133,1.73,0.196,0.1085,0.058570000000000004,0.0,3,0.091,0.165,0.496,0.039,0.159,0.01786,0.0,1,0.063,0.113,0.404,0.033,0.1095,0.014020000000000001,0.0,23398.526317,23307.754055,250,25098.612232,24989.832039,0,0.0,0.0,0.0,0.521,0.26,0.26,2000.0,1231.965,16199.059,7.605
102,2026-04-03T01:04:56.821416,2026-04-03T01:07:00.884183,124062.546,1,0.045,0.104,0.155,0.017,0.1075,0.012660000000000001,0.0,3,0.06,0.161,0.572,0.047,0.158,0.019590000000000003,0.0,1,0.025,0.121,1.332,0.124,0.109,0.03157,0.0,42189.740302,42011.974052,108,25757.150747,23678.047521,0,0.0,0.0,0.0,0.787,0.262,0.525,2000.0,1237.258,16199.059,7.638
103,2026-04-03T01:07:02.886930,2026-04-03T01:09:09.035830,126148.821,1,0.049,0.112,0.374,0.034,0.109,0.016280000000000003,0.0,3,0.094,0.161,0.237,0.022,0.162,0.014900000000000004,0.0,1,0.018,0.123,1.598,0.149,0.11,0.03471,0.0,43271.379498,43086.874734,4,20570.027907,20489.505336,0,0.0,0.0,0.0,0.521,0.0,0.521,2000.0,1240.254,16199.059,7.656
104,2026-04-03T01:09:11.039783,2026-04-03T01:11:11.869326,120829.459,1,0.062,0.112,0.27,0.026,0.109,0.013280000000000004,0.0,3,0.035,0.16,0.427,0.037,0.159,0.018090000000000005,0.0,1,0.071,0.114,0.407,0.033,0.111,0.013370000000000002,0.0,42285.877724,42111.010295,2,25340.188656,25234.527238,1,0.0,0.0,0.0,0.779,0.26,0.519,2000.0,1234.148,16199.059,7.619
105,2026-04-03T01:11:13.872712,2026-04-03T01:13:13.448232,119575.282,1,0.065,0.106,0.225,0.02,0.1055,0.01268,0.0,3,0.089,0.157,0.249,0.025,0.157,0.016250000000000004,0.0,1,0.049,0.112,0.243,0.027,0.109,0.01616,0.0,37683.264552,35667.052129,4,26063.830706,25939.763781,238,0.0,0.0,0.0,0.261,0.0,0.261,2000.0,1218.266,16199.059,7.521
106,2026-04-03T01:13:15.452313,2026-04-03T01:15:17.089692,121637.17,1,0.054,0.113,0.657,0.057,0.109,0.016540000000000003,0.0,3,0.099,0.167,0.514,0.043,0.161,0.020070000000000005,0.0,1,0.05,0.109,0.163,0.017,0.11,0.011570000000000002,0.0,44891.806527,42627.599848,49,25468.462497,23983.900613,2103,0.0,0.0,0.0,0.521,0.0,0.521,2000.0,1219.672,16199.059,7.529
107,2026-04-03T01:15:19.094325,2026-04-03T01:17:24.399228,125304.675,1,0.024,0.131,2.584,0.247,0.108,0.051500000000000004,0.0,3,0.089,0.162,0.272,0.025,0.159,0.016530000000000003,0.0,1,0.064,0.112,0.214,0.02,0.11,0.012020000000000001,0.0,44026.867416,42138.674474,3,25377.446021,25270.967598,165,0.0,0.0,0.0,2.344,1.172,1.172,2000.0,1226.852,16199.059,7.574
108,2026-04-03T01:17:26.403755,2026-04-03T01:19:38.142210,131738.262,1,0.017,0.139,2.526,0.258,0.1075,0.0685,0.0,3,0.06,0.156,0.268,0.026,0.158,0.015960000000000002,0.0,1,0.021,0.12,0.664,0.071,0.111,0.027149999999999997,0.0,44143.603732,43936.95749,3,22720.567602,21155.009704,0,0.0,0.0,0.0,0.0,0.0,0.0,2000.0,1222.945,16199.059,7.549
109,2026-04-03T01:19:40.147027,2026-04-03T01:21:45.216419,125069.245,1,0.058,0.109,0.195,0.02,0.108,0.011830000000000002,0.0,3,0.093,0.161,0.542,0.047,0.156,0.021790000000000004,0.0,1,0.058,0.11,0.208,0.02,0.11,0.012260000000000002,0.0,41776.826071,39602.836599,6,24617.701717,24516.229747,388,0.0,0.0,0.0,0.521,0.0,0.521,2000.0,1240.102,16199.059,7.655
110,2026-04-03T01:21:47.219351,2026-04-03T01:23:53.528442,126308.877,1,0.063,0.113,0.191,0.018,0.111,0.011760000000000001,0.0,3,0.091,0.159,0.227,0.023,0.1585,0.016200000000000003,0.0,1,0.064,0.11,0.26,0.021,0.11,0.012150000000000001,0.0,35368.219618,32682.122697,25,25954.036479,24511.068797,2,0.0,0.0,0.0,0.0,0.0,0.0,2000.0,1233.176,16199.059,7.613
111,2026-04-03T01:23:55.531887,2026-04-03T01:25:57.216548,121684.431,1,0.061,0.107,0.305,0.026,0.1075,0.014410000000000001,0.0,3,0.058,0.154,0.243,0.028,0.1565,0.019610000000000002,0.0,1,0.065,0.108,0.192,0.016,0.107,0.010190000000000001,0.0,43630.816109,40062.841425,99,24597.331006,24494.417111,0,0.0,0.0,0.0,0.522,0.261,0.261,2000.0,1236.473,16199.059,7.633
112,2026-04-03T01:25:59.218715,2026-04-03T01:28:01.872351,122653.512,1,0.035,0.107,0.17,0.018,0.109,0.011960000000000002,0.0,3,0.078,0.15,0.271,0.028,0.1535,0.019780000000000002,0.0,1,0.065,0.111,0.189,0.02,0.11,0.011800000000000001,0.0,42206.272065,39207.385376,11,22715.488746,21425.628731,1,0.0,0.0,0.0,1.042,0.0,1.042,2000.0,1214.16,16199.059,7.495
113,2026-04-03T01:28:03.876639,2026-04-03T01:30:12.983998,129107.139,1,0.041,0.108,0.364,0.029,0.108,0.011600000000000001,0.0,3,0.091,0.172,0.481,0.062,0.159,0.03079999999999999,0.0,1,0.054,0.147,2.382,0.243,0.111,0.07093999999999999,0.0,42919.829598,39954.865626,484,12230.4119,11568.099299,174,0.0,0.0,0.0,0.519,0.0,0.519,2000.0,1231.207,16199.059,7.6
114,2026-04-03T01:30:14.987886,2026-04-03T01:32:21.339921,126351.961,1,0.063,0.108,0.18,0.018,0.108,0.01163,0.0,3,0.089,0.17,0.495,0.051,0.16,0.025670000000000005,0.0,1,0.064,0.109,0.156,0.014,0.11,0.009720000000000001,0.0,43559.673733,40205.177231,98,24890.854695,24785.440358,46,0.0,0.0,0.0,0.522,0.0,0.522,2000.0,1226.973,16199.059,7.574
115,2026-04-03T01:32:23.342166,2026-04-03T01:34:24.275823,120933.534,1,0.065,0.105,0.217,0.019,0.107,0.01347,0.0,3,0.069,0.157,0.354,0.036,0.157,0.02291,0.0,1,0.065,0.108,0.236,0.019,0.109,0.011000000000000001,0.0,25536.838592,23751.392585,106,23964.060752,22704.51275,428,0.0,0.0,0.0,0.783,0.0,0.783,2000.0,1225.844,16199.059,7.567
116,2026-04-03T01:34:26.278775,2026-04-03T01:36:25.538051,119259.193,1,0.064,0.106,0.159,0.015,0.109,0.010600000000000002,0.0,3,0.039,0.158,0.223,0.026,0.158,0.018160000000000003,0.0,1,0.056,0.112,0.204,0.023,0.109,0.014510000000000002,0.0,42493.775096,42175.127041,105,25861.683958,25753.189978,0,0.0,0.0,0.0,0.0,0.0,0.0,2000.0,1227.941,16199.059,7.58
117,2026-04-03T01:36:27.541019,2026-04-03T01:38:29.851797,122310.601,1,0.027,0.09,0.148,0.023,0.085,0.020839999999999997,0.0,3,0.064,0.147,0.321,0.031,0.139,0.022069999999999996,0.0,1,0.065,0.103,0.154,0.017,0.104,0.0133,0.0,42913.712397,42725.04898,547,26230.379348,26123.177561,0,0.0,0.0,0.0,1.562,0.521,1.042,2000.0,1235.051,16199.059,7.624
118,2026-04-03T01:38:31.854320,2026-04-03T01:40:40.344399,128489.979,1,0.037,0.108,0.439,0.038,0.1075,0.014710000000000003,0.0,3,0.059,0.165,1.294,0.115,0.157,0.028730000000000006,0.0,1,0.063,0.115,0.467,0.042,0.109,0.017420000000000005,0.0,43176.233851,42971.952399,4,28134.218035,27618.925018,719,0.0,0.0,0.0,0.524,0.0,0.524,2000.0,1221.613,16199.059,7.541
119,2026-04-03T01:40:42.346821,2026-04-03T01:42:48.036365,125689.476,1,0.063,0.109,0.214,0.02,0.1095,0.012440000000000001,0.0,3,0.028,0.22,6.256,0.607,0.161,0.12318,0.0,1,0.064,0.112,0.275,0.023,0.1095,0.013330000000000002,0.0,41954.934851,40532.41237,2,24427.851444,24323.966912,1223,0.0,0.0,0.0,0.262,0.0,0.262,2000.0,1237.402,16199.059,7.639
120,2026-04-03T01:42:50.039338,2026-04-03T01:44:57.602696,127563.082,1,0.015,0.146,3.015,0.304,0.107,0.08675,0.0,3,0.096,0.156,0.222,0.02,0.158,0.013160000000000003,0.0,1,0.043,0.111,0.183,0.019,0.11,0.01263,0.0,43351.875284,43182.453788,57,24829.284588,22857.488433,0,0.0,0.0,0.0,0.0,0.0,0.0,2000.0,1234.902,16199.059,7.623
121,2026-04-03T01:45:00.494719,2026-04-03T01:47:04.492670,123997.493,1,0.064,0.103,0.15,0.017,0.1075,0.012990000000000002,0.0,3,0.09,0.158,0.263,0.025,0.159,0.015930000000000003,0.0,1,0.024,0.111,0.211,0.026,0.109,0.01593,0.0,43412.896098,39830.840221,54,23736.377548,23630.85944,267,0.0,0.0,0.0,0.522,0.261,0.261,2000.0,1236.645,16199.059,7.634
122,2026-04-03T01:47:06.498958,2026-04-03T01:49:05.086155,118586.964,1,0.035,0.107,0.23,0.021,0.109,0.012870000000000001,0.0,3,0.094,0.159,0.347,0.033,0.157,0.022420000000000002,0.0,1,0.067,0.108,0.155,0.014,0.11,0.010490000000000001,0.0,42103.131222,41923.51628,2,17251.597316,16977.682108,2,0.0,0.0,0.0,0.0,0.0,0.0,2000.0,1225.09,16199.059,7.563
123,2026-04-03T01:49:07.089210,2026-04-03T01:51:15.368025,128278.593,1,0.06,0.107,0.204,0.018,0.109,0.011910000000000002,0.0,3,0.099,0.168,0.607,0.059,0.158,0.026420000000000006,0.0,1,0.063,0.111,0.423,0.034,0.109,0.012830000000000001,0.0,42165.153255,41981.551808,12,23723.29895,21915.387909,1953,0.0,0.0,0.0,0.521,0.0,0.521,2000.0,1217.574,16199.059,7.516
124,2026-04-03T01:51:17.373422,2026-04-03T01:53:20.622527,123249.023,1,0.071,0.148,4.285,0.416,0.108,0.08313999999999999,0.0,3,0.091,0.157,0.307,0.028,0.158,0.017120000000000003,0.0,1,0.042,0.11,0.224,0.02,0.1105,0.012820000000000002,0.0,25314.092303,23148.044451,3,26029.343052,24565.641523,525,0.0,0.0,0.0,0.0,0.0,0.0,2000.0,1248.777,16199.059,7.709
125,2026-04-03T01:53:22.623627,2026-04-03T01:55:26.304088,123680.376,1,0.016,0.119,0.875,0.087,0.108,0.029919999999999995,0.0,3,0.058,0.155,0.491,0.042,0.155,0.019010000000000003,0.0,1,0.038,0.109,0.334,0.027,0.109,0.011980000000000001,0.0,42338.571892,42161.816158,4,27058.335735,26942.746921,0,0.0,0.0,0.0,0.262,0.0,0.262,2000.0,1224.559,16199.059,7.559
126,2026-04-03T01:55:28.544287,2026-04-03T01:57:37.126567,128582.128,1,0.064,0.111,0.281,0.023,0.111,0.01259,0.0,3,0.088,0.155,0.323,0.027,0.155,0.016380000000000002,0.0,1,0.055,0.113,0.408,0.033,0.1115,0.013260000000000001,0.0,42822.127848,42620.213298,6,24697.314456,24592.71048,249,0.0,0.0,0.0,0.0,0.0,0.0,2000.0,1232.977,16199.059,7.611
127,2026-04-03T01:57:39.130842,2026-04-03T01:59:45.552380,126421.286,1,0.067,0.107,0.184,0.017,0.1085,0.011170000000000001,0.0,3,0.098,0.16,0.302,0.028,0.158,0.018390000000000004,0.0,1,0.063,0.112,0.435,0.035,0.109,0.014320000000000001,0.0,43798.136707,43550.896776,55,25261.070115,25157.350394,1,0.0,0.0,0.0,0.262,0.0,0.262,2000.0,1221.266,16199.059,7.539
128,2026-04-03T01:59:47.555839,2026-04-03T02:01:50.712929,123157.008,1,0.016,0.106,0.193,0.023,0.1065,0.014750000000000001,0.0,3,0.093,0.163,0.369,0.034,0.157,0.020230000000000005,0.0,1,0.031,0.113,0.283,0.029,0.1075,0.01686,0.0,42886.671349,42709.267796,10,25546.330934,25424.800041,947,0.0,0.0,0.0,0.261,0.0,0.261,2000.0,1226.031,16199.059,7.569
129,2026-04-03T02:01:52.715857,2026-04-03T02:03:56.291999,123575.951,1,0.021,0.133,2.962,0.284,0.109,0.05808000000000001,0.0,3,0.097,0.158,0.234,0.023,0.1565,0.015610000000000004,0.0,1,0.063,0.109,0.351,0.027,0.109,0.01097,0.0,42621.414167,38809.161827,55,26002.908143,25896.9073,0,0.0,0.0,0.0,0.519,0.0,0.519,2000.0,1226.062,16199.059,7.569
130,2026-04-03T02:03:58.295248,2026-04-03T02:06:03.794948,125499.62,1,0.046,0.107,0.185,0.02,0.108,0.013430000000000001,0.0,3,0.083,0.16,0.317,0.037,0.1585,0.021900000000000003,0.0,1,0.018,0.111,0.269,0.029,0.11,0.01592,0.0,43055.329415,42882.112415,220,26128.128382,26013.35551,0,0.0,0.0,0.0,0.519,0.26,0.26,2000.0,1231.621,16199.059,7.603
131,2026-04-03T02:06:05.798905,2026-04-03T02:08:07.986702,122187.337,1,0.042,0.109,0.179,0.021,0.1085,0.01439,0.0,3,0.103,0.159,0.28,0.025,0.157,0.01607,0.0,1,0.018,0.107,0.157,0.019,0.108,0.013250000000000001,0.0,41904.216089,41728.64213,7,22222.530643,22132.463446,47,0.0,0.0,0.0,0.779,0.0,0.779,2000.0,1222.559,16199.059,7.547
132,2026-04-03T02:08:09.987221,2026-04-03T02:10:18.733611,128746.137,1,0.046,0.106,0.187,0.023,0.107,0.01631,0.0,3,0.033,0.176,1.334,0.127,0.161,0.04227999999999999,0.0,1,0.065,0.11,0.199,0.019,0.109,0.01174,0.0,43016.343057,39593.244994,9,22224.973944,20998.443524,0,0.0,0.0,0.0,0.261,0.0,0.261,2000.0,1229.426,16199.059,7.589
133,2026-04-03T02:10:20.737624,2026-04-03T02:12:22.506303,121768.481,1,0.058,0.111,0.244,0.025,0.109,0.015170000000000001,0.0,3,0.089,0.16,0.412,0.034,0.159,0.016850000000000004,0.0,1,0.061,0.115,0.816,0.071,0.1095,0.018670000000000003,0.0,30549.790141,28106.725493,94,28052.967789,27933.297749,822,0.0,0.0,0.0,0.0,0.0,0.0,2000.0,1244.281,16199.059,7.681
134,2026-04-03T02:12:24.643455,2026-04-03T02:14:29.651315,125007.821,1,0.017,0.111,0.445,0.042,0.109,0.017910000000000002,0.0,3,0.094,0.153,0.269,0.022,0.155,0.014800000000000002,0.0,1,0.039,0.108,0.206,0.022,0.108,0.013360000000000002,0.0,41984.33588,41806.056501,9,26444.581163,25468.7264,0,0.0,0.0,0.0,4.459,3.185,1.274,2000.0,1224.723,16199.059,7.56
135,2026-04-03T02:14:31.654660,2026-04-03T02:16:33.072587,121417.316,1,0.06,0.107,0.151,0.016,0.108,0.011430000000000001,0.0,3,0.091,0.155,0.261,0.024,0.156,0.015490000000000002,0.0,1,0.049,0.115,1.118,0.102,0.1065,0.025000000000000005,0.0,42014.220088,41838.665078,47,22847.324221,22748.233342,1500,0.0,0.0,0.0,0.262,0.0,0.262,2000.0,1240.336,16199.059,7.657
136,2026-04-03T02:16:35.079287,2026-04-03T02:18:44.135655,129056.109,1,0.066,0.107,0.188,0.019,0.104,0.01273,0.0,3,0.104,0.166,0.543,0.048,0.157,0.024420000000000004,0.0,1,0.045,0.109,0.186,0.018,0.11,0.011600000000000001,0.0,43751.439837,42672.480154,201,20829.485245,20733.318025,478,0.0,0.0,0.0,0.256,0.256,0.0,2000.0,1240.109,16199.059,7.655
137,2026-04-03T02:18:46.137487,2026-04-03T02:20:54.722397,128584.793,1,0.068,0.107,0.423,0.039,0.106,0.020050000000000002,0.0,3,0.093,0.159,0.254,0.026,0.16,0.017510000000000005,0.0,1,0.064,0.108,0.162,0.015,0.1095,0.010010000000000002,0.0,34068.736433,33934.933286,148,30540.350227,28742.552743,605,0.0,0.0,0.0,1.044,0.522,0.522,2000.0,1251.324,16199.059,7.725
138,2026-04-03T02:20:56.723879,2026-04-03T02:23:01.380751,124656.711,1,0.044,0.105,0.167,0.017,0.108,0.012310000000000001,0.0,3,0.074,0.157,0.245,0.025,0.158,0.016380000000000002,0.0,1,0.057,0.108,0.156,0.016,0.108,0.01054,0.0,42827.37432,42649.341667,48,25483.05835,25162.454511,0,0.0,0.0,0.0,0.522,0.0,0.522,2000.0,1233.766,16199.059,7.616
139,2026-04-03T02:23:03.384538,2026-04-03T02:25:04.198851,120814.008,1,0.04,0.105,0.256,0.022,0.109,0.012730000000000002,0.0,3,0.092,0.156,0.222,0.02,0.1585,0.014510000000000002,0.0,1,0.061,0.109,0.193,0.018,0.109,0.0105,0.0,41940.536087,41761.68059,57,24025.747907,23926.214142,1,0.0,0.0,0.0,0.781,0.26,0.521,2000.0,1259.855,16199.059,7.777
140,2026-04-03T02:25:06.204315,2026-04-03T02:27:09.695425,123490.836,1,0.037,0.11,0.22,0.024,0.109,0.013840000000000002,0.0,3,0.105,0.164,0.307,0.033,0.1595,0.02058,0.0,1,0.028,0.113,0.963,0.087,0.107,0.021120000000000003,0.0,41249.052659,41072.551237,580,24681.278227,24573.553137,543,0.0,0.0,0.0,0.26,0.0,0.26,2000.0,1229.902,16199.059,7.592
141,2026-04-03T02:27:11.696536,2026-04-03T02:29:13.415890,121719.045,1,0.063,0.108,0.172,0.016,0.108,0.01094,0.0,3,0.092,0.158,0.369,0.031,0.159,0.01921,0.0,1,0.04,0.111,0.209,0.025,0.108,0.01563,0.0,43859.095709,43672.999469,9,26442.459609,26318.572067,1683,0.0,0.0,0.0,0.781,0.521,0.26,2000.0,1234.297,16199.059,7.62
142,2026-04-03T02:29:15.418749,2026-04-03T02:31:20.877084,125458.264,1,0.07,0.108,0.421,0.034,0.107,0.012920000000000001,0.0,3,0.04,0.164,0.515,0.058,0.1585,0.028120000000000003,0.0,1,0.065,0.111,0.282,0.025,0.109,0.01285,0.0,42455.372699,42272.89091,53,25721.697019,24954.059933,0,0.0,0.0,0.0,0.261,0.0,0.261,2000.0,1226.902,16199.059,7.574
143,2026-04-03T02:31:22.879833,2026-04-03T02:33:29.761277,126881.347,1,0.044,0.111,0.429,0.042,0.109,0.017470000000000003,0.0,3,0.093,0.157,0.238,0.024,0.16,0.016260000000000004,0.0,1,0.043,0.108,0.169,0.017,0.109,0.011620000000000002,0.0,22559.941184,21601.924707,5,23470.60933,23371.003128,616,0.0,0.0,0.0,2.804,1.869,0.935,2000.0,1245.727,16199.059,7.69
144,2026-04-03T02:33:31.763774,2026-04-03T02:35:31.370753,119606.855,1,0.07,0.111,0.541,0.045,0.108,0.014280000000000003,0.0,3,0.091,0.162,0.469,0.038,0.1595,0.018650000000000003,0.0,1,0.043,0.108,0.26,0.025,0.1075,0.01535,0.0,44049.730691,43852.571437,52,25924.829698,24497.999266,502,0.0,0.0,0.0,0.261,0.0,0.261,2000.0,1229.238,16199.059,7.588
145,2026-04-03T02:35:33.375339,2026-04-03T02:37:34.597133,121221.703,1,0.079,0.108,0.214,0.018,0.107,0.01195,0.0,3,0.091,0.154,0.238,0.024,0.156,0.017120000000000003,0.0,1,0.066,0.107,0.164,0.014,0.1085,0.00869,0.0,42866.149598,42687.870826,96,25497.064379,25391.804144,47,0.0,0.0,0.0,0.0,0.0,0.0,2000.0,1236.086,16199.059,7.631
146,2026-04-03T02:37:36.601379,2026-04-03T02:39:49.323893,132722.308,1,0.067,0.107,0.285,0.032,0.105,0.01794,0.0,3,0.093,0.159,0.235,0.025,0.1575,0.018160000000000003,0.0,1,0.057,0.108,0.169,0.016,0.108,0.011340000000000001,0.0,44021.463768,40786.224047,3,12900.190422,5476.247641,0,0.0,0.0,0.0,0.261,0.261,0.0,2000.0,1234.559,16199.059,7.621
147,2026-04-03T02:39:51.328285,2026-04-03T02:41:57.477616,126149.106,1,0.018,0.124,1.141,0.137,0.106,0.04375,0.0,3,0.08,0.156,0.252,0.028,0.157,0.018930000000000002,0.0,1,0.024,0.11,0.203,0.02,0.111,0.01254,0.0,42284.389506,42108.988956,52,21793.766493,20885.610407,2,0.0,0.0,0.0,0.26,0.0,0.26,2000.0,1232.746,16199.059,7.61
148,2026-04-03T02:41:59.479536,2026-04-03T02:44:03.259918,123780.297,1,0.067,0.106,0.194,0.016,0.1065,0.009980000000000001,0.0,3,0.071,0.162,0.533,0.052,0.158,0.026310000000000004,0.0,1,0.036,0.117,1.012,0.092,0.108,0.025520000000000004,0.0,42076.369917,41879.727646,6,24634.44082,22913.19977,180,0.0,0.0,0.0,0.262,0.0,0.262,2000.0,1230.434,16199.059,7.596
149,2026-04-03T02:44:05.262687,2026-04-03T02:46:07.528893,122266.006,1,0.045,0.107,0.258,0.024,0.106,0.01413,0.0,3,0.095,0.161,0.469,0.041,0.157,0.022510000000000002,0.0,1,0.017,0.137,3.097,0.298,0.11,0.06087000000000001,0.0,44735.963316,44549.993439,4,24788.16808,24684.228438,1205,0.0,0.0,0.0,0.521,0.0,0.521,2000.0,1225.43,16199.059,7.565
150,2026-04-03T02:46:09.532213,2026-04-03T02:48:08.604880,119072.458,1,0.038,0.107,0.187,0.02,0.107,0.01322,0.0,3,0.1,0.155,0.241,0.024,0.1575,0.01793,0.0,1,0.069,0.11,0.241,0.023,0.109,0.012970000000000002,0.0,41965.940808,41785.16379,8,23441.958844,22397.395933,0,0.0,0.0,0.0,0.781,0.0,0.781,2000.0,1236.715,16199.059,7.634
151,2026-04-03T02:48:10.610599,2026-04-03T02:50:14.192377,123581.548,1,0.039,0.106,0.192,0.018,0.108,0.01169,0.0,3,0.042,0.151,0.249,0.024,0.1545,0.015750000000000004,0.0,1,0.068,0.109,0.163,0.014,0.11,0.010050000000000002,0.0,43150.692421,42942.656085,375,25271.433173,23648.357226,0,0.0,0.0,0.0,0.26,0.0,0.26,2000.0,1232.539,16199.059,7.609
152,2026-04-03T02:50:16.194881,2026-04-03T02:52:18.080410,121885.455,1,0.061,0.111,0.211,0.023,0.108,0.014300000000000002,0.0,3,0.03,0.157,0.335,0.029,0.1595,0.017600000000000005,0.0,1,0.063,0.113,0.243,0.023,0.11,0.014870000000000003,0.0,38100.85458,37940.525965,3,27169.86448,27070.94488,0,0.0,0.0,0.0,0.0,0.0,0.0,2000.0,1227.148,16199.059,7.575
153,2026-04-03T02:52:20.083807,2026-04-03T02:54:22.793876,122709.948,1,0.021,0.116,0.89,0.082,0.108,0.028150000000000005,0.0,3,0.095,0.16,0.288,0.028,0.159,0.01813,0.0,1,0.063,0.113,0.253,0.024,0.109,0.015160000000000002,0.0,35082.182293,34936.424953,5,25401.171673,24789.357259,0,0.0,0.0,0.0,1.042,0.521,0.521,2000.0,1226.535,16199.059,7.572
154,2026-04-03T02:54:24.796023,2026-04-03T02:56:27.612459,122816.261,1,0.066,0.109,0.334,0.03,0.108,0.01545,0.0,3,0.084,0.155,0.252,0.026,0.152,0.01861,0.0,1,0.065,0.13,2.179,0.206,0.1085,0.046130000000000004,0.0,38865.542491,38702.809004,105,26507.141378,26048.510233,956,0.0,0.0,0.0,0.262,0.0,0.262,2000.0,1231.496,16199.059,7.602
155,2026-04-03T02:56:29.615468,2026-04-03T02:58:29.578753,119963.201,1,0.058,0.106,0.187,0.019,0.1075,0.012780000000000001,0.0,3,0.082,0.163,0.544,0.043,0.1605,0.019180000000000003,0.0,1,0.062,0.111,0.196,0.018,0.1105,0.01118,0.0,42318.619507,38762.013622,11,28170.705475,28057.033597,3803,0.0,0.0,0.0,1.579,1.053,0.526,2000.0,1218.629,16199.059,7.523
156,2026-04-03T02:58:31.579943,2026-04-03T03:00:32.799972,121219.939,1,0.043,0.103,0.155,0.015,0.106,0.011170000000000001,0.0,3,0.093,0.163,0.412,0.034,0.161,0.018580000000000003,0.0,1,0.018,0.108,0.2,0.023,0.111,0.013880000000000002,0.0,44613.352791,44425.956905,1,23451.865315,23343.130357,0,0.0,0.0,0.0,0.262,0.0,0.262,2000.0,1231.406,16199.059,7.602
157,2026-04-03T03:00:34.803625,2026-04-03T03:02:34.582058,119778.356,1,0.065,0.108,0.302,0.026,0.105,0.014270000000000001,0.0,3,0.094,0.158,0.21,0.018,0.159,0.013250000000000003,0.0,1,0.063,0.115,0.741,0.065,0.11,0.0198,0.0,45479.079878,43134.072614,56,21466.294086,21374.944438,705,0.0,0.0,0.0,0.262,0.0,0.262,2000.0,1235.961,16199.059,7.63
158,2026-04-03T03:02:36.584555,2026-04-03T03:04:40.885870,124301.121,1,0.045,0.109,0.224,0.023,0.1095,0.011800000000000001,0.0,3,0.075,0.154,0.264,0.028,0.158,0.020560000000000002,0.0,1,0.064,0.115,0.41,0.044,0.1095,0.018050000000000004,0.0,44468.456944,40406.315554,9,19145.610307,19056.98988,2,0.0,0.0,0.0,0.781,0.0,0.781,2000.0,1229.945,16199.059,7.593
159,2026-04-03T03:04:42.889846,2026-04-03T03:06:43.716128,120826.034,1,0.073,0.107,0.238,0.022,0.107,0.012950000000000001,0.0,3,0.094,0.16,0.545,0.045,0.156,0.021530000000000004,0.0,1,0.062,0.108,0.248,0.023,0.106,0.01408,0.0,46291.540367,46073.832679,53,23546.664048,22757.411853,1278,0.0,0.0,0.0,0.519,0.0,0.519,2000.0,1229.441,16199.059,7.59
160,2026-04-03T03:06:45.718482,2026-04-03T03:08:47.642378,121923.674,1,0.042,0.108,0.339,0.028,0.107,0.01166,0.0,3,0.067,0.154,0.257,0.025,0.1575,0.01725,0.0,1,0.062,0.111,0.187,0.016,0.111,0.01051,0.0,39065.460952,35843.970112,494,26281.309126,24819.873934,135,0.0,0.0,0.0,0.262,0.0,0.262,2000.0,1226.91,16199.059,7.574
161,2026-04-03T03:08:49.645682,2026-04-03T03:10:40.216604,110570.876,1,0.02,0.105,0.199,0.022,0.1045,0.01414,0.0,3,0.063,0.161,0.279,0.034,0.16,0.02295,0.0,1,0.064,0.111,0.213,0.02,0.11,0.013550000000000001,0.0,43448.417135,40463.847509,3,,,,0.0,0.0,0.0,0.262,0.0,0.262,2000.0,1251.027,16199.059,7.723
162,2026-04-03T03:10:42.219942,2026-04-03T03:12:41.134163,118913.993,1,0.063,0.108,0.399,0.033,0.109,0.013900000000000001,0.0,3,0.039,0.158,0.283,0.033,0.1595,0.02014,0.0,1,0.043,0.107,0.183,0.018,0.107,0.011700000000000002,0.0,43006.733156,42842.306447,56,19544.817524,19460.974603,523,0.0,0.0,0.0,0.519,0.0,0.519,2000.0,1255.145,16199.059,7.748
163,2026-04-03T03:12:43.136234,2026-04-03T03:14:43.372781,120236.474,1,0.062,0.107,0.191,0.017,0.1085,0.012280000000000001,0.0,3,0.046,0.156,0.224,0.023,0.157,0.014790000000000003,0.0,1,0.061,0.109,0.209,0.02,0.108,0.01301,0.0,42336.73303,40201.316184,603,6653.065691,6624.805671,0,0.0,0.0,0.0,0.522,0.0,0.522,2000.0,1222.379,16199.059,7.546
164,2026-04-03T03:14:45.376072,2026-04-03T03:16:44.075934,118699.641,1,0.034,0.104,0.191,0.018,0.105,0.012260000000000002,0.0,3,0.095,0.152,0.296,0.026,0.155,0.01702,0.0,1,0.066,0.108,0.214,0.017,0.109,0.011110000000000002,0.0,41286.956182,40017.039234,12,26705.573257,26597.851754,0,0.0,0.0,0.0,0.262,0.0,0.262,2000.0,1229.297,16199.059,7.589
165,2026-04-03T03:16:46.078523,2026-04-03T03:18:46.895311,120816.664,1,0.066,0.109,0.265,0.027,0.1055,0.014810000000000002,0.0,3,0.093,0.161,0.497,0.044,0.157,0.02312,0.0,1,0.061,0.112,0.31,0.027,0.11,0.01382,0.0,41735.656683,41555.910099,2,23937.363311,22199.508951,0,0.0,0.0,0.0,0.783,0.261,0.522,2000.0,1232.32,16199.059,7.607
166,2026-04-03T03:18:48.895747,2026-04-03T03:20:38.855956,109960.134,1,0.04,0.114,0.411,0.046,0.108,0.02185,0.0,3,0.091,0.157,0.247,0.025,0.158,0.017220000000000003,0.0,1,0.067,0.108,0.157,0.015,0.109,0.010980000000000002,0.0,38028.898718,37878.84607,1,,,,0.0,0.0,0.0,0.521,0.26,0.26,2000.0,1258.965,16199.059,7.772
167,2026-04-03T03:20:40.861905,2026-04-03T03:22:48.141470,127279.371,1,0.053,0.108,0.227,0.023,0.107,0.01382,0.0,3,0.031,0.16,0.493,0.061,0.159,0.03202,0.0,1,0.038,0.106,0.149,0.017,0.109,0.012040000000000002,0.0,42961.319789,42303.434622,11,25987.837417,25865.68862,5,0.0,0.0,0.0,0.781,0.0,0.781,2000.0,1239.75,16199.059,7.653
168,2026-04-03T03:22:50.143668,2026-04-03T03:24:50.977514,120833.768,1,0.039,0.11,0.6,0.052,0.107,0.01699,0.0,3,0.07,0.155,0.483,0.041,0.1575,0.020510000000000004,0.0,1,0.041,0.107,0.217,0.019,0.109,0.011770000000000001,0.0,43514.347388,41502.994101,7,26601.465576,26484.551988,90,0.0,0.0,0.0,0.521,0.0,0.521,2000.0,1233.027,16199.059,7.612
169,2026-04-03T03:24:52.982890,2026-04-03T03:26:54.545252,121562.253,1,0.066,0.105,0.176,0.017,0.104,0.01233,0.0,3,0.096,0.159,0.342,0.031,0.156,0.019670000000000003,0.0,1,0.049,0.109,0.374,0.03,0.11,0.012400000000000001,0.0,38804.158552,36175.330055,228,24894.858221,24789.323058,102,0.0,0.0,0.0,0.259,0.259,0.0,2000.0,1230.414,16199.059,7.596
170,2026-04-03T03:26:56.549419,2026-04-03T03:29:04.707955,128158.321,1,0.071,0.107,0.228,0.022,0.107,0.01426,0.0,3,0.094,0.158,0.419,0.033,0.157,0.016980000000000002,0.0,1,0.037,0.111,0.28,0.03,0.108,0.0178,0.0,44396.906048,41385.818043,104,28512.301776,26910.853415,1660,0.0,0.0,0.0,0.522,0.0,0.522,2000.0,1232.645,16199.059,7.609
171,2026-04-03T03:29:06.711475,2026-04-03T03:31:15.920216,129208.662,1,0.039,0.105,0.191,0.019,0.107,0.01263,0.0,3,0.09,0.283,3.64,0.512,0.153,0.24106,0.0,1,0.065,0.107,0.18,0.017,0.108,0.01123,0.0,41585.883737,41386.735773,4,21999.984384,21892.571368,3,0.0,0.0,0.0,0.522,0.261,0.261,2000.0,1234.824,16199.059,7.623
172,2026-04-03T03:31:17.922538,2026-04-03T03:33:20.874127,122951.516,1,0.067,0.107,0.307,0.026,0.105,0.0137,0.0,3,0.092,0.156,0.217,0.024,0.157,0.016770000000000004,0.0,1,0.047,0.109,0.188,0.018,0.11,0.01186,0.0,40822.246414,40643.836162,15,23649.967116,23547.610882,0,0.0,0.0,0.0,0.262,0.262,0.0,2000.0,1238.531,16199.059,7.646
173,2026-04-03T03:33:22.882709,2026-04-03T03:35:36.127745,133244.786,1,0.064,0.102,0.145,0.015,0.1045,0.01207,0.0,3,0.092,0.164,0.513,0.045,0.1585,0.022500000000000003,0.0,1,0.038,0.109,0.209,0.022,0.108,0.013040000000000001,0.0,42746.443722,42565.145306,57,25661.767176,25552.5829,0,0.0,0.0,0.0,0.522,0.0,0.522,2000.0,1234.598,16199.059,7.621
174,2026-04-03T03:35:38.130708,2026-04-03T03:37:47.124757,128993.971,1,0.034,0.107,0.239,0.025,0.109,0.01434,0.0,3,0.077,0.159,0.489,0.042,0.157,0.020790000000000003,0.0,1,0.062,0.108,0.223,0.022,0.107,0.012050000000000002,0.0,42162.745975,41164.706676,52,23426.832854,23317.643102,494,0.0,0.0,0.0,1.044,0.261,0.783,2000.0,1239.348,16199.059,7.651
175,2026-04-03T03:37:49.127301,2026-04-03T03:39:49.529748,120402.371,1,0.063,0.107,0.245,0.024,0.105,0.012830000000000001,0.0,3,0.093,0.156,0.347,0.028,0.1575,0.015960000000000002,0.0,1,0.038,0.11,0.325,0.029,0.1085,0.013700000000000002,0.0,42327.581637,39543.196267,2,25033.94841,24928.953521,0,0.0,0.0,0.0,0.262,0.0,0.262,2000.0,1234.625,16199.059,7.622
176,2026-04-03T03:39:51.533232,2026-04-03T03:41:56.506334,124972.885,1,0.016,0.107,0.226,0.02,0.107,0.01213,0.0,3,0.079,0.158,0.289,0.034,0.158,0.02159,0.0,1,0.066,0.107,0.143,0.012,0.1105,0.009050000000000002,0.0,46224.728505,46027.575428,8,25205.059926,25095.48315,1,0.0,0.0,0.0,0.521,0.0,0.521,2000.0,1239.363,16199.059,7.651
177,2026-04-03T03:41:59.233368,2026-04-03T03:44:10.195757,130961.996,1,0.062,0.106,0.361,0.03,0.105,0.01448,0.0,3,0.093,0.163,0.711,0.068,0.1555,0.02884,0.0,1,0.019,0.121,1.14,0.117,0.1085,0.035059999999999994,0.0,41200.396466,38569.378442,511,24472.208689,24368.617404,2305,0.0,0.0,0.0,0.262,0.262,0.0,2000.0,1227.523,16199.059,7.578
178,2026-04-03T03:44:12.198659,2026-04-03T03:46:11.724248,119525.344,1,0.038,0.109,0.419,0.046,0.107,0.01821,0.0,3,0.068,0.161,0.655,0.069,0.154,0.02893,0.0,1,0.064,0.114,0.437,0.044,0.11,0.01666,0.0,40926.284622,39942.558684,57,20976.25945,19834.316185,0,0.0,0.0,0.0,1.55,0.258,1.292,2000.0,1221.457,16199.059,7.54
179,2026-04-03T03:46:13.726597,2026-04-03T03:48:17.159872,123433.184,1,0.064,0.11,0.37,0.033,0.11,0.016550000000000002,0.0,3,0.044,0.162,0.486,0.057,0.1565,0.026650000000000004,0.0,1,0.049,0.111,0.16,0.017,0.112,0.011640000000000001,0.0,42452.520578,42271.009409,61,26384.231585,24268.949722,7,0.0,0.0,0.0,0.522,0.261,0.261,2000.0,1231.133,16199.059,7.6
180,2026-04-03T03:48:19.165443,2026-04-03T03:50:19.503349,120337.692,1,0.069,0.124,1.629,0.155,0.107,0.03995,0.0,3,0.073,0.164,0.496,0.054,0.159,0.025250000000000005,0.0,1,0.047,0.109,0.223,0.02,0.109,0.01186,0.0,43769.3675,42827.950739,4,23671.742434,23571.82763,242,0.0,0.0,0.0,0.0,0.0,0.0,2000.0,1231.602,16199.059,7.603
181,2026-04-03T03:50:21.503686,2026-04-03T03:52:34.226510,132722.61,1,0.016,0.127,1.387,0.147,0.105,0.04829,0.0,3,0.065,0.16,0.297,0.029,0.157,0.01895,0.0,1,0.064,0.112,0.47,0.04,0.109,0.015380000000000001,0.0,41548.091411,41372.492148,12,23125.707822,22296.141906,454,0.0,0.0,0.0,0.261,0.0,0.261,2000.0,1238.824,16199.059,7.648
182,2026-04-03T03:52:36.230698,2026-04-03T03:54:38.265240,122033.923,1,0.031,0.104,0.172,0.019,0.106,0.01344,0.0,3,0.102,0.155,0.322,0.027,0.1575,0.01682,0.0,1,0.018,0.128,2.043,0.193,0.109,0.04212,0.0,41464.461785,41293.689553,3,22869.122398,21893.11447,1263,0.0,0.0,0.0,0.783,0.0,0.783,2000.0,1239.711,16199.059,7.653
183,2026-04-03T03:54:40.268543,2026-04-03T03:56:40.192019,119923.269,1,0.04,0.111,0.449,0.039,0.107,0.01593,0.0,3,0.087,0.193,2.018,0.228,0.1585,0.07472000000000001,0.0,1,0.041,0.104,0.157,0.017,0.107,0.011450000000000002,0.0,40592.230559,39196.877141,51,,,,0.0,0.0,0.0,0.262,0.0,0.262,2000.0,1241.668,16199.059,7.665
184,2026-04-03T03:56:42.195315,2026-04-03T03:58:41.838478,119642.906,1,0.069,0.116,0.999,0.09,0.1085,0.024080000000000004,0.0,3,0.091,0.158,0.314,0.026,0.158,0.014700000000000003,0.0,1,0.064,0.109,0.441,0.036,0.1085,0.013450000000000002,0.0,42060.738346,39207.118555,52,20036.95356,18910.197196,732,0.0,0.0,0.0,0.26,0.0,0.26,2000.0,1232.789,16199.059,7.61
185,2026-04-03T03:58:43.840055,2026-04-03T04:00:46.796312,122955.995,1,0.052,0.106,0.186,0.018,0.1085,0.012780000000000001,0.0,3,0.058,0.159,0.256,0.029,0.16,0.0188,0.0,1,0.036,0.11,0.199,0.018,0.1095,0.011380000000000001,0.0,42865.06246,40107.910244,7,23346.15009,23254.920045,458,0.0,0.0,0.0,0.783,0.522,0.261,2000.0,1239.734,16199.059,7.653
186,2026-04-03T04:00:48.798414,2026-04-03T04:02:45.487980,116689.359,1,0.066,0.11,0.41,0.035,0.1075,0.01545,0.0,3,0.091,0.152,0.267,0.025,0.1535,0.01708,0.0,1,0.061,0.108,0.284,0.024,0.107,0.013210000000000001,0.0,38546.305309,38386.23253,5,,,,0.0,0.0,0.0,0.526,0.0,0.526,2000.0,1227.914,16199.059,7.58
187,2026-04-03T04:02:47.490639,2026-04-03T04:04:54.136675,126645.547,1,0.063,0.111,0.476,0.042,0.108,0.016620000000000003,0.0,3,0.09,0.161,0.306,0.03,0.159,0.017770000000000005,0.0,1,0.06,0.109,0.159,0.016,0.111,0.012280000000000001,0.0,40780.071344,37349.235596,8,27930.606089,27799.738288,0,0.0,0.0,0.0,0.522,0.0,0.522,2000.0,1229.062,16199.059,7.587
188,2026-04-03T04:04:56.143957,2026-04-03T04:07:06.119894,129975.722,1,0.017,0.104,0.22,0.022,0.109,0.013490000000000002,0.0,3,0.091,0.157,0.301,0.029,0.158,0.01853,0.0,1,0.017,0.119,0.649,0.07,0.111,0.028359999999999996,0.0,43763.730778,39758.061062,4,5447.56578,4930.962113,0,0.0,0.0,0.0,0.524,0.0,0.524,2000.0,1234.668,16199.059,7.622
189,2026-04-03T04:07:08.122899,2026-04-03T04:09:10.694351,122570.979,1,0.048,0.108,0.19,0.019,0.1075,0.012690000000000002,0.0,3,0.03,0.177,1.708,0.161,0.158,0.04700999999999999,0.0,1,0.05,0.109,0.226,0.02,0.109,0.01149,0.0,42556.180345,42256.218259,5,24687.372158,24586.811732,1,0.0,0.0,0.0,0.263,0.0,0.263,2000.0,1227.191,16199.059,7.576
190,2026-04-03T04:09:12.698096,2026-04-03T04:11:18.568364,125870.008,1,0.019,0.11,0.211,0.025,0.109,0.015550000000000001,0.0,3,0.042,0.166,0.594,0.07,0.158,0.029920000000000006,0.0,1,0.064,0.112,0.434,0.035,0.11,0.013300000000000001,0.0,39295.82381,38112.942471,4,26523.355941,26396.410203,0,0.0,0.0,0.0,0.524,0.0,0.524,2000.0,1225.68,16199.059,7.566
191,2026-04-03T04:11:20.571418,2026-04-03T04:13:23.389842,122818.202,1,0.032,0.107,0.415,0.039,0.107,0.01691,0.0,3,0.09,0.158,0.248,0.023,0.158,0.015340000000000003,0.0,1,0.038,0.108,0.163,0.015,0.111,0.010290000000000002,0.0,26648.056531,26154.55172,1,25156.846257,23764.415808,0,0.0,0.0,0.0,0.23,0.23,0.0,2000.0,1218.438,16199.059,7.522
192,2026-04-03T04:13:25.391461,2026-04-03T04:15:33.812976,128421.491,1,0.019,0.101,0.177,0.026,0.104,0.016519999999999996,0.0,3,0.097,0.162,0.37,0.036,0.1565,0.021680000000000005,0.0,1,0.063,0.13,2.143,0.203,0.11,0.047150000000000004,0.0,46172.192188,45967.319363,3,25722.821808,24132.509921,465,0.0,0.0,0.0,0.522,0.261,0.261,2000.0,1227.824,16199.059,7.58
193,2026-04-03T04:15:35.815349,2026-04-03T04:17:40.927863,125112.432,1,0.052,0.104,0.173,0.014,0.106,0.01018,0.0,3,0.046,0.163,0.476,0.052,0.159,0.023580000000000004,0.0,1,0.061,0.108,0.151,0.016,0.109,0.010900000000000002,0.0,43134.692907,42930.616371,104,25993.90011,24094.020274,0,0.0,0.0,0.0,0.779,0.0,0.779,2000.0,1225.645,16199.059,7.566
194,2026-04-03T04:17:42.931478,2026-04-03T04:19:47.787776,124856.088,1,0.066,0.107,0.249,0.021,0.108,0.012700000000000001,0.0,3,0.046,0.154,0.203,0.021,0.158,0.013560000000000004,0.0,1,0.05,0.109,0.277,0.023,0.109,0.013070000000000002,0.0,42729.764259,42257.649718,243,7055.699273,7022.190366,319,0.0,0.0,0.0,0.261,0.0,0.261,2000.0,1237.781,16199.059,7.641
195,2026-04-03T04:19:49.788083,2026-04-03T04:21:50.850041,121061.871,1,0.05,0.108,0.19,0.02,0.11,0.013320000000000002,0.0,3,0.098,0.163,0.329,0.032,0.159,0.018880000000000004,0.0,1,0.051,0.114,0.222,0.025,0.11,0.014960000000000003,0.0,41854.410419,41675.115482,7,24945.453411,24818.719301,2,0.0,0.0,0.0,0.779,0.26,0.519,2000.0,1231.27,16199.059,7.601
196,2026-04-03T04:21:52.855750,2026-04-03T04:23:52.494560,119638.607,1,0.016,0.105,0.164,0.019,0.109,0.012370000000000003,0.0,3,0.073,0.162,0.338,0.038,0.158,0.023700000000000002,0.0,1,0.04,0.115,0.44,0.049,0.109,0.02057,0.0,39724.302882,39542.54547,510,24544.517211,24246.141183,1173,0.0,0.0,0.0,0.779,0.519,0.26,2000.0,1241.793,16199.059,7.666
197,2026-04-03T04:23:54.496567,2026-04-03T04:25:58.598771,124102.139,1,0.065,0.104,0.153,0.016,0.107,0.01225,0.0,3,0.089,0.157,0.346,0.031,0.157,0.019740000000000004,0.0,1,0.037,0.111,0.183,0.019,0.111,0.01191,0.0,29557.96008,27352.355101,51,28398.601515,28269.007596,3,0.0,0.0,0.0,0.787,0.262,0.525,2000.0,1233.703,16199.059,7.616
198,2026-04-03T04:26:00.599616,2026-04-03T04:28:11.175548,130575.671,1,0.065,0.106,0.178,0.018,0.1065,0.01269,0.0,3,0.094,0.159,0.493,0.04,0.159,0.019680000000000003,0.0,1,0.028,0.113,0.432,0.048,0.108,0.019620000000000002,0.0,44910.197877,44721.233429,100,25040.469201,24273.529043,1,0.0,0.0,0.0,0.792,0.264,0.528,2000.0,1227.746,16199.059,7.579
199,2026-04-03T04:28:13.180354,2026-04-03T04:30:14.710707,121530.141,1,0.04,0.109,0.292,0.025,0.1075,0.01365,0.0,3,0.091,0.159,0.479,0.037,0.1585,0.015750000000000004,0.0,1,0.063,0.12,0.449,0.049,0.112,0.022549999999999997,0.0,42185.972144,40805.097874,5,27208.142596,25742.496721,0,0.0,0.0,0.0,0.0,0.0,0.0,2000.0,1244.129,16199.059,7.68
200,2026-04-03T04:30:16.711902,2026-04-03T04:32:23.908878,127196.239,1,0.059,0.112,0.436,0.038,0.108,0.01704,0.0,3,0.091,0.155,0.284,0.026,0.154,0.015490000000000004,0.0,1,0.064,0.109,0.177,0.015,0.109,0.010320000000000001,0.0,41849.709991,41667.203438,101,24853.121963,24751.286365,0,0.0,0.0,0.0,0.522,0.261,0.261,2000.0,1224.422,16199.059,7.559
201,2026-04-03T04:32:25.911231,2026-04-03T04:34:36.645221,130733.879,1,0.017,0.112,0.379,0.041,0.1085,0.01968,0.0,3,0.091,0.158,0.284,0.025,0.159,0.016030000000000003,0.0,1,0.039,0.109,0.189,0.02,0.109,0.01302,0.0,42033.774317,41817.928818,7,24288.52467,24187.368711,0,0.0,0.0,0.0,0.521,0.26,0.26,2000.0,1240.93,16199.059,7.661
202,2026-04-03T04:34:38.647078,2026-04-03T04:36:45.115135,126467.974,1,0.071,0.113,0.411,0.035,0.109,0.01545,0.0,3,0.09,0.171,0.988,0.114,0.1565,0.04028000000000001,0.0,1,0.064,0.11,0.208,0.021,0.109,0.012240000000000003,0.0,45166.95953,41734.924357,685,19503.876857,17956.551643,0,0.0,0.0,0.0,0.262,0.0,0.262,2000.0,1220.57,16199.059,7.535
203,2026-04-03T04:36:47.116032,2026-04-03T04:38:51.011184,123894.908,1,0.062,0.107,0.238,0.02,0.109,0.011640000000000001,0.0,3,0.028,0.199,3.176,0.313,0.1555,0.09159,0.0,1,0.065,0.12,0.923,0.085,0.1105,0.025669999999999995,0.0,34541.276822,32825.354775,5,26446.445258,24978.391082,542,0.0,0.0,0.0,1.042,0.26,0.781,2000.0,1224.73,16199.059,7.561
204,2026-04-03T04:38:53.012415,2026-04-03T04:40:54.044435,121031.932,1,0.046,0.106,0.161,0.02,0.105,0.015120000000000001,0.0,3,0.092,0.164,0.864,0.073,0.16,0.021560000000000003,0.0,1,0.042,0.11,0.198,0.017,0.11,0.010980000000000002,0.0,38417.266481,38251.898528,55,26381.863492,26269.962642,798,0.0,0.0,0.0,0.519,0.0,0.519,2000.0,1236.434,16199.059,7.633
205,2026-04-03T04:40:56.048122,2026-04-03T04:43:05.473198,129424.862,1,0.066,0.108,0.262,0.024,0.108,0.012360000000000001,0.0,3,0.089,0.152,0.288,0.031,0.151,0.021530000000000004,0.0,1,0.052,0.114,0.412,0.042,0.109,0.018650000000000003,0.0,44770.315239,44581.038307,50,25179.945282,23715.074523,270,0.0,0.0,0.0,0.261,0.0,0.261,2000.0,1228.531,16199.059,7.584
206,2026-04-03T04:43:07.475371,2026-04-03T04:45:12.888765,125413.142,1,0.048,0.114,0.459,0.052,0.106,0.022410000000000003,0.0,3,0.09,0.158,0.383,0.03,0.1575,0.016680000000000004,0.0,1,0.064,0.11,0.167,0.017,0.111,0.011800000000000001,0.0,42906.492555,42725.32249,6,26652.421534,25492.765263,1279,0.0,0.0,0.0,0.781,0.26,0.521,2000.0,1226.992,16199.059,7.574
207,2026-04-03T04:45:14.892731,2026-04-03T04:47:14.998755,120105.817,1,0.063,0.111,0.308,0.026,0.11,0.01446,0.0,3,0.062,0.163,0.729,0.063,0.158,0.025240000000000002,0.0,1,0.065,0.109,0.162,0.017,0.108,0.011460000000000001,0.0,45095.504424,43918.067756,1,24823.228633,24717.209877,0,0.0,0.0,0.0,0.522,0.0,0.522,2000.0,1231.449,16199.059,7.602
208,2026-04-03T04:47:17.002235,2026-04-03T04:49:25.862840,128860.352,1,0.062,0.109,0.271,0.024,0.108,0.013110000000000002,0.0,3,0.09,0.155,0.307,0.026,0.156,0.016110000000000003,0.0,1,0.055,0.107,0.264,0.021,0.108,0.011480000000000002,0.0,31070.032463,30898.607614,7,26406.867942,26300.066302,64,0.0,0.0,0.0,0.262,0.0,0.262,2000.0,1230.516,16199.059,7.596
209,2026-04-03T04:49:27.867864,2026-04-03T04:51:32.708326,124840.393,1,0.061,0.111,0.419,0.035,0.109,0.01535,0.0,3,0.093,0.157,0.5,0.042,0.158,0.02091,0.0,1,0.044,0.11,0.21,0.02,0.1105,0.012310000000000001,0.0,42641.481285,42476.335785,1580,22747.077563,22652.938847,0,0.0,0.0,0.0,0.524,0.0,0.524,2000.0,1231.188,16199.059,7.6
210,2026-04-03T04:51:34.710795,2026-04-03T04:53:38.084523,123373.577,1,0.063,0.112,0.215,0.022,0.11,0.013400000000000002,0.0,3,0.104,0.165,0.367,0.037,0.159,0.022310000000000003,0.0,1,0.036,0.107,0.167,0.017,0.108,0.011250000000000001,0.0,42184.531943,36202.416079,12,21077.559986,20978.879619,228,0.0,0.0,0.0,0.262,0.0,0.262,2000.0,1243.543,16199.059,7.677
211,2026-04-03T04:53:40.088300,2026-04-03T04:55:40.283318,120194.928,1,0.055,0.106,0.194,0.02,0.1075,0.013280000000000002,0.0,3,0.057,0.156,0.25,0.027,0.1585,0.018310000000000003,0.0,1,0.055,0.106,0.185,0.019,0.107,0.01278,0.0,42556.87995,42199.665673,366,26054.837841,25943.480695,966,0.0,0.0,0.0,0.262,0.0,0.262,2000.0,1223.469,16199.059,7.553
212,2026-04-03T04:55:42.286064,2026-04-03T04:57:43.156615,120870.373,1,0.061,0.108,0.22,0.025,0.108,0.014700000000000001,0.0,3,0.097,0.16,0.328,0.027,0.161,0.017250000000000005,0.0,1,0.063,0.121,1.296,0.119,0.109,0.028599999999999997,0.0,45508.473332,41593.208922,5,15350.894014,13234.100716,361,0.0,0.0,0.0,0.781,0.521,0.26,2000.0,1214.902,16199.059,7.5
213,2026-04-03T04:57:45.159679,2026-04-03T04:59:54.559902,129400.238,1,0.064,0.108,0.18,0.019,0.107,0.01418,0.0,3,0.092,0.156,0.238,0.023,0.1565,0.01745,0.0,1,0.037,0.112,0.264,0.027,0.109,0.0165,0.0,42849.565996,38920.737724,8,19124.800003,13232.562273,335,0.0,0.0,0.0,0.781,0.0,0.781,2000.0,1246.309,16199.059,7.694
214,2026-04-03T04:59:56.563358,2026-04-03T05:02:04.354619,127791.176,1,0.016,0.115,0.829,0.076,0.11,0.024530000000000003,0.0,3,0.071,0.156,0.256,0.025,0.158,0.016450000000000003,0.0,1,0.024,0.132,1.212,0.129,0.111,0.048080000000000005,0.0,44107.263056,43923.601013,771,24924.130123,24053.941587,29,0.0,0.0,0.0,0.779,0.0,0.779,2000.0,1226.801,16199.059,7.573
215,2026-04-03T05:02:06.358182,2026-04-03T05:04:09.513726,123155.351,1,0.023,0.102,0.181,0.018,0.103,0.01202,0.0,3,0.068,0.157,0.269,0.028,0.1555,0.02007,0.0,1,0.064,0.11,0.409,0.034,0.1085,0.014170000000000002,0.0,41900.396943,41718.199015,5,21914.738744,20963.593649,1,0.0,0.0,0.0,0.521,0.0,0.521,2000.0,1247.191,16199.059,7.699
216,2026-04-03T05:04:11.517607,2026-04-03T05:06:21.121890,129604.018,1,0.038,0.106,0.149,0.016,0.109,0.01116,0.0,3,0.032,0.175,1.439,0.157,0.1525,0.05629999999999999,0.0,1,0.062,0.102,0.268,0.022,0.0995,0.011709999999999998,0.0,29084.166124,27969.130582,50,26031.801998,25916.333819,0,0.0,0.0,0.0,0.522,0.261,0.261,2000.0,1235.223,16199.059,7.625
217,2026-04-03T05:06:23.125510,2026-04-03T05:08:24.208827,121083.121,1,0.041,0.114,0.695,0.068,0.105,0.02569,0.0,3,0.098,0.161,0.419,0.04,0.157,0.020920000000000005,0.0,1,0.036,0.111,0.309,0.029,0.11,0.01582,0.0,37739.705817,36690.621376,3,24406.5902,23115.988912,0,0.0,0.0,0.0,0.524,0.262,0.262,2000.0,1236.227,16199.059,7.631
218,2026-04-03T05:08:26.211774,2026-04-03T05:10:24.711692,118499.74,1,0.065,0.112,0.389,0.032,0.111,0.015170000000000001,0.0,3,0.094,0.155,0.37,0.032,0.1535,0.018830000000000003,0.0,1,0.068,0.107,0.161,0.016,0.1075,0.011640000000000001,0.0,41466.289862,41207.7666,802,26424.169429,26315.033601,4,0.0,0.0,0.0,0.262,0.0,0.262,2000.0,1230.539,16199.059,7.596
219,2026-04-03T05:10:26.714577,2026-04-03T05:12:34.519208,127804.56,1,0.047,0.111,0.427,0.037,0.108,0.01565,0.0,3,0.096,0.162,0.288,0.031,0.159,0.018930000000000002,0.0,1,0.043,0.108,0.319,0.031,0.107,0.015080000000000001,0.0,43529.008314,43347.505163,414,26166.466035,24423.306724,1,0.0,0.0,0.0,0.262,0.262,0.0,2000.0,1235.566,16199.059,7.627
220,2026-04-03T05:12:36.519801,2026-04-03T05:14:37.692353,121172.466,1,0.065,0.115,0.835,0.075,0.1085,0.021610000000000004,0.0,3,0.069,0.153,0.255,0.027,0.152,0.01733,0.0,1,0.035,0.106,0.194,0.018,0.109,0.011840000000000002,0.0,43263.748227,39417.5142,3,15808.798588,15741.276935,1176,0.0,0.0,0.0,0.262,0.0,0.262,2000.0,1227.961,16199.059,7.58
221,2026-04-03T05:14:39.696055,2026-04-03T05:16:42.120355,122424.228,1,0.054,0.109,0.255,0.021,0.1075,0.01205,0.0,3,0.096,0.155,0.366,0.03,0.158,0.01803,0.0,1,0.048,0.106,0.164,0.015,0.108,0.010130000000000002,0.0,43017.722856,42830.451458,3,20918.406997,19139.97479,736,0.0,0.0,0.0,1.039,0.26,0.779,2000.0,1230.719,16199.059,7.597
222,2026-04-03T05:16:44.124158,2026-04-03T05:18:48.146879,124022.503,1,0.062,0.108,0.171,0.016,0.109,0.010570000000000001,0.0,3,0.085,0.156,0.239,0.022,0.16,0.015430000000000003,0.0,1,0.058,0.11,0.222,0.021,0.108,0.013330000000000002,0.0,41988.900217,41780.306642,13,25221.969493,25113.393645,0,0.0,0.0,0.0,0.522,0.0,0.522,2000.0,1219.848,16199.059,7.53
223,2026-04-03T05:18:50.147850,2026-04-03T05:20:49.255675,119107.737,1,0.044,0.11,0.403,0.034,0.109,0.015510000000000003,0.0,3,0.114,0.162,0.324,0.032,0.1575,0.020160000000000004,0.0,1,0.045,0.123,1.545,0.143,0.111,0.03158,0.0,34567.236619,34420.255175,50,26575.281736,26434.482171,731,0.0,0.0,0.0,0.261,0.0,0.261,2000.0,1237.758,16199.059,7.641
224,2026-04-03T05:20:51.260952,2026-04-03T05:22:54.296623,123035.45,1,0.042,0.109,0.268,0.024,0.11,0.01322,0.0,3,0.1,0.159,0.284,0.026,0.1595,0.017710000000000004,0.0,1,0.062,0.11,0.302,0.024,0.1095,0.011650000000000002,0.0,36751.986067,36598.762497,10,26589.181316,26475.821009,1146,0.0,0.0,0.0,0.522,0.0,0.522,2000.0,1231.141,16199.059,7.6
225,2026-04-03T05:22:56.300217,2026-04-03T05:24:59.474226,123173.747,1,0.018,0.107,0.186,0.02,0.11,0.013570000000000002,0.0,3,0.088,0.161,0.28,0.027,0.159,0.016870000000000003,0.0,1,0.062,0.118,0.708,0.061,0.111,0.018809999999999997,0.0,42173.817192,39281.820208,5,24957.964201,24857.474613,0,0.0,0.0,0.0,2.404,0.962,1.442,2000.0,1226.496,16199.059,7.571
226,2026-04-03T05:25:01.479547,2026-04-03T05:27:01.478603,119998.882,1,0.062,0.11,0.364,0.03,0.108,0.013750000000000002,0.0,3,0.094,0.154,0.263,0.023,0.158,0.015890000000000005,0.0,1,0.068,0.109,0.186,0.016,0.111,0.010560000000000002,0.0,44903.733942,41263.904015,4,23075.820503,21789.145121,1029,0.0,0.0,0.0,0.521,0.0,0.521,2000.0,1225.949,16199.059,7.568
227,2026-04-03T05:27:03.481506,2026-04-03T05:29:07.060996,123579.263,1,0.04,0.103,0.171,0.016,0.1045,0.01157,0.0,3,0.095,0.161,0.32,0.031,0.158,0.019950000000000002,0.0,1,0.064,0.11,0.162,0.019,0.11,0.013080000000000001,0.0,42687.937217,42507.724173,624,26511.249132,23022.464284,0,0.0,0.0,0.0,0.781,0.0,0.781,2000.0,1239.266,16199.059,7.65
228,2026-04-03T05:29:09.064746,2026-04-03T05:31:12.932690,123867.682,1,0.066,0.109,0.215,0.021,0.11,0.014510000000000002,0.0,3,0.095,0.157,0.254,0.025,0.158,0.015710000000000002,0.0,1,0.067,0.108,0.152,0.015,0.109,0.01081,0.0,43613.139273,42035.417567,3,24618.656713,23271.256077,0,0.0,0.0,0.0,0.262,0.262,0.0,2000.0,1225.312,16199.059,7.564
229,2026-04-03T05:31:14.935438,2026-04-03T05:33:07.502783,112567.27,1,0.043,0.11,0.333,0.028,0.109,0.013600000000000001,0.0,3,0.09,0.161,0.245,0.025,0.159,0.017830000000000002,0.0,1,0.064,0.113,0.165,0.018,0.111,0.01221,0.0,40221.533066,40053.86978,0,,,,0.0,0.0,0.0,0.262,0.0,0.262,2000.0,1234.98,16199.059,7.624
230,2026-04-03T05:33:09.503902,2026-04-03T05:35:08.120188,118616.192,1,0.061,0.108,0.256,0.023,0.107,0.013940000000000001,0.0,3,0.091,0.165,0.491,0.042,0.16,0.020780000000000003,0.0,1,0.065,0.109,0.181,0.017,0.108,0.010780000000000001,0.0,43137.51779,42931.760725,53,27571.532377,27455.606966,0,0.0,0.0,0.0,0.521,0.0,0.521,2000.0,1226.262,16199.059,7.57
231,2026-04-03T05:35:10.122513,2026-04-03T05:37:10.175762,120053.116,1,0.065,0.109,0.211,0.021,0.108,0.012490000000000001,0.0,3,0.09,0.162,0.606,0.051,0.1585,0.022430000000000002,0.0,1,0.06,0.111,0.22,0.02,0.109,0.012570000000000001,0.0,44683.531691,44489.656716,3,18340.248014,18267.205037,0,0.0,0.0,0.0,1.042,0.521,0.521,2000.0,1230.723,16199.059,7.597
232,2026-04-03T05:37:12.178021,2026-04-03T05:39:12.379717,120201.607,1,0.048,0.106,0.188,0.02,0.108,0.012960000000000001,0.0,3,0.097,0.16,0.489,0.04,0.1585,0.01989,0.0,1,0.039,0.107,0.195,0.02,0.108,0.013360000000000002,0.0,42355.454666,41151.377713,51,27720.204189,25443.110457,0,0.0,0.0,0.0,0.0,0.0,0.0,2000.0,1225.281,16199.059,7.564
233,2026-04-03T05:39:14.385082,2026-04-03T05:41:22.899908,128514.664,1,0.046,0.105,0.162,0.018,0.109,0.01365,0.0,3,0.09,0.166,0.977,0.086,0.157,0.029460000000000004,0.0,1,0.058,0.109,0.231,0.023,0.1085,0.01318,0.0,42351.070665,39134.360089,4,25968.332071,25848.244979,1,0.0,0.0,0.0,0.785,0.262,0.524,2000.0,1236.996,16199.059,7.636
234,2026-04-03T05:41:24.902430,2026-04-03T05:43:28.495793,123593.3,1,0.023,0.11,0.43,0.045,0.108,0.01939,0.0,3,0.092,0.151,0.217,0.021,0.154,0.014890000000000002,0.0,1,0.031,0.107,0.18,0.018,0.11,0.01173,0.0,43906.223755,43718.086455,187,22179.074128,21303.182932,192,0.0,0.0,0.0,1.319,1.055,0.264,2000.0,1235.434,16199.059,7.627
235,2026-04-03T05:43:30.498072,2026-04-03T05:45:40.196205,129697.838,1,0.033,0.107,0.238,0.025,0.106,0.015,0.0,3,0.051,0.159,0.219,0.026,0.1605,0.01777,0.0,1,0.033,0.111,0.338,0.03,0.109,0.015680000000000003,0.0,44707.739408,37468.258238,58,18645.029554,9885.594845,3,0.0,0.0,0.0,0.524,0.0,0.524,2000.0,1236.523,16199.059,7.633
236,2026-04-03T05:45:42.199591,2026-04-03T05:47:40.979968,118780.13,1,0.062,0.106,0.215,0.019,0.1075,0.012029999999999999,0.0,3,0.035,0.153,0.316,0.033,0.1555,0.019540000000000002,0.0,1,0.069,0.111,0.199,0.022,0.106,0.015080000000000001,0.0,43046.514698,42204.447892,189,24708.490609,24593.809665,239,0.0,0.0,0.0,0.262,0.0,0.262,2000.0,1229.27,16199.059,7.589
237,2026-04-03T05:47:42.983550,2026-04-03T05:49:41.701876,118718.115,1,0.065,0.115,0.947,0.085,0.108,0.023710000000000002,0.0,3,0.068,0.175,1.532,0.149,0.156,0.05085999999999999,0.0,1,0.034,0.108,0.2,0.021,0.108,0.013470000000000001,0.0,42358.621519,42183.296485,57,25181.026357,25075.854741,184,0.0,0.0,0.0,0.0,0.0,0.0,2000.0,1235.355,16199.059,7.626
238,2026-04-03T05:49:43.706229,2026-04-03T05:51:42.628260,118921.828,1,0.016,0.111,0.439,0.04,0.1085,0.01726,0.0,3,0.093,0.157,0.274,0.024,0.158,0.014960000000000003,0.0,1,0.069,0.115,0.425,0.04,0.109,0.01887,0.0,42051.419081,41868.402475,677,21334.068752,21042.433655,451,0.0,0.0,0.0,0.262,0.262,0.0,2000.0,1221.426,16199.059,7.54
239,2026-04-03T05:51:44.631087,2026-04-03T05:53:46.125782,121494.645,1,0.073,0.107,0.19,0.017,0.108,0.010780000000000001,0.0,3,0.072,0.154,0.261,0.023,0.157,0.015700000000000002,0.0,1,0.065,0.112,0.438,0.036,0.11,0.014570000000000001,0.0,43256.269861,43078.427495,105,24878.056904,23768.840048,1,0.0,0.0,0.0,0.0,0.0,0.0,2000.0,1241.949,16199.059,7.667
240,2026-04-03T05:53:48.131472,2026-04-03T05:55:47.716535,119584.855,1,0.018,0.108,0.155,0.019,0.108,0.01276,0.0,3,0.094,0.155,0.226,0.02,0.159,0.014160000000000002,0.0,1,0.063,0.11,0.192,0.021,0.109,0.01284,0.0,44766.040426,44548.472586,51,24183.499966,24028.602629,0,0.0,0.0,0.0,0.524,0.262,0.262,2000.0,1239.352,16199.059,7.651
241,2026-04-03T05:55:49.718475,2026-04-03T05:57:49.369938,119651.192,1,0.067,0.105,0.159,0.017,0.106,0.01332,0.0,3,0.064,0.156,0.25,0.027,0.157,0.017710000000000004,0.0,1,0.064,0.112,0.28,0.023,0.1095,0.012770000000000002,0.0,41100.819748,40923.250594,6,24399.336308,24293.409356,0,0.0,0.0,0.0,0.0,0.0,0.0,2000.0,1233.188,16199.059,7.613
242,2026-04-03T05:57:51.372762,2026-04-03T05:59:57.371884,125998.93,1,0.015,0.149,4.31,0.419,0.107,0.08889999999999999,0.0,3,0.092,0.154,0.234,0.023,0.1575,0.01682,0.0,1,0.064,0.111,0.256,0.023,0.1095,0.012040000000000002,0.0,41886.979583,41706.639484,6,26225.249857,23930.366107,232,0.0,0.0,0.0,0.262,0.0,0.262,2000.0,1231.047,16199.059,7.599
243,2026-04-03T05:59:59.945479,2026-04-03T06:02:05.557222,125611.558,1,0.069,0.109,0.211,0.021,0.1085,0.01315,0.0,3,0.093,0.154,0.278,0.023,0.1575,0.014500000000000004,0.0,1,0.047,0.119,0.817,0.076,0.11,0.025519999999999994,0.0,42182.989106,41987.96383,2,21741.187324,19976.81894,0,0.0,0.0,0.0,0.262,0.0,0.262,2000.0,1243.906,16199.059,7.679
244,2026-04-03T06:02:07.563828,2026-04-03T06:04:10.379952,122816.031,1,0.062,0.109,0.304,0.029,0.1055,0.01552,0.0,3,0.035,0.153,0.252,0.028,0.156,0.018710000000000004,0.0,1,0.027,0.117,0.92,0.086,0.109,0.024230000000000005,0.0,41871.964717,41695.541213,51,20587.994748,19841.502212,0,0.0,0.0,0.0,0.522,0.261,0.261,2000.0,1247.531,16199.059,7.701
245,2026-04-03T06:04:12.385783,2026-04-03T06:06:11.023320,118637.293,1,0.046,0.107,0.303,0.029,0.108,0.014390000000000002,0.0,3,0.058,0.153,0.272,0.027,0.159,0.017840000000000005,0.0,1,0.064,0.111,0.152,0.013,0.111,0.00877,0.0,42398.007509,41413.774542,6,24471.040229,24363.584952,598,0.0,0.0,0.0,0.522,0.261,0.261,2000.0,1241.977,16199.059,7.667
246,2026-04-03T06:06:13.023729,2026-04-03T06:08:18.736575,125712.604,1,0.016,0.109,0.199,0.022,0.109,0.01442,0.0,3,0.061,0.158,0.462,0.038,0.1565,0.018640000000000004,0.0,1,0.03,0.113,0.407,0.047,0.1095,0.02288,0.0,42362.135553,39131.59038,106,25013.475316,24905.714584,274,0.0,0.0,0.0,0.26,0.26,0.0,2000.0,1225.223,16199.059,7.564
247,2026-04-03T06:08:20.740004,2026-04-03T06:10:23.548019,122807.825,1,0.021,0.109,0.47,0.04,0.109,0.0154,0.0,3,0.095,0.142,0.278,0.03,0.1445,0.02239,0.0,1,0.066,0.106,0.153,0.023,0.1125,0.02049,0.0,39108.23114,38942.736144,99,17650.626985,17436.96427,126,0.0,0.0,0.0,0.783,0.261,0.522,2000.0,1251.258,16199.059,7.724
248,2026-04-03T06:10:25.551962,2026-04-03T06:12:35.775072,130223.049,1,0.017,0.117,1.083,0.103,0.108,0.029600000000000005,0.0,3,0.083,0.161,0.234,0.023,0.16,0.015830000000000004,0.0,1,0.02,0.126,1.076,0.118,0.109,0.04095,0.0,41652.496002,41477.775085,440,23143.037777,21995.951602,452,0.0,0.0,0.0,0.26,0.0,0.26,2000.0,1226.535,16199.059,7.572
249,2026-04-03T06:12:37.778141,2026-04-03T06:14:45.576472,127798.129,1,0.071,0.106,0.194,0.019,0.107,0.01175,0.0,3,0.031,0.155,0.285,0.029,0.159,0.01898,0.0,1,0.066,0.111,0.242,0.025,0.11,0.014360000000000001,0.0,42222.731122,39620.070228,837,12108.936528,12055.744802,1785,0.0,0.0,0.0,0.0,0.0,0.0,2000.0,1227.117,16199.059,7.575
250,2026-04-03T06:14:47.579482,2026-04-03T06:16:53.226395,125646.636,1,0.067,0.107,0.152,0.017,0.108,0.01254,0.0,3,0.092,0.155,0.259,0.024,0.158,0.01733,0.0,1,0.062,0.11,0.181,0.018,0.111,0.011970000000000001,0.0,27920.376623,25363.1614,649,27944.418788,26445.88337,2,0.0,0.0,0.0,0.0,0.0,0.0,2000.0,1246.031,16199.059,7.692
251,2026-04-03T06:16:55.231929,2026-04-03T06:18:58.353516,123121.351,1,0.017,0.112,1.058,0.097,0.106,0.023540000000000002,0.0,3,0.07,0.156,0.274,0.027,0.1575,0.01632,0.0,1,0.068,0.11,0.258,0.023,0.109,0.012900000000000002,0.0,43101.467702,41804.903967,99,25917.760753,25796.028554,3,0.0,0.0,0.0,2.732,1.639,1.093,2000.0,1220.723,16199.059,7.536
252,2026-04-03T06:19:00.357790,2026-04-03T06:21:02.204953,121846.934,1,0.034,0.108,0.34,0.029,0.108,0.01446,0.0,3,0.069,0.162,0.785,0.069,0.154,0.025370000000000004,0.0,1,0.066,0.11,0.22,0.024,0.1085,0.014640000000000002,0.0,42591.985027,42409.282129,100,24280.199427,22670.243292,0,0.0,0.0,0.0,0.261,0.0,0.261,2000.0,1237.906,16199.059,7.642
253,2026-04-03T06:21:04.209884,2026-04-03T06:23:07.600435,123390.377,1,0.038,0.102,0.162,0.017,0.104,0.01133,0.0,3,0.09,0.168,1.248,0.11,0.158,0.029030000000000007,0.0,1,0.063,0.118,0.748,0.065,0.112,0.019819999999999994,0.0,44654.31452,43791.388475,3,22486.992786,22379.127504,1472,0.0,0.0,0.0,0.0,0.0,0.0,2000.0,1246.512,16199.059,7.695
254,2026-04-03T06:23:09.603490,2026-04-03T06:25:12.484277,122880.723,1,0.037,0.111,0.343,0.039,0.105,0.018830000000000003,0.0,3,0.053,0.172,1.79,0.165,0.156,0.04197999999999999,0.0,1,0.061,0.106,0.2,0.016,0.109,0.010770000000000002,0.0,41186.711922,37609.087452,7,23472.535074,22246.184853,0,0.0,0.0,0.0,0.261,0.0,0.261,2000.0,1233.688,16199.059,7.616
255,2026-04-03T06:25:14.487333,2026-04-03T06:27:16.051821,121564.287,1,0.063,0.107,0.179,0.018,0.108,0.012320000000000001,0.0,3,0.08,0.185,1.399,0.154,0.155,0.06249999999999999,0.0,1,0.063,0.11,0.166,0.015,0.111,0.01056,0.0,38988.2345,38446.394376,51,25568.646199,25451.927171,0,0.0,0.0,0.0,0.0,0.0,0.0,2000.0,1220.711,16199.059,7.536
256,2026-04-03T06:27:18.055445,2026-04-03T06:29:18.563960,120508.302,1,0.051,0.109,0.378,0.033,0.106,0.01598,0.0,3,0.091,0.162,0.488,0.046,0.158,0.022130000000000004,0.0,1,0.063,0.11,0.179,0.018,0.11,0.011970000000000001,0.0,43676.795067,43446.812608,140,30704.904461,30535.189375,64,0.0,0.0,0.0,0.0,0.0,0.0,2000.0,1252.523,16199.059,7.732
257,2026-04-03T06:29:20.566679,2026-04-03T06:31:25.638802,125072.036,1,0.018,0.106,0.402,0.034,0.106,0.013850000000000001,0.0,3,0.095,0.162,0.281,0.029,0.159,0.017630000000000003,0.0,1,0.064,0.111,0.186,0.02,0.11,0.0132,0.0,32228.250348,29357.587082,189,26051.126193,25926.79909,1233,0.0,0.0,0.0,0.519,0.0,0.519,2000.0,1229.051,16199.059,7.587
258,2026-04-03T06:31:27.644373,2026-04-03T06:33:32.557571,124912.912,1,0.062,0.113,0.81,0.074,0.105,0.024330000000000004,0.0,3,0.091,0.154,0.213,0.02,0.158,0.014990000000000003,0.0,1,0.063,0.112,0.248,0.027,0.109,0.01617,0.0,43178.136659,39994.376116,557,24772.576492,24667.596989,884,0.0,0.0,0.0,0.26,0.0,0.26,2000.0,1229.688,16199.059,7.591
259,2026-04-03T06:33:34.561966,2026-04-03T06:35:39.786221,125223.994,1,0.042,0.107,0.209,0.022,0.107,0.01402,0.0,3,0.092,0.159,0.261,0.029,0.1575,0.018810000000000004,0.0,1,0.062,0.11,0.214,0.023,0.109,0.013840000000000002,0.0,43093.299116,42446.805006,365,20663.403461,20571.203404,2184,0.0,0.0,0.0,0.26,0.0,0.26,2000.0,1233.238,16199.059,7.613
260,2026-04-03T06:35:41.791648,2026-04-03T06:37:56.279328,134487.479,1,0.07,0.11,0.351,0.03,0.11,0.01365,0.0,3,0.096,0.162,0.378,0.042,0.159,0.02585,0.0,1,0.06,0.115,0.435,0.036,0.113,0.014090000000000002,0.0,38965.984665,38795.792436,563,26079.528219,25975.344722,318,0.0,0.0,0.0,0.524,0.262,0.262,2000.0,1223.094,16199.059,7.55
261,2026-04-03T06:37:58.282454,2026-04-03T06:40:02.409244,124126.58,1,0.034,0.111,0.271,0.026,0.11,0.01621,0.0,3,0.084,0.168,0.908,0.088,0.1595,0.03295000000000001,0.0,1,0.02,0.111,0.406,0.038,0.109,0.01855,0.0,45857.982547,45664.877112,830,24833.199426,24729.576026,0,0.0,0.0,0.0,0.777,0.259,0.518,2000.0,1231.723,16199.059,7.604
262,2026-04-03T06:40:04.413315,2026-04-03T06:42:11.377364,126963.828,1,0.056,0.108,0.256,0.026,0.109,0.014610000000000001,0.0,3,0.071,0.156,0.214,0.022,0.159,0.015140000000000002,0.0,1,0.023,0.111,0.572,0.053,0.109,0.019350000000000003,0.0,42417.069335,41012.98517,4,22193.681668,22104.869217,294,0.0,0.0,0.0,1.042,0.521,0.521,2000.0,1244.695,16199.059,7.684
263,2026-04-03T06:42:13.381676,2026-04-03T06:44:12.773320,119391.412,1,0.062,0.115,0.532,0.047,0.1095,0.018430000000000002,0.0,3,0.096,0.16,0.378,0.032,0.159,0.017430000000000005,0.0,1,0.037,0.113,0.382,0.04,0.109,0.017120000000000003,0.0,43057.842406,41180.025728,1,25458.204793,24005.528551,1129,0.0,0.0,0.0,0.261,0.0,0.261,2000.0,1230.918,16199.059,7.599
264,2026-04-03T06:44:14.776365,2026-04-03T06:46:17.764849,122988.41,1,0.022,0.105,0.185,0.021,0.1065,0.01391,0.0,3,0.094,0.163,0.231,0.025,0.162,0.0176,0.0,1,0.048,0.108,0.234,0.019,0.109,0.010460000000000002,0.0,44413.583181,41921.808205,54,25103.862376,23628.612743,0,0.0,0.0,0.0,0.26,0.0,0.26,2000.0,1236.543,16199.059,7.633
265,2026-04-03T06:46:19.768767,2026-04-03T06:48:23.900987,124132.02,1,0.023,0.108,0.308,0.03,0.1075,0.016220000000000002,0.0,3,0.092,0.163,0.255,0.028,0.16,0.01997,0.0,1,0.071,0.107,0.154,0.014,0.109,0.010130000000000002,0.0,40644.078728,40044.886168,5,26643.788613,25543.224386,736,0.0,0.0,0.0,0.0,0.0,0.0,2000.0,1221.961,16199.059,7.543
266,2026-04-03T06:48:25.903227,2026-04-03T06:50:27.500955,121597.618,1,0.063,0.109,0.322,0.028,0.108,0.01425,0.0,3,0.092,0.157,0.249,0.026,0.158,0.018340000000000002,0.0,1,0.07,0.109,0.189,0.019,0.107,0.01296,0.0,42744.248361,42570.449342,4,24880.34262,24782.437494,0,0.0,0.0,0.0,0.522,0.0,0.522,2000.0,1239.137,16199.059,7.649
267,2026-04-03T06:50:30.312874,2026-04-03T06:52:32.381318,122068.403,1,0.06,0.11,0.282,0.026,0.107,0.01508,0.0,3,0.097,0.166,0.453,0.045,0.1595,0.023040000000000005,0.0,1,0.051,0.114,0.431,0.04,0.109,0.0182,0.0,42303.1579,42139.46083,4,25760.646241,24656.058126,1312,0.0,0.0,0.0,0.0,0.0,0.0,2000.0,1223.109,16199.059,7.55
268,2026-04-03T06:52:34.383260,2026-04-03T06:54:41.919533,127536.084,1,0.024,0.108,0.19,0.02,0.109,0.013590000000000001,0.0,3,0.096,0.157,0.215,0.021,0.1595,0.015130000000000003,0.0,1,0.019,0.115,0.378,0.034,0.112,0.016,0.0,42926.910228,42745.814177,146,19205.250606,17453.988534,205,0.0,0.0,0.0,0.522,0.261,0.261,2000.0,1253.375,16199.059,7.737
269,2026-04-03T06:54:43.924338,2026-04-03T06:56:50.904852,126980.275,1,0.061,0.111,0.396,0.036,0.109,0.0165,0.0,3,0.035,0.154,0.26,0.03,0.158,0.018760000000000002,0.0,1,0.06,0.102,0.188,0.02,0.104,0.01435,0.0,42238.354785,42031.541483,51,27536.816227,27419.702223,0,0.0,0.0,0.0,0.521,0.0,0.521,2000.0,1234.621,16199.059,7.622
270,2026-04-03T06:56:52.907382,2026-04-03T06:58:54.842149,121934.692,1,0.051,0.103,0.154,0.018,0.107,0.01369,0.0,3,0.089,0.158,0.488,0.05,0.1545,0.022500000000000003,0.0,1,0.064,0.109,0.152,0.014,0.11,0.01004,0.0,35021.827983,32151.274365,4,26033.261717,24692.52706,46,0.0,0.0,0.0,0.261,0.261,0.0,2000.0,1237.023,16199.059,7.636
271,2026-04-03T06:58:56.844374,2026-04-03T07:01:05.691929,128847.468,1,0.016,0.125,1.678,0.16,0.107,0.04304,0.0,3,0.087,0.157,0.279,0.027,0.159,0.016660000000000005,0.0,1,0.031,0.105,0.155,0.019,0.109,0.013470000000000001,0.0,42074.903919,41901.140739,3,23985.830604,23360.280336,0,0.0,0.0,0.0,0.262,0.0,0.262,2000.0,1225.363,16199.059,7.564
272,2026-04-03T07:01:07.694025,2026-04-03T07:03:12.784054,125089.823,1,0.067,0.109,0.333,0.028,0.108,0.014440000000000001,0.0,3,0.096,0.157,0.391,0.036,0.157,0.0223,0.0,1,0.07,0.112,0.183,0.017,0.111,0.011930000000000001,0.0,43092.151379,39525.80095,245,15604.402449,14787.960102,1,0.0,0.0,0.0,0.261,0.0,0.261,2000.0,1228.172,16199.059,7.582
273,2026-04-03T07:03:14.786821,2026-04-03T07:05:16.434683,121647.775,1,0.067,0.106,0.188,0.018,0.108,0.012050000000000002,0.0,3,0.034,0.154,0.269,0.03,0.159,0.017960000000000004,0.0,1,0.063,0.109,0.181,0.018,0.11,0.012180000000000002,0.0,42243.2436,37228.503829,288,28004.7293,27891.192423,2524,0.0,0.0,0.0,0.522,0.0,0.522,2000.0,1230.922,16199.059,7.599
274,2026-04-03T07:05:18.439842,2026-04-03T07:07:23.442603,125002.437,1,0.041,0.106,0.159,0.018,0.108,0.012580000000000001,0.0,3,0.093,0.163,0.708,0.059,0.161,0.021490000000000002,0.0,1,0.059,0.109,0.281,0.025,0.11,0.012860000000000002,0.0,31596.929415,30042.267514,2,25930.771051,24575.268664,374,0.0,0.0,0.0,0.551,0.275,0.275,2000.0,1225.941,16199.059,7.568
275,2026-04-03T07:07:26.444461,2026-04-03T07:09:29.196103,122751.558,1,0.034,0.107,0.186,0.02,0.1085,0.012760000000000002,0.0,3,0.092,0.157,0.259,0.024,0.158,0.016100000000000003,0.0,1,0.047,0.107,0.144,0.014,0.11,0.009530000000000002,0.0,41926.397365,41748.591359,6,22865.459577,20804.47411,46,0.0,0.0,0.0,1.847,1.055,0.792,2000.0,1227.785,16199.059,7.579
276,2026-04-03T07:09:31.198797,2026-04-03T07:11:38.903946,127704.376,1,0.064,0.104,0.152,0.016,0.106,0.01158,0.0,3,0.081,0.157,0.251,0.022,0.16,0.015440000000000002,0.0,1,0.063,0.173,6.405,0.626,0.109,0.12558999999999998,0.0,43871.129973,43670.234297,54,24496.249252,23172.589113,1,0.0,0.0,0.0,0.26,0.0,0.26,2000.0,1236.52,16199.059,7.633
277,2026-04-03T07:11:40.910576,2026-04-03T07:13:39.356561,118445.79,1,0.066,0.107,0.205,0.018,0.108,0.01114,0.0,3,0.067,0.155,0.282,0.029,0.158,0.01887,0.0,1,0.035,0.107,0.231,0.024,0.1085,0.013410000000000002,0.0,42386.481682,42209.161438,655,26126.439851,26011.533908,46,0.0,0.0,0.0,0.262,0.0,0.262,2000.0,1226.262,16199.059,7.57
278,2026-04-03T07:13:41.357145,2026-04-03T07:15:44.187174,122829.965,1,0.059,0.106,0.378,0.038,0.105,0.01765,0.0,3,0.059,0.178,2.008,0.185,0.157,0.045579999999999996,0.0,1,0.036,0.106,0.147,0.014,0.1055,0.0097,0.0,42250.169801,38724.217695,10,22257.308091,20496.409566,372,0.0,0.0,0.0,0.26,0.0,0.26,2000.0,1224.188,16199.059,7.557
279,2026-04-03T07:15:46.190421,2026-04-03T07:17:50.054829,123864.37,1,0.068,0.109,0.407,0.035,0.1075,0.015710000000000002,0.0,3,0.09,0.156,0.345,0.031,0.157,0.019020000000000002,0.0,1,0.062,0.104,0.164,0.015,0.106,0.01098,0.0,42641.883941,42459.672225,531,24714.245498,22951.697691,159,0.0,0.0,0.0,0.262,0.0,0.262,2000.0,1232.391,16199.059,7.608
280,2026-04-03T07:17:52.055624,2026-04-03T07:20:00.507485,128451.778,1,0.016,0.18,4.658,0.51,0.105,0.14842,0.0,3,0.076,0.158,0.466,0.041,0.159,0.021710000000000004,0.0,1,0.056,0.121,0.88,0.105,0.108,0.03378,0.0,41454.116366,41013.970526,56,24691.565075,24582.399182,720,0.0,0.0,0.0,1.044,0.261,0.783,2000.0,1220.809,16199.059,7.536
281,2026-04-03T07:20:02.507935,2026-04-03T07:22:10.313607,127805.617,1,0.046,0.107,0.159,0.018,0.1075,0.012350000000000002,0.0,3,0.06,0.152,0.217,0.024,0.1585,0.017640000000000003,0.0,1,0.018,0.165,5.109,0.498,0.109,0.10723,0.0,42286.643871,40940.375471,9,12077.298721,11408.194918,811,0.0,0.0,0.0,0.261,0.0,0.261,2000.0,1233.93,16199.059,7.617
282,2026-04-03T07:22:12.316036,2026-04-03T07:24:18.744332,126428.215,1,0.066,0.105,0.186,0.018,0.106,0.0126,0.0,3,0.092,0.175,1.627,0.148,0.159,0.04017999999999999,0.0,1,0.063,0.107,0.207,0.018,0.1085,0.01261,0.0,43330.397022,43144.933993,186,25000.924632,23466.302539,0,0.0,0.0,0.0,0.261,0.261,0.0,2000.0,1230.863,16199.059,7.598
283,2026-04-03T07:24:20.747480,2026-04-03T07:26:21.804548,121056.93,1,0.049,0.121,1.798,0.169,0.106,0.03608,0.0,3,0.081,0.158,0.292,0.028,0.1575,0.01837,0.0,1,0.063,0.109,0.23,0.022,0.107,0.01336,0.0,38795.830791,38640.44317,12,26195.948125,26085.71458,953,0.0,0.0,0.0,0.26,0.0,0.26,2000.0,1242.094,16199.059,7.668
284,2026-04-03T07:26:23.808415,2026-04-03T07:28:26.608521,122800.022,1,0.016,0.111,0.689,0.069,0.107,0.02246,0.0,3,0.089,0.157,0.242,0.028,0.158,0.019170000000000003,0.0,1,0.053,0.11,0.433,0.039,0.107,0.01856,0.0,42201.616256,41994.267562,57,26018.51666,25889.093534,0,0.0,0.0,0.0,0.522,0.0,0.522,2000.0,1229.859,16199.059,7.592
285,2026-04-03T07:28:28.614699,2026-04-03T07:30:30.543980,121929.104,1,0.062,0.116,0.669,0.06,0.109,0.022150000000000003,0.0,3,0.08,0.153,0.227,0.025,0.157,0.01818,0.0,1,0.065,0.114,0.642,0.056,0.108,0.019850000000000003,0.0,41850.743808,41637.938745,53,23395.191363,23285.78839,486,0.0,0.0,0.0,0.522,0.0,0.522,2000.0,1224.918,16199.059,7.562
286,2026-04-03T07:30:32.547616,2026-04-03T07:32:38.849123,126301.314,1,0.067,0.11,0.255,0.026,0.107,0.014830000000000001,0.0,3,0.087,0.163,0.451,0.054,0.1545,0.028990000000000005,0.0,1,0.016,0.126,2.408,0.23,0.106,0.048290000000000007,0.0,42033.06817,41839.873018,54,24243.794391,22631.209468,45,0.0,0.0,0.0,0.262,0.0,0.262,2000.0,1229.598,16199.059,7.591
287,2026-04-03T07:32:40.851760,2026-04-03T07:34:41.643588,120791.557,1,0.056,0.111,0.231,0.025,0.11,0.015600000000000001,0.0,3,0.027,0.155,0.252,0.029,0.1585,0.018530000000000005,0.0,1,0.053,0.116,0.901,0.081,0.11,0.022550000000000004,0.0,41878.168108,41681.017007,51,31164.247296,29947.746382,680,0.0,0.0,0.0,0.261,0.0,0.261,2000.0,1235.043,16199.059,7.624
288,2026-04-03T07:34:43.644969,2026-04-03T07:36:43.760140,120114.999,1,0.045,0.107,0.165,0.015,0.109,0.009760000000000001,0.0,3,0.11,0.158,0.299,0.028,0.157,0.01794,0.0,1,0.062,0.111,0.189,0.019,0.109,0.012600000000000002,0.0,44699.451288,44506.14525,2,22925.586519,22816.725633,2363,0.0,0.0,0.0,0.261,0.0,0.261,2000.0,1229.906,16199.059,7.592
289,2026-04-03T07:36:45.762745,2026-04-03T07:38:59.585025,133822.192,1,0.065,0.108,0.19,0.018,0.109,0.01229,0.0,3,0.038,0.171,1.507,0.14,0.159,0.039970000000000006,0.0,1,0.038,0.104,0.156,0.016,0.1085,0.01118,0.0,37979.76221,34465.151125,8,24316.144859,23047.836819,0,0.0,0.0,0.0,16.667,10.0,6.667,2000.0,1234.574,16199.059,7.621
290,2026-04-03T07:39:01.587119,2026-04-03T07:41:11.844917,130257.739,1,0.064,0.107,0.198,0.019,0.107,0.012230000000000001,0.0,3,0.09,0.155,0.27,0.023,0.1565,0.015030000000000003,0.0,1,0.041,0.108,0.199,0.018,0.109,0.011370000000000002,0.0,42954.006195,42775.857297,53,23673.20183,23570.96149,455,0.0,0.0,0.0,0.783,0.261,0.522,2000.0,1253.102,16199.059,7.736
291,2026-04-03T07:41:13.848913,2026-04-03T07:43:20.588053,126738.899,1,0.028,0.107,0.228,0.024,0.106,0.013940000000000001,0.0,3,0.086,0.162,0.478,0.043,0.159,0.021140000000000003,0.0,1,0.067,0.108,0.153,0.014,0.1105,0.010190000000000001,0.0,42307.981618,41165.190072,199,23935.259758,22036.728692,0,0.0,0.0,0.0,0.524,0.0,0.524,2000.0,1220.906,16199.059,7.537
292,2026-04-03T07:43:22.590198,2026-04-03T07:45:24.953016,122362.737,1,0.05,0.109,0.232,0.021,0.11,0.012650000000000002,0.0,3,0.091,0.161,0.422,0.039,0.159,0.02219,0.0,1,0.061,0.108,0.175,0.018,0.11,0.012740000000000001,0.0,38739.280046,36873.343107,140,24305.038922,24202.443944,0,0.0,0.0,0.0,0.521,0.0,0.521,2000.0,1221.398,16199.059,7.54
293,2026-04-03T07:45:26.956009,2026-04-03T07:47:34.358526,127402.312,1,0.062,0.11,0.188,0.023,0.109,0.01559,0.0,3,0.096,0.167,0.473,0.05,0.16,0.024280000000000003,0.0,1,0.062,0.108,0.173,0.018,0.1065,0.013550000000000001,0.0,43309.331544,38533.842259,104,25429.492988,25301.636977,289,0.0,0.0,0.0,0.521,0.26,0.26,2000.0,1226.656,16199.059,7.572
294,2026-04-03T07:47:36.363444,2026-04-03T07:49:43.008234,126644.539,1,0.067,0.108,0.4,0.033,0.108,0.014680000000000002,0.0,3,0.091,0.152,0.234,0.024,0.1535,0.017380000000000003,0.0,1,0.063,0.145,3.35,0.324,0.109,0.07108999999999999,0.0,42173.885427,40299.005688,103,7625.591668,7085.459381,1,0.0,0.0,0.0,0.522,0.0,0.522,2000.0,1222.133,16199.059,7.544
295,2026-04-03T07:49:45.010687,2026-04-03T07:51:48.983119,123972.254,1,0.061,0.106,0.2,0.018,0.109,0.01239,0.0,3,0.091,0.161,0.25,0.027,0.161,0.018330000000000003,0.0,1,0.068,0.11,0.447,0.038,0.105,0.01581,0.0,42423.393933,41513.125237,103,25523.79124,25423.422147,1242,0.0,0.0,0.0,0.261,0.0,0.261,2000.0,1233.566,16199.059,7.615
296,2026-04-03T07:51:50.986939,2026-04-03T07:53:56.063807,125076.312,1,0.063,0.107,0.178,0.016,0.109,0.010730000000000002,0.0,3,0.095,0.163,0.273,0.03,0.16,0.019350000000000003,0.0,1,0.044,0.115,0.432,0.05,0.11,0.022770000000000002,0.0,43510.017172,39652.117529,51,24757.212453,24640.075549,454,0.0,0.0,0.0,0.26,0.0,0.26,2000.0,1228.02,16199.059,7.581
297,2026-04-03T07:53:58.066419,2026-04-03T07:56:06.372273,128305.788,1,0.065,0.105,0.186,0.019,0.104,0.01252,0.0,3,0.045,0.149,0.726,0.065,0.148,0.03017,0.0,1,0.025,0.109,0.188,0.021,0.1085,0.013800000000000002,0.0,42056.024938,39172.89303,6,23323.959947,22014.785242,2,0.0,0.0,0.0,0.0,0.0,0.0,2000.0,1234.422,16199.059,7.62
298,2026-04-03T07:56:08.374719,2026-04-03T07:58:17.468363,129093.561,1,0.069,0.11,0.49,0.04,0.109,0.01421,0.0,3,0.061,0.203,3.839,0.371,0.158,0.08949000000000001,0.0,1,0.033,0.11,0.306,0.032,0.107,0.01618,0.0,44347.55623,40867.984835,313,16678.534112,15797.342319,544,0.0,0.0,0.0,0.0,0.0,0.0,2000.0,1240.164,16199.059,7.656
299,2026-04-03T07:58:19.470533,2026-04-03T08:00:25.046572,125575.738,1,0.033,0.107,0.345,0.031,0.1045,0.01446,0.0,3,0.098,0.161,0.461,0.036,0.159,0.017660000000000002,0.0,1,0.062,0.111,0.181,0.02,0.109,0.01388,0.0,41892.301997,41718.213257,8,25386.973439,23780.866995,341,0.0,0.0,0.0,0.261,0.0,0.261,2000.0,1237.77,16199.059,7.641
300,2026-04-03T08:00:27.050083,2026-04-03T08:02:28.126476,121076.217,1,0.04,0.106,0.15,0.016,0.106,0.01077,0.0,3,0.097,0.162,0.252,0.025,0.1615,0.01651,0.0,1,0.075,0.109,0.307,0.026,0.107,0.012580000000000001,0.0,42454.388471,41396.245854,152,25211.806117,23369.784338,0,0.0,0.0,0.0,1.312,0.262,1.05,2000.0,1246.129,16199.059,7.693
301,2026-04-03T08:02:30.130218,2026-04-03T08:04:30.916513,120786.091,1,0.069,0.113,0.392,0.033,0.111,0.014930000000000002,0.0,3,0.093,0.154,0.292,0.025,0.156,0.01699,0.0,1,0.019,0.103,0.152,0.017,0.106,0.0117,0.0,43025.507656,42842.169364,8,23250.656886,23151.012302,812,0.0,0.0,0.0,0.0,0.0,0.0,2000.0,1229.043,16199.059,7.587
302,2026-04-03T08:04:32.920294,2026-04-03T08:06:42.617464,129696.939,1,0.061,0.109,0.283,0.027,0.108,0.013560000000000001,0.0,3,0.09,0.163,0.277,0.026,0.16,0.016630000000000002,0.0,1,0.062,0.114,0.575,0.051,0.109,0.018680000000000002,0.0,41485.15047,38778.103486,6,22817.55677,22817.471332,370,0.0,0.0,0.0,0.0,0.0,0.0,2000.0,1226.457,16199.059,7.571
303,2026-04-03T08:06:44.620409,2026-04-03T08:08:47.323351,122702.846,1,0.069,0.107,0.16,0.017,0.106,0.01217,0.0,3,0.031,0.151,0.256,0.031,0.155,0.02171,0.0,1,0.065,0.111,0.398,0.033,0.111,0.01455,0.0,45301.866601,45106.490223,48,24513.099856,24399.962025,0,0.0,0.0,0.0,0.261,0.0,0.261,2000.0,1225.828,16199.059,7.567
304,2026-04-03T08:08:49.325650,2026-04-03T08:10:48.812062,119486.338,1,0.025,0.111,0.323,0.031,0.109,0.0183,0.0,3,0.092,0.16,0.747,0.062,0.153,0.020960000000000003,0.0,1,0.062,0.11,0.196,0.019,0.1075,0.011990000000000002,0.0,39999.424681,39796.438893,552,24904.08107,24788.260932,900,0.0,0.0,0.0,0.0,0.0,0.0,2000.0,1225.863,16199.059,7.567
305,2026-04-03T08:10:50.815206,2026-04-03T08:12:59.365758,128550.296,1,0.018,0.131,1.518,0.197,0.108,0.059140000000000005,0.0,3,0.078,0.155,0.239,0.027,0.157,0.01931,0.0,1,0.067,0.107,0.192,0.019,0.108,0.013000000000000001,0.0,42857.099087,42298.894001,105,25145.056015,25036.875107,540,0.0,0.0,0.0,1.319,0.792,0.528,2000.0,1229.797,16199.059,7.592
306,2026-04-03T08:13:01.368560,2026-04-03T08:15:02.846736,121478.021,1,0.061,0.104,0.149,0.016,0.1075,0.012630000000000002,0.0,3,0.095,0.161,0.504,0.043,0.159,0.022860000000000002,0.0,1,0.037,0.11,0.229,0.023,0.109,0.012580000000000001,0.0,43452.297812,43246.400627,7,25614.907455,25511.285393,598,0.0,0.0,0.0,0.522,0.261,0.261,2000.0,1230.582,16199.059,7.597
307,2026-04-03T08:15:04.847502,2026-04-03T08:17:05.992473,121144.803,1,0.06,0.11,0.299,0.025,0.1105,0.013920000000000002,0.0,3,0.077,0.163,0.329,0.03,0.16,0.01938,0.0,1,0.067,0.113,0.507,0.041,0.11,0.014320000000000003,0.0,42466.63969,42286.181223,58,24997.015007,24884.019938,0,0.0,0.0,0.0,0.521,0.0,0.521,2000.0,1237.898,16199.059,7.642
308,2026-04-03T08:17:07.995753,2026-04-03T08:19:10.256668,122260.664,1,0.067,0.109,0.155,0.019,0.1095,0.01391,0.0,3,0.075,0.158,0.289,0.029,0.157,0.019000000000000003,0.0,1,0.064,0.112,0.219,0.02,0.109,0.012600000000000002,0.0,42672.01944,42498.563925,60,16277.641306,16205.593494,1,0.0,0.0,0.0,0.779,0.26,0.519,2000.0,1238.379,16199.059,7.645
309,2026-04-03T08:19:12.260198,2026-04-03T08:21:21.020093,128759.67,1,0.054,0.104,0.198,0.019,0.106,0.01308,0.0,3,0.042,0.162,0.593,0.057,0.159,0.027010000000000003,0.0,1,0.044,0.114,0.506,0.044,0.11,0.017400000000000002,0.0,37903.993459,36199.769166,56,23540.979857,22203.124256,497,0.0,0.0,0.0,0.521,0.0,0.521,2000.0,1238.512,16199.059,7.646
310,2026-04-03T08:21:23.024445,2026-04-03T08:23:24.207581,121183.072,1,0.021,0.107,0.175,0.02,0.109,0.013430000000000001,0.0,3,0.092,0.159,0.376,0.033,0.158,0.018880000000000004,0.0,1,0.06,0.109,0.223,0.02,0.11,0.013060000000000002,0.0,42142.598567,41962.848612,7,25894.669614,25774.520999,0,0.0,0.0,0.0,0.262,0.262,0.0,2000.0,1231.609,16199.059,7.603
311,2026-04-03T08:23:26.207869,2026-04-03T08:25:26.391009,120183.066,1,0.065,0.107,0.168,0.017,0.108,0.012060000000000001,0.0,3,0.058,0.153,0.277,0.03,0.1575,0.020270000000000003,0.0,1,0.059,0.108,0.154,0.017,0.1085,0.01165,0.0,43177.843079,42994.832337,5,25964.222025,24305.756413,1,0.0,0.0,0.0,0.0,0.0,0.0,2000.0,1234.496,16199.059,7.621
312,2026-04-03T08:25:28.823588,2026-04-03T08:27:33.955839,125131.682,1,0.045,0.114,0.554,0.05,0.11,0.020470000000000002,0.0,3,0.097,0.155,0.252,0.026,0.1555,0.017400000000000002,0.0,1,0.067,0.12,0.86,0.089,0.1095,0.030889999999999997,0.0,41807.083879,41628.886047,10,24637.927079,24531.196927,0,0.0,0.0,0.0,0.0,0.0,0.0,2000.0,1232.738,16199.059,7.61
313,2026-04-03T08:27:35.958801,2026-04-03T08:29:38.956761,122997.466,1,0.058,0.116,1.23,0.113,0.108,0.025480000000000003,0.0,3,0.093,0.154,0.259,0.024,0.158,0.017100000000000004,0.0,1,0.017,0.16,3.336,0.401,0.108,0.11130999999999999,0.0,41795.040322,41612.395029,3,24283.962779,24182.622324,45,0.0,0.0,0.0,0.261,0.0,0.261,2000.0,1226.707,16199.059,7.573
314,2026-04-03T08:29:40.959369,2026-04-03T08:31:44.551111,123591.571,1,0.043,0.103,0.145,0.017,0.104,0.0124,0.0,3,0.054,0.168,1.508,0.141,0.154,0.03934000000000001,0.0,1,0.061,0.108,0.213,0.021,0.107,0.013470000000000001,0.0,43999.888058,41320.135225,56,24800.081457,24687.337274,0,0.0,0.0,0.0,0.521,0.0,0.521,2000.0,1237.91,16199.059,7.642
315,2026-04-03T08:31:46.554287,2026-04-03T08:33:53.895759,127341.253,1,0.064,0.183,0.804,0.107,0.171,0.06486,0.0,3,0.089,0.489,9.399,1.245,0.23,0.4783,0.0,1,0.095,0.172,0.631,0.069,0.1585,0.03295999999999999,0.0,10608.937121,10552.801277,6,3965.31116,3947.334459,319,0.0,0.0,0.0,0.542,0.0,0.542,2000.0,1223.82,16199.059,7.555
316,2026-04-03T08:33:55.899731,2026-04-03T08:36:02.772698,126872.83,1,0.107,0.197,0.683,0.058,0.182,0.03141,0.0,3,0.218,0.3,0.736,0.082,0.2725,0.05425,0.0,1,0.13,0.292,4.261,0.483,0.195,0.17098,0.0,6815.335761,6640.914641,9,3734.672071,3387.463426,1278,0.0,0.0,0.0,0.811,0.27,0.541,2000.0,1231.688,16199.059,7.603
317,2026-04-03T08:36:04.775819,2026-04-03T08:38:12.012438,127236.003,1,0.129,0.237,3.438,0.329,0.183,0.08958999999999999,0.0,3,0.199,0.297,0.83,0.1,0.2735,0.05261999999999999,0.0,1,0.103,0.209,0.582,0.06,0.1935,0.038529999999999995,0.0,6611.073348,6422.361698,143,3677.513622,3659.473751,452,0.0,0.0,0.0,1.351,0.27,1.081,2000.0,1227.785,16199.059,7.579
318,2026-04-03T08:38:14.013768,2026-04-03T08:40:22.805835,128791.532,1,0.1,0.209,0.558,0.064,0.1975,0.03825,0.0,3,0.232,0.718,32.872,3.33,0.2915,0.80214,0.0,1,0.092,0.196,0.342,0.039,0.181,0.029020000000000004,0.0,6928.695738,6318.552095,414,3689.147157,3675.414721,182,0.0,0.0,0.0,1.351,0.27,1.081,2000.0,1234.602,16199.059,7.621
319,2026-04-03T08:40:24.809012,2026-04-03T08:42:30.257082,125447.731,1,0.108,0.201,0.754,0.072,0.18,0.03675,0.0,3,0.177,0.294,0.922,0.083,0.2765,0.04842,0.0,1,0.109,0.216,0.724,0.073,0.2015,0.042980000000000004,0.0,6847.886447,6579.149953,11,3362.193448,3346.877881,1,0.0,0.0,0.0,0.541,0.0,0.541,2000.0,1236.336,16199.059,7.632
320,2026-04-03T08:42:32.261616,2026-04-03T08:44:43.984292,131722.344,1,0.104,0.197,0.482,0.05,0.18,0.03402,0.0,3,0.179,0.283,0.519,0.057,0.258,0.04390999999999999,0.0,1,0.078,0.349,9.094,0.983,0.182,0.30068,0.0,6952.530396,6923.533161,10,3760.932615,3748.171214,227,0.0,0.0,0.0,0.541,0.0,0.541,2000.0,1245.328,16199.059,7.688
321,2026-04-03T08:44:45.988673,2026-04-03T08:46:53.237519,127248.682,1,0.14,0.222,0.728,0.097,0.194,0.055470000000000005,0.0,3,0.165,0.296,0.88,0.102,0.2635,0.060779999999999994,0.0,1,0.097,0.211,0.655,0.08,0.187,0.04414,0.0,6199.749987,6172.420758,3,3992.492719,3683.266386,0,0.0,0.0,0.0,2.167,0.929,1.238,2000.0,1225.531,16199.059,7.565
322,2026-04-03T08:46:55.238838,2026-04-03T08:49:05.200696,129961.532,1,0.122,0.215,0.567,0.077,0.1855,0.04863,0.0,3,0.228,0.295,0.636,0.074,0.2655,0.049679999999999995,0.0,1,0.117,0.279,8.513,0.828,0.1805,0.17052000000000003,0.0,6686.428288,6340.094372,7,3819.957609,3805.396722,884,0.0,0.0,0.0,0.804,0.0,0.804,2000.0,1239.777,16199.059,7.653
323,2026-04-03T08:49:07.205226,2026-04-03T08:51:14.288335,127082.768,1,0.098,0.21,0.646,0.067,0.206,0.0407,0.0,3,0.179,0.315,0.857,0.117,0.278,0.06991,0.0,1,0.162,0.209,0.472,0.06,0.187,0.03834,0.0,7461.586977,7322.631284,2729,3643.776458,3629.656867,676,0.0,0.0,0.0,0.809,0.0,0.809,2000.0,1239.328,16199.059,7.651
324,2026-04-03T08:51:16.291659,2026-04-03T08:53:24.935201,128643.13,1,0.08,0.219,0.618,0.074,0.207,0.04764,0.0,3,0.187,0.293,0.662,0.073,0.2775,0.048709999999999996,0.0,1,0.16,0.213,0.548,0.06,0.193,0.039850000000000003,0.0,5727.914746,5703.639706,3,3858.015469,3754.529755,316,0.0,0.0,0.0,0.804,0.0,0.804,2000.0,1223.035,16199.059,7.55
325,2026-04-03T08:53:26.938590,2026-04-03T08:55:35.279335,128339.268,1,0.098,0.306,10.103,0.987,0.192,0.21237,0.0,3,0.164,0.294,0.615,0.08,0.2625,0.054139999999999994,0.0,1,0.122,0.203,0.613,0.059,0.187,0.0359,0.0,6731.128266,6702.664763,54,3468.165021,3452.394887,469,0.0,0.0,0.0,0.538,0.0,0.538,2000.0,1222.723,16199.059,7.548
326,2026-04-03T08:55:37.285218,2026-04-03T08:57:47.709058,130423.712,1,0.108,0.218,0.775,0.079,0.20400000000000001,0.04308,0.0,3,0.183,0.446,8.645,0.971,0.265,0.30779,0.0,1,0.083,0.21,0.546,0.055,0.196,0.03638,0.0,7095.952672,6588.664165,6,3930.885993,3770.020027,596,0.0,0.0,0.0,1.34,0.268,1.072,2000.0,1235.445,16199.059,7.627
327,2026-04-03T08:57:49.712196,2026-04-03T08:59:35.354415,105641.901,1,0.108,0.468,26.666,2.633,0.1895,0.52818,0.0,3,,,,,,,,1,,,,,,,,7100.004597,7029.136434,7,4206.628084,4189.562515,1222,0.0,0.0,0.0,0.27,0.0,0.27,2000.0,1233.371,16199.059,7.614
328,2026-04-03T08:59:37.358731,2026-04-03T09:01:38.421227,121061.631,1,0.137,0.209,0.363,0.046,0.203,0.03633,0.0,3,0.2,0.335,2.093,0.256,0.269,0.11048000000000001,0.0,1,0.095,0.44,24.829,2.451,0.1795,0.48672,0.0,6738.48123,5672.881892,222,,,,0.0,0.0,0.0,1.075,0.0,1.075,2000.0,1230.211,16199.059,7.594
329,2026-04-03T09:01:40.426384,2026-04-03T09:03:46.425520,125999.009,1,0.12,0.205,0.579,0.065,0.1835,0.03829,0.0,3,0.16,0.661,22.961,2.481,0.2895,0.70253,0.0,1,0.122,0.199,0.497,0.045,0.183,0.031920000000000004,0.0,6764.928105,6734.922481,11,,,,0.0,0.0,0.0,1.078,0.0,1.078,2000.0,1252.414,16199.059,7.731
330,2026-04-03T09:03:48.426870,2026-04-03T09:05:55.246222,126818.319,1,0.095,0.681,37.373,3.759,0.1955,0.91137,0.0,3,0.136,0.298,0.85,0.087,0.279,0.05465,0.0,1,0.104,0.217,0.599,0.081,0.1905,0.05127,0.0,6191.438836,6165.244885,138,3685.079115,3671.189475,137,0.0,0.0,0.0,0.811,0.27,0.541,2000.0,1235.133,16199.059,7.625
331,2026-04-03T09:05:57.251016,2026-04-03T09:08:04.400479,127148.763,1,0.106,0.206,0.445,0.05,0.2045,0.03415,0.0,3,0.145,0.289,0.603,0.072,0.255,0.052419999999999994,0.0,1,0.139,0.217,1.057,0.102,0.194,0.048260000000000004,0.0,6695.57977,6593.51551,101,4297.863589,4280.769838,1223,0.0,0.0,0.0,1.081,0.541,0.541,2000.0,1242.727,16199.059,7.672
332,2026-04-03T09:08:06.404228,2026-04-03T09:10:17.808257,131403.896,1,0.108,0.205,0.609,0.072,0.1785,0.041069999999999995,0.0,3,0.186,0.525,16.943,1.822,0.2805,0.47783000000000003,0.0,1,0.114,0.202,0.522,0.053,0.1845,0.03476,0.0,6997.044791,6344.081549,6,3905.948854,3605.757415,755,0.0,0.0,0.0,2.965,1.078,1.887,2000.0,1233.555,16199.059,7.615
333,2026-04-03T09:10:19.811494,2026-04-03T09:12:36.382620,136570.765,1,0.105,0.201,0.595,0.064,0.1815,0.03654,0.0,3,0.18,0.287,0.87,0.072,0.266,0.04154999999999999,0.0,1,0.071,0.206,0.563,0.072,0.1805,0.04602,0.0,7505.002415,7074.980782,1191,4296.765823,3942.755886,574,0.0,0.0,0.0,0.541,0.27,0.27,2000.0,1223.594,16199.059,7.553
334,2026-04-03T09:12:38.386501,2026-04-03T09:14:48.928981,130541.464,1,0.108,0.206,0.584,0.062,0.1875,0.039459999999999995,0.0,3,0.169,0.322,3.584,0.336,0.267,0.09384,0.0,1,0.093,0.211,0.504,0.055,0.2085,0.0368,0.0,6715.092459,6669.213738,821,2583.272774,2571.451214,3,0.0,0.0,0.0,1.075,0.269,0.806,2000.0,1230.137,16199.059,7.594
335,2026-04-03T09:14:50.932271,2026-04-03T09:16:57.465230,126532.562,1,0.099,0.196,0.332,0.039,0.1825,0.03113,0.0,3,0.122,0.287,0.794,0.069,0.271,0.04214999999999999,0.0,1,0.097,0.213,0.936,0.097,0.185,0.04661,0.0,6304.082811,6271.017835,148,3918.05286,3854.37398,704,0.0,0.0,0.0,1.075,0.269,0.806,2000.0,1230.035,16199.059,7.593
336,2026-04-03T09:16:59.470324,2026-04-03T09:19:07.292476,127821.767,1,0.096,0.196,0.447,0.045,0.1845,0.028510000000000004,0.0,3,0.116,0.287,0.592,0.061,0.264,0.045799999999999993,0.0,1,0.099,0.392,16.718,1.661,0.1915,0.37538,0.0,6569.412937,6143.692498,2571,3814.210291,3799.19673,1104,0.0,0.0,0.0,1.078,0.0,1.078,2000.0,1245.953,16199.059,7.692
337,2026-04-03T09:19:09.295659,2026-04-03T09:21:20.432811,131137.017,1,0.155,0.206,0.509,0.051,0.1925,0.034019999999999995,0.0,3,0.145,0.29,0.528,0.062,0.2765,0.047139999999999994,0.0,1,0.146,0.196,0.339,0.033,0.183,0.026430000000000002,0.0,6850.196304,6801.4028,5,4248.977965,4096.827892,50,0.0,0.0,0.0,1.34,0.0,1.34,2000.0,1245.289,16199.059,7.687
338,2026-04-03T09:21:22.435419,2026-04-03T09:23:32.273286,129837.697,1,0.065,0.22,1.605,0.153,0.1915,0.05741,0.0,3,0.205,0.287,0.489,0.053,0.28200000000000003,0.04097,0.0,1,0.125,0.205,0.766,0.075,0.184,0.038959999999999995,0.0,6490.087054,6461.72494,49,3813.706186,3722.943113,1265,0.0,0.0,0.0,1.078,0.27,0.809,2000.0,1231.305,16199.059,7.601
339,2026-04-03T09:23:34.277059,2026-04-03T09:25:46.810502,132533.304,1,0.111,0.201,0.362,0.044,0.183,0.034370000000000005,0.0,3,0.177,0.292,0.671,0.07,0.27,0.04574999999999999,0.0,1,0.054,0.438,23.8,2.349,0.1855,0.47784000000000004,0.0,6628.736869,5990.689802,1,3688.837088,3528.476225,2,0.0,0.0,0.0,0.806,0.269,0.538,2000.0,1243.32,16199.059,7.675
340,2026-04-03T09:25:48.813338,2026-04-03T09:27:54.955440,126141.804,1,0.074,0.243,3.602,0.345,0.197,0.09029999999999999,0.0,3,0.164,0.293,0.527,0.056,0.285,0.0434,0.0,1,0.089,0.223,1.771,0.172,0.191,0.0601,0.0,6050.595738,6023.928706,661,4167.843697,4067.707614,1159,0.0,0.0,0.0,0.809,0.27,0.539,2000.0,1228.504,16199.059,7.584
341,2026-04-03T09:27:56.959777,2026-04-03T09:30:09.518838,132558.672,1,0.087,0.204,0.972,0.084,0.1885,0.03476,0.0,3,0.195,0.304,0.905,0.114,0.266,0.06508,0.0,1,0.11,0.329,10.634,1.048,0.1925,0.25256,0.0,6610.995243,6177.101092,13,3585.979448,3571.226863,1301,0.0,0.0,0.0,0.809,0.27,0.539,2000.0,1247.156,16199.059,7.699
342,2026-04-03T09:30:11.522508,2026-04-03T09:32:20.785302,129262.403,1,0.097,0.203,0.697,0.061,0.1925,0.033780000000000004,0.0,3,0.236,0.339,2.702,0.264,0.2865,0.09652000000000001,0.0,1,0.087,0.203,0.518,0.051,0.188,0.035410000000000004,0.0,6558.696621,6526.778774,50,3755.644699,3456.344551,45,0.0,0.0,0.0,1.078,0.0,1.078,2000.0,1216.828,16199.059,7.512
343,2026-04-03T09:32:22.790867,2026-04-03T09:34:30.185197,127393.998,1,0.149,0.219,0.599,0.077,0.1975,0.04901,0.0,3,0.207,0.304,0.967,0.114,0.274,0.06175,0.0,1,0.127,0.197,0.538,0.048,0.179,0.03127,0.0,6173.952557,5873.340753,47,3817.489575,3799.762028,1373,0.0,0.0,0.0,1.075,0.0,1.075,2000.0,1236.488,16199.059,7.633
344,2026-04-03T09:34:32.188011,2026-04-03T09:36:41.440810,129252.657,1,0.086,0.198,0.397,0.044,0.185,0.03148,0.0,3,0.215,0.29,0.666,0.06,0.2725,0.041949999999999994,0.0,1,0.077,0.206,1.131,0.11,0.179,0.046729999999999994,0.0,6848.437583,6821.334372,1687,3940.81489,3649.233024,593,0.0,0.0,0.0,1.351,0.27,1.081,2000.0,1248.57,16199.059,7.708
345,2026-04-03T09:36:43.444290,2026-04-03T09:38:57.517316,134072.669,1,0.084,0.197,0.441,0.048,0.1925,0.03184,0.0,3,0.218,0.761,29.496,3.132,0.2765,0.89206,0.0,1,0.061,0.275,7.845,0.762,0.189,0.16235000000000002,0.0,4910.245225,4890.431345,48,4129.770466,3779.960304,1216,0.0,0.0,0.0,1.613,0.269,1.344,2000.0,1240.93,16199.059,7.661
346,2026-04-03T09:38:59.519863,2026-04-03T09:41:08.264392,128744.126,1,0.108,0.196,0.578,0.058,0.1745,0.036199999999999996,0.0,3,0.198,0.296,1.328,0.138,0.26,0.060739999999999995,0.0,1,0.131,0.211,0.608,0.069,0.186,0.04634,0.0,6738.238679,6299.418407,137,3623.242415,3607.973985,1225,0.0,0.0,0.0,0.813,0.542,0.271,2000.0,1241.449,16199.059,7.664
347,2026-04-03T09:41:10.266661,2026-04-03T09:43:17.644820,127377.805,1,0.102,0.207,0.579,0.07,0.188,0.03987,0.0,3,0.197,0.295,0.627,0.064,0.2785,0.04649,0.0,1,0.103,0.199,0.462,0.055,0.1765,0.03658,0.0,5898.607877,5874.425072,8,4062.822467,4046.561784,2239,0.0,0.0,0.0,1.344,0.269,1.075,2000.0,1239.617,16199.059,7.652
348,2026-04-03T09:43:19.648098,2026-04-03T09:45:25.982157,126333.565,1,0.079,0.203,0.763,0.082,0.1775,0.04474,0.0,3,0.196,0.305,1.142,0.115,0.27849999999999997,0.0608,0.0,1,0.117,0.207,0.399,0.046,0.20350000000000001,0.03153,0.0,5194.18817,5172.670989,98,3922.792263,3906.70923,612,0.0,0.0,0.0,0.811,0.0,0.811,2000.0,1233.922,16199.059,7.617
349,2026-04-03T09:45:28.339515,2026-04-03T09:47:37.173512,128833.197,1,0.105,0.202,0.654,0.063,0.1845,0.03549,0.0,3,0.15,0.291,0.671,0.081,0.2605,0.05583,0.0,1,0.109,0.28,7.82,0.76,0.184,0.16598000000000002,0.0,8261.229996,8227.29903,960,3599.993882,3519.150604,370,0.0,0.0,0.0,0.535,0.0,0.535,2000.0,1230.188,16199.059,7.594
350,2026-04-03T09:47:39.175074,2026-04-03T09:49:47.511096,128335.043,1,0.091,0.206,0.584,0.067,0.1855,0.042679999999999996,0.0,3,0.184,0.856,22.731,2.931,0.2945,1.0438,0.0,1,0.065,0.203,0.555,0.057,0.1925,0.037360000000000004,0.0,7017.912777,6384.221356,48,3746.404784,3633.816064,4,0.0,0.0,0.0,0.811,0.27,0.541,2000.0,1242.488,16199.059,7.67
351,2026-04-03T09:49:49.515435,2026-04-03T09:51:58.579599,129064.027,1,0.086,0.213,0.591,0.082,0.187,0.05026,0.0,3,0.212,0.298,0.823,0.081,0.278,0.04897,0.0,1,0.1,0.207,0.713,0.075,0.186,0.040619999999999996,0.0,6239.474877,5932.908678,908,4085.801186,3696.633214,322,0.0,0.0,0.0,6.612,3.581,3.03,2000.0,1254.848,16199.059,7.746
352,2026-04-03T09:52:00.581027,2026-04-03T09:54:12.632063,132050.707,1,0.098,0.211,0.738,0.087,0.1885,0.04418,0.0,3,0.214,0.303,1.452,0.133,0.273,0.05993,0.0,1,0.065,0.216,1.356,0.125,0.1945,0.050390000000000004,0.0,7313.979337,7284.750872,51,3193.450267,2890.751303,980,0.0,0.0,0.0,0.809,0.0,0.809,2000.0,1224.039,16199.059,7.556
353,2026-04-03T09:54:14.636060,2026-04-03T09:56:22.789244,128153.016,1,0.101,0.204,0.709,0.064,0.1885,0.036469999999999995,0.0,3,0.158,0.504,15.366,1.613,0.267,0.41954,0.0,1,0.124,0.202,0.664,0.057,0.186,0.031520000000000006,0.0,3560.764456,3546.628184,360,5033.796825,5011.186323,319,0.0,0.0,0.0,1.351,0.27,1.081,2000.0,1236.508,16199.059,7.633
354,2026-04-03T09:56:24.793896,2026-04-03T09:58:35.034826,130240.791,1,0.07,0.264,5.316,0.529,0.185,0.14346,0.0,3,0.151,0.289,1.189,0.111,0.261,0.051329999999999994,0.0,1,0.087,0.21,1.903,0.173,0.1915,0.045099999999999994,0.0,6513.507151,6466.437908,3,3487.042834,3471.122034,2,0.0,0.0,0.0,1.078,0.0,1.078,2000.0,1245.715,16199.059,7.69
355,2026-04-03T09:58:37.038461,2026-04-03T10:00:45.651072,128611.581,1,0.145,0.347,8.686,0.939,0.1905,0.26738,0.0,3,0.206,0.297,0.843,0.087,0.272,0.053939999999999995,0.0,1,0.109,0.205,0.548,0.059,0.184,0.038829999999999996,0.0,7333.063765,7298.838903,2,10178.819522,9267.493535,701,0.0,0.0,0.0,1.064,0.0,1.064,2000.0,1243.34,16199.059,7.675
356,2026-04-03T10:00:47.651750,2026-04-03T10:02:54.295620,126643.729,1,0.081,0.183,0.758,0.083,0.155,0.04551,0.0,3,0.172,0.254,0.654,0.071,0.229,0.04179,0.0,1,0.033,0.175,0.822,0.071,0.1615,0.03026,0.0,16283.294367,16214.451751,6,12920.526489,12400.061205,978,0.0,0.0,0.0,0.798,0.266,0.532,2000.0,1242.562,16199.059,7.671
357,2026-04-03T10:02:56.298365,2026-04-03T10:05:14.092855,137794.142,1,0.032,0.255,7.854,0.773,0.155,0.18264,0.0,3,0.112,0.245,0.554,0.058,0.227,0.03695,0.0,1,0.034,0.264,4.036,0.44,0.179,0.15859,0.0,6838.144126,6741.266403,48,3755.075859,3740.619182,311,0.0,0.0,0.0,1.351,0.0,1.351,2000.0,1234.316,16199.059,7.62
358,2026-04-03T10:05:16.096715,2026-04-03T10:07:26.684801,130587.703,1,0.059,0.2,0.517,0.059,0.182,0.03826,0.0,3,0.157,0.574,18.325,1.971,0.2645,0.56904,0.0,1,0.132,0.214,0.86,0.087,0.1945,0.042460000000000005,0.0,6078.962196,6055.388185,3,4550.452068,4532.299482,1146,0.0,0.0,0.0,0.809,0.27,0.539,2000.0,1244.879,16199.059,7.685
359,2026-04-03T10:07:29.468485,2026-04-03T10:09:40.061179,130592.513,1,0.083,0.202,0.482,0.048,0.189,0.034550000000000004,0.0,3,0.128,0.291,0.497,0.055,0.276,0.04162,0.0,1,0.058,0.465,11.166,1.544,0.186,0.515,0.0,6638.852596,6609.854842,6,3883.070002,3620.196474,746,0.0,0.0,0.0,0.809,0.0,0.809,2000.0,1240.402,16199.059,7.657
360,2026-04-03T10:09:42.064050,2026-04-03T10:11:46.813507,124749.336,1,0.122,0.209,0.731,0.079,0.194,0.03839,0.0,3,0.191,0.291,0.814,0.087,0.2585,0.052849999999999994,0.0,1,0.123,0.224,2.18,0.205,0.1835,0.06396,0.0,7050.393937,6585.48907,1839,4488.713735,4470.870362,529,0.0,0.0,0.0,1.344,0.269,1.075,2000.0,1244.125,16199.059,7.68
361,2026-04-03T10:11:48.816107,2026-04-03T10:13:56.663843,127847.399,1,0.107,0.425,21.769,2.146,0.1885,0.43392,0.0,3,0.135,0.299,0.674,0.074,0.2785,0.05262,0.0,1,0.1,0.206,0.914,0.084,0.1845,0.04068,0.0,6745.589554,6141.543541,7,4309.640395,3929.475396,3,0.0,0.0,0.0,1.351,0.27,1.081,2000.0,1244.074,16199.059,7.68
362,2026-04-03T10:13:59.495810,2026-04-03T10:16:14.512182,135016.182,1,0.096,0.214,0.512,0.066,0.199,0.04306,0.0,3,0.15,0.303,0.732,0.086,0.2835,0.05567,0.0,1,0.104,0.203,0.564,0.055,0.183,0.035780000000000006,0.0,7072.876745,6615.771728,234,5319.89316,5287.768527,347,0.0,0.0,0.0,1.078,0.0,1.078,2000.0,1246.684,16199.059,7.696
363,2026-04-03T10:16:16.514731,2026-04-03T10:18:35.856494,139341.639,1,0.098,0.216,1.268,0.118,0.201,0.050159999999999996,0.0,3,0.1,0.514,11.171,1.5,0.271,0.44471000000000005,0.0,1,0.105,0.211,0.65,0.075,0.1875,0.04543,0.0,6783.310289,6754.80725,2,5047.746938,5017.445264,239,0.0,0.0,0.0,0.809,0.27,0.539,2000.0,1239.824,16199.059,7.654
364,2026-04-03T10:18:37.859980,2026-04-03T10:20:44.164918,126304.578,1,0.136,0.218,0.647,0.076,0.1945,0.04804,0.0,3,0.172,0.296,0.772,0.078,0.274,0.05001,0.0,1,0.104,0.208,0.678,0.071,0.186,0.041109999999999994,0.0,6503.70558,6479.572068,94,1733.998945,1726.001643,199,0.0,0.0,0.0,0.539,0.27,0.27,2000.0,1261.109,16199.059,7.785
365,2026-04-03T10:20:46.167558,2026-04-03T10:22:56.573913,130406.022,1,0.105,0.206,0.419,0.049,0.1935,0.03514,0.0,3,0.217,0.309,1.286,0.119,0.2785,0.06139,0.0,1,0.099,0.217,0.879,0.112,0.1885,0.0518,0.0,4717.819902,4438.158945,4,4085.43827,3734.963591,918,0.0,0.0,0.0,1.609,0.268,1.34,2000.0,1225.707,16199.059,7.567
366,2026-04-03T10:22:58.576109,2026-04-03T10:25:08.328487,129750.357,1,0.095,0.2,0.722,0.073,0.186,0.0348,0.0,3,0.163,0.282,0.414,0.043,0.274,0.034629999999999994,0.0,1,0.076,0.237,2.791,0.275,0.184,0.09117999999999998,0.0,7046.066967,6630.848231,49,2394.073451,2381.162579,1075,0.0,0.0,0.0,1.084,0.0,1.084,2000.0,1239.625,16199.059,7.652
367,2026-04-03T10:25:10.331263,2026-04-03T10:27:26.020929,135689.395,1,0.099,0.273,7.498,0.727,0.19,0.15094000000000002,0.0,3,0.183,0.527,7.826,1.056,0.2925,0.432,0.0,1,0.11,0.207,0.676,0.063,0.19,0.03809,0.0,5890.595645,5861.670266,54,3692.66297,3677.596884,525,0.0,0.0,0.0,0.811,0.27,0.541,2000.0,1227.445,16199.059,7.577
368,2026-04-03T10:27:28.585798,2026-04-03T10:29:39.345174,130746.657,1,0.116,0.204,0.568,0.069,0.187,0.03674999999999999,0.0,3,0.122,0.3,1.28,0.126,0.263,0.0653,0.0,1,0.07,0.404,17.646,1.765,0.176,0.41505000000000003,0.0,6925.003092,6545.002571,51,2992.941333,2980.95758,1173,0.0,0.0,0.0,1.072,0.0,1.072,2000.0,1242.582,16199.059,7.671
369,2026-04-03T10:29:41.348459,2026-04-03T10:31:50.734703,129386.113,1,0.097,0.201,0.744,0.068,0.1825,0.03533,0.0,3,0.208,0.303,0.757,0.082,0.2765,0.05433,0.0,1,0.122,0.218,0.741,0.09,0.1905,0.05,0.0,6880.014776,6852.733937,8,3611.753437,3584.897983,408,0.0,0.0,0.0,0.809,0.27,0.539,2000.0,1222.629,16199.059,7.548
370,2026-04-03T10:31:52.737556,2026-04-03T10:34:08.800498,136062.81,1,0.055,0.654,41.241,4.091,0.182,0.8857700000000001,0.0,3,0.149,0.325,1.138,0.15,0.287,0.08787,0.0,1,0.1,0.207,0.771,0.077,0.1855,0.040549999999999996,0.0,6855.038249,6827.22945,12,3004.683381,2954.513456,749,0.0,0.0,0.0,0.811,0.0,0.811,2000.0,1228.641,16199.059,7.585
371,2026-04-03T10:34:10.804641,2026-04-03T10:36:24.907323,134102.349,1,0.114,0.198,0.634,0.057,0.185,0.03212,0.0,3,0.17,0.303,1.291,0.123,0.2785,0.05745,0.0,1,0.11,0.203,0.331,0.038,0.20350000000000001,0.03039,0.0,7360.829408,7329.42169,2256,4783.793823,4563.131776,94,0.0,0.0,0.0,1.344,0.538,0.806,2000.0,1247.766,16199.059,7.703
372,2026-04-03T10:36:26.912775,2026-04-03T10:38:41.305161,134392.256,1,0.087,0.512,22.503,2.39,0.1815,0.61559,0.0,3,0.156,0.296,0.612,0.067,0.292,0.046189999999999995,0.0,1,0.118,0.461,19.08,1.941,0.1935,0.4892000000000001,0.0,6582.377588,6543.946275,3,3013.391571,2768.627279,45,0.0,0.0,0.0,1.34,0.268,1.072,2000.0,1246.387,16199.059,7.694
373,2026-04-03T10:38:43.308712,2026-04-03T10:40:51.923811,128614.497,1,0.107,0.212,0.649,0.08,0.1885,0.04563,0.0,3,0.181,0.375,4.346,0.472,0.283,0.17027,0.0,1,0.111,0.205,0.517,0.055,0.1875,0.03649,0.0,5532.786764,5356.160529,3031,3903.745419,3886.338338,271,0.0,0.0,0.0,0.809,0.27,0.539,2000.0,1242.625,16199.059,7.671
374,2026-04-03T10:40:54.696684,2026-04-03T10:43:08.725877,134027.425,1,0.06,0.431,7.822,1.191,0.1855,0.4468,0.0,3,0.205,0.291,0.508,0.061,0.263,0.048709999999999996,0.0,1,0.101,0.196,0.499,0.047,0.18,0.03223,0.0,6427.283049,6401.324305,377,3445.89783,3155.587523,136,0.0,0.0,0.0,1.081,0.27,0.811,2000.0,1244.52,16199.059,7.683
375,2026-04-03T10:43:10.728639,2026-04-03T10:45:15.604891,124875.926,1,0.103,0.211,0.614,0.068,0.199,0.04416,0.0,3,0.183,0.292,0.534,0.057,0.284,0.04141,0.0,1,0.083,0.206,0.722,0.07,0.199,0.03686,0.0,7882.011798,7721.169594,3,3901.273,3881.413466,2,0.0,0.0,0.0,0.541,0.27,0.27,2000.0,1235.832,16199.059,7.629
376,2026-04-03T10:45:17.607952,2026-04-03T10:47:32.569257,134961.149,1,0.072,0.273,6.194,0.599,0.202,0.13879000000000002,0.0,3,0.178,0.279,0.434,0.05,0.258,0.039060000000000004,0.0,1,0.098,0.266,6.027,0.582,0.192,0.13032000000000002,0.0,5502.292434,5273.818833,906,3723.455516,3386.141008,91,0.0,0.0,0.0,0.813,0.0,0.813,2000.0,1238.371,16199.059,7.645
377,2026-04-03T10:47:34.572301,2026-04-03T10:49:46.523807,131951.193,1,0.148,0.205,1.05,0.093,0.1815,0.040679999999999994,0.0,3,0.184,0.284,0.598,0.054,0.27,0.03722999999999999,0.0,1,0.132,0.353,8.397,1.016,0.2005,0.28972,0.0,6978.338711,6830.015312,98,3370.664218,3349.2277,1,0.0,0.0,0.0,0.813,0.0,0.813,2000.0,1225.133,16199.059,7.563
378,2026-04-03T10:49:48.524468,2026-04-03T10:51:56.856393,128331.805,1,0.102,0.818,44.03,4.636,0.206,1.18395,0.0,3,0.162,0.291,0.703,0.078,0.27,0.050719999999999994,0.0,1,0.13,0.204,0.733,0.077,0.1815,0.03881,0.0,5793.223666,5375.324593,5,3976.501186,3959.753345,2026,0.0,0.0,0.0,1.075,0.538,0.538,2000.0,1225.105,16199.059,7.563
379,2026-04-03T10:51:58.859916,2026-04-03T10:54:04.912495,126052.212,1,0.159,0.211,0.596,0.068,0.191,0.03889,0.0,3,0.185,0.294,0.949,0.095,0.2625,0.05601999999999999,0.0,1,0.076,0.297,9.777,0.953,0.1965,0.19445999999999997,0.0,6842.723687,6815.270189,2,5179.897583,5107.319798,395,0.0,0.0,0.0,1.366,1.093,0.273,2000.0,1239.32,16199.059,7.651
380,2026-04-03T10:54:06.917494,2026-04-03T10:56:15.657469,128739.657,1,0.109,0.196,0.333,0.035,0.1895,0.026760000000000003,0.0,3,0.1,0.311,1.586,0.179,0.276,0.07697000000000001,0.0,1,0.088,0.197,0.388,0.038,0.185,0.027570000000000004,0.0,7199.050024,7171.304959,560,3894.935192,3877.721204,46,0.0,0.0,0.0,1.34,0.0,1.34,2000.0,1236.047,16199.059,7.63
381,2026-04-03T10:56:17.660124,2026-04-03T10:58:23.740756,126080.3,1,0.081,0.206,0.597,0.07,0.184,0.042089999999999995,0.0,3,0.176,0.291,0.611,0.07,0.2665,0.049609999999999994,0.0,1,0.11,0.198,0.568,0.056,0.1785,0.03493,0.0,6887.915281,6665.832812,315,3747.325078,3733.424781,619,0.0,0.0,0.0,0.813,0.0,0.813,2000.0,1240.246,16199.059,7.656
382,2026-04-03T10:58:25.744655,2026-04-03T11:00:33.892450,128147.489,1,0.135,0.214,0.674,0.075,0.1935,0.045700000000000005,0.0,3,0.131,0.294,0.803,0.092,0.261,0.05721999999999999,0.0,1,0.104,0.201,0.549,0.054,0.1835,0.03386,0.0,7096.285498,6775.022818,678,3983.670166,3968.675442,1237,0.0,0.0,0.0,1.351,0.27,1.081,2000.0,1238.176,16199.059,7.644
383,2026-04-03T11:00:35.895601,2026-04-03T11:02:45.961125,130065.36,1,0.118,0.216,1.022,0.121,0.1825,0.05584,0.0,3,0.203,0.295,0.84,0.078,0.272,0.04867,0.0,1,0.121,0.235,2.827,0.283,0.18,0.08697999999999999,0.0,6841.669682,6808.650154,107,3857.645622,3842.251586,533,0.0,0.0,0.0,2.725,1.09,1.635,2000.0,1251.844,16199.059,7.728
384,2026-04-03T11:02:47.964445,2026-04-03T11:04:57.660479,129695.864,1,0.101,0.203,0.594,0.073,0.1795,0.04021,0.0,3,0.223,0.296,1.722,0.168,0.258,0.05918999999999999,0.0,1,0.136,0.202,0.439,0.05,0.1825,0.036610000000000004,0.0,4045.352,3705.077032,142,3792.160526,3592.812456,226,0.0,0.0,0.0,2.413,0.804,1.609,2000.0,1249.801,16199.059,7.715
385,2026-04-03T11:04:59.664184,2026-04-03T11:07:07.816434,128151.899,1,0.093,0.196,0.492,0.051,0.181,0.03403,0.0,3,0.222,0.296,0.746,0.074,0.2795,0.04647,0.0,1,0.161,0.218,0.746,0.085,0.199,0.04755,0.0,7294.206672,7263.350829,5,4125.590843,4035.76074,49,0.0,0.0,0.0,1.351,1.081,0.27,2000.0,1238.164,16199.059,7.643
386,2026-04-03T11:07:09.822327,2026-04-03T11:09:22.484746,132662.302,1,0.089,0.205,0.586,0.07,0.188,0.0393,0.0,3,0.16,0.327,2.031,0.221,0.2795,0.09663000000000001,0.0,1,0.071,0.202,0.557,0.053,0.186,0.033760000000000005,0.0,6271.708785,6028.945209,2,4072.324665,3847.209256,1231,0.0,0.0,0.0,1.078,0.0,1.078,2000.0,1239.25,16199.059,7.65
387,2026-04-03T11:09:24.488744,2026-04-03T11:11:42.193812,137704.73,1,0.098,0.214,0.841,0.096,0.1855,0.05119,0.0,3,0.164,0.314,1.197,0.137,0.275,0.07441,0.0,1,0.065,0.221,0.564,0.082,0.2025,0.051840000000000004,0.0,6863.654484,6832.063283,4,4320.790425,4295.067628,261,0.0,0.0,0.0,0.539,0.27,0.27,2000.0,1257.266,16199.059,7.761
388,2026-04-03T11:11:44.196753,2026-04-03T11:13:54.132614,129935.636,1,0.155,0.202,0.385,0.04,0.186,0.030760000000000003,0.0,3,0.118,0.826,25.77,3.202,0.27,1.02229,0.0,1,0.112,0.194,0.318,0.031,0.188,0.02458,0.0,4588.126983,4327.395571,6,4983.675404,4550.16323,1003,0.0,0.0,0.0,12.575,3.593,8.982,2000.0,1233.492,16199.059,7.615
389,2026-04-03T11:13:56.135903,2026-04-03T11:16:03.312842,127176.811,1,0.058,0.21,0.659,0.079,0.1875,0.04473,0.0,3,0.161,0.299,0.957,0.102,0.264,0.05857999999999999,0.0,1,0.093,0.438,16.38,1.706,0.186,0.45558,0.0,6587.723422,6561.022006,3,4631.203907,4615.662562,543,0.0,0.0,0.0,1.07,0.0,1.07,2000.0,1237.262,16199.059,7.638
390,2026-04-03T11:16:05.316632,2026-04-03T11:18:14.138480,128821.653,1,0.124,0.194,0.614,0.055,0.1805,0.02946,0.0,3,0.229,0.294,0.646,0.062,0.28,0.038919999999999996,0.0,1,0.111,0.579,23.227,2.595,0.2065,0.70312,0.0,6771.656813,6203.129933,589,3816.870615,3512.63073,1005,0.0,0.0,0.0,1.07,0.267,0.802,2000.0,1241.395,16199.059,7.663
391,2026-04-03T11:18:16.139691,2026-04-03T11:20:27.104686,130964.255,1,0.106,0.217,1.585,0.147,0.1895,0.05266,0.0,3,0.161,0.377,5.346,0.563,0.265,0.19335,0.0,1,0.089,0.199,0.735,0.063,0.185,0.03214,0.0,5756.586407,5730.520585,501,3702.507046,3688.242345,972,0.0,0.0,0.0,0.272,0.0,0.272,2000.0,1225.891,16199.059,7.568
392,2026-04-03T11:20:29.968965,2026-04-03T11:22:42.079070,132109.948,1,0.088,0.197,0.486,0.048,0.1785,0.03389,0.0,3,0.232,0.302,1.319,0.12,0.2735,0.05638,0.0,1,0.144,0.211,0.669,0.066,0.199,0.03861,0.0,7497.463678,6998.181396,7,2804.670501,2597.061213,1519,0.0,0.0,0.0,0.813,0.271,0.542,2000.0,1235.93,16199.059,7.63
393,2026-04-03T11:22:44.080637,2026-04-03T11:24:49.527641,125446.643,1,0.132,0.201,0.494,0.052,0.1835,0.03344,0.0,3,0.169,0.301,0.897,0.1,0.27,0.05957,0.0,1,0.155,0.212,0.735,0.077,0.1855,0.046959999999999995,0.0,5498.740525,5052.39286,55,3822.355092,3806.857973,1,0.0,0.0,0.0,0.27,0.0,0.27,2000.0,1224.02,16199.059,7.556
394,2026-04-03T11:24:51.528054,2026-04-03T11:26:57.464657,125936.435,1,0.1,0.21,0.768,0.075,0.1875,0.04586,0.0,3,0.164,0.294,0.932,0.104,0.262,0.058019999999999995,0.0,1,0.111,0.202,0.514,0.055,0.18,0.03752,0.0,6793.335325,6483.328502,143,4639.115155,4192.000029,797,0.0,0.0,0.0,2.419,0.806,1.613,2000.0,1239.977,16199.059,7.655
395,2026-04-03T11:26:59.470366,2026-04-03T11:29:05.829722,126359.031,1,0.09,0.214,0.754,0.086,0.187,0.05088,0.0,3,0.169,0.359,2.746,0.345,0.2665,0.14593,0.0,1,0.104,0.201,0.342,0.041,0.1925,0.03241,0.0,8057.191109,8020.543944,6,3695.218236,3495.971058,728,0.0,0.0,0.0,1.081,0.0,1.081,2000.0,1244.77,16199.059,7.684
396,2026-04-03T11:29:07.835481,2026-04-03T11:31:17.433287,129597.443,1,0.093,0.223,0.851,0.111,0.196,0.05793,0.0,3,0.123,0.387,6.076,0.689,0.267,0.20708,0.0,1,0.093,0.199,0.689,0.064,0.182,0.036879999999999996,0.0,8113.559808,7857.633979,780,3270.213571,3248.977128,1068,0.0,0.0,0.0,1.078,0.27,0.809,2000.0,1254.367,16199.059,7.743
397,2026-04-03T11:31:19.438177,2026-04-03T11:33:27.317754,127879.22,1,0.107,0.285,8.521,0.833,0.1785,0.18208999999999997,0.0,3,0.139,0.296,0.619,0.072,0.2755,0.050629999999999994,0.0,1,0.091,0.215,0.559,0.068,0.207,0.04398,0.0,5658.043107,5198.558818,4,4677.497557,4236.841309,912,0.0,0.0,0.0,1.084,0.0,1.084,2000.0,1248.066,16199.059,7.705
398,2026-04-03T11:33:29.320195,2026-04-03T11:35:38.017951,128697.639,1,0.074,0.205,0.566,0.059,0.193,0.03669,0.0,3,0.183,0.287,0.593,0.063,0.2655,0.04462999999999999,0.0,1,0.065,0.207,1.088,0.104,0.18,0.04631,0.0,6971.626968,6947.26976,4,3768.498318,3456.565235,711,0.0,0.0,0.0,0.809,0.0,0.809,2000.0,1254.098,16199.059,7.742
399,2026-04-03T11:35:40.022543,2026-04-03T11:37:48.515549,128492.685,1,0.099,0.197,0.724,0.072,0.1785,0.035179999999999996,0.0,3,0.209,0.583,13.089,1.727,0.296,0.5495099999999999,0.0,1,0.103,0.198,0.546,0.054,0.184,0.03425,0.0,6759.529125,6725.510121,690,3833.503509,3813.719202,2611,0.0,0.0,0.0,0.811,0.0,0.811,2000.0,1240.355,16199.059,7.657
400,2026-04-03T11:37:50.522511,2026-04-03T11:39:55.505089,124982.412,1,0.099,0.334,12.584,1.239,0.184,0.27318000000000003,0.0,3,0.234,0.306,0.76,0.102,0.2675,0.06751,0.0,1,0.098,0.221,0.817,0.096,0.2045,0.049890000000000004,0.0,6301.906469,6032.840501,5,4145.851018,4130.885263,993,0.0,0.0,0.0,0.811,0.0,0.811,2000.0,1242.43,16199.059,7.67
401,2026-04-03T11:39:57.510837,2026-04-03T11:42:10.161418,132649.502,1,0.084,0.202,0.563,0.053,0.19,0.03445,0.0,3,0.207,0.293,0.482,0.046,0.288,0.03909,0.0,1,0.11,0.327,9.398,0.959,0.177,0.25762,0.0,6953.796479,6372.183815,7,3744.26398,3416.383694,226,0.0,0.0,0.0,0.541,0.0,0.541,2000.0,1230.41,16199.059,7.596
402,2026-04-03T11:42:12.163775,2026-04-03T11:44:18.153465,125988.921,1,0.119,0.205,0.814,0.082,0.185,0.039319999999999994,0.0,3,0.222,0.317,1.503,0.178,0.267,0.08271,0.0,1,0.073,0.202,0.562,0.057,0.1835,0.03558,0.0,7400.6594,7215.26147,1845,3854.35674,3838.465392,735,0.0,0.0,0.0,0.539,0.0,0.539,2000.0,1240.988,16199.059,7.661
403,2026-04-03T11:44:20.156395,2026-04-03T11:46:28.130597,127973.864,1,0.064,0.232,2.503,0.27,0.1875,0.07930000000000001,0.0,3,0.222,0.314,0.94,0.123,0.28200000000000003,0.07017000000000001,0.0,1,0.114,0.22,1.783,0.166,0.192,0.05095,0.0,6803.874085,6213.91093,10,4349.364072,4093.546312,544,0.0,0.0,0.0,1.084,0.271,0.813,2000.0,1238.684,16199.059,7.647
404,2026-04-03T11:46:30.131379,2026-04-03T11:48:38.692544,128561.128,1,0.039,0.102,0.229,0.019,0.105,0.011940000000000001,0.0,3,0.086,0.156,0.275,0.027,0.157,0.016650000000000005,0.0,1,0.03,0.107,0.209,0.025,0.108,0.01719,0.0,45344.792626,45153.587786,103,25313.392237,25206.746199,573,0.0,0.0,0.0,0.262,0.262,0.0,2000.0,1236.395,16199.059,7.633
405,2026-04-03T11:48:40.694786,2026-04-03T11:50:41.554823,120859.414,1,0.038,0.103,0.178,0.02,0.108,0.014860000000000002,0.0,3,0.093,0.156,0.365,0.029,0.159,0.016980000000000002,0.0,1,0.047,0.106,0.19,0.019,0.1085,0.012910000000000001,0.0,41232.160353,41061.101721,62,12632.280905,12582.229004,2,0.0,0.0,0.0,0.522,0.261,0.261,2000.0,1242.48,16199.059,7.67
406,2026-04-03T11:50:43.556245,2026-04-03T11:52:58.160390,134603.936,1,0.039,0.102,0.186,0.018,0.105,0.01305,0.0,3,0.093,0.148,0.219,0.022,0.152,0.016870000000000003,0.0,1,0.046,0.108,0.198,0.023,0.109,0.014100000000000001,0.0,43460.820889,43240.672235,3,14179.805315,7197.044558,3528,0.0,0.0,0.0,2.133,1.6,0.533,2000.0,1229.039,16199.059,7.587
407,2026-04-03T11:53:00.162439,2026-04-03T11:55:02.183599,122020.963,1,0.021,0.108,0.193,0.022,0.1075,0.01359,0.0,3,0.062,0.154,0.22,0.023,0.1555,0.01617,0.0,1,0.028,0.107,0.362,0.033,0.107,0.01505,0.0,42269.629299,42088.231452,53,20063.869748,19981.546372,87,0.0,0.0,0.0,100.0,42.857,57.143,2000.0,1224.121,16199.059,7.557
408,2026-04-03T11:55:04.184821,2026-04-03T11:57:05.631580,121446.717,1,0.061,0.102,0.15,0.015,0.106,0.011550000000000001,0.0,3,0.096,0.152,0.231,0.023,0.153,0.016710000000000003,0.0,1,0.043,0.105,0.226,0.021,0.1065,0.013500000000000002,0.0,41322.030944,39343.59899,558,21701.906374,20143.281498,1459,0.0,0.0,0.0,0.262,0.0,0.262,2000.0,1232.398,16199.059,7.608
409,2026-04-03T11:57:07.637623,2026-04-03T11:59:08.255648,120617.943,1,0.062,0.111,0.431,0.047,0.105,0.020210000000000002,0.0,3,0.09,0.17,1.18,0.118,0.1545,0.03964000000000001,0.0,1,0.068,0.105,0.182,0.017,0.1055,0.011540000000000002,0.0,43306.925566,42859.944118,52,22772.729251,21390.577259,795,0.0,0.0,0.0,0.0,0.0,0.0,2000.0,1259.051,16199.059,7.772
410,2026-04-03T11:59:10.258439,2026-04-03T12:01:09.096208,118837.508,1,0.025,0.106,0.225,0.022,0.107,0.01247,0.0,3,0.095,0.151,0.226,0.022,0.152,0.01564,0.0,1,0.063,0.111,0.193,0.02,0.109,0.01404,0.0,41839.187549,41667.894617,2,23180.77076,23061.372115,1046,0.0,0.0,0.0,0.261,0.0,0.261,2000.0,1243.164,16199.059,7.674
411,2026-04-03T12:01:11.099277,2026-04-03T12:03:10.560010,119460.64,1,0.054,0.106,0.377,0.033,0.105,0.01653,0.0,3,0.086,0.153,0.338,0.033,0.149,0.022220000000000004,0.0,1,0.031,0.103,0.18,0.017,0.108,0.011590000000000001,0.0,37012.568483,36837.904037,12,,,,0.0,0.0,0.0,0.262,0.0,0.262,2000.0,1254.945,16199.059,7.747
412,2026-04-03T12:03:12.563417,2026-04-03T12:05:14.156909,121593.236,1,0.027,0.106,0.195,0.024,0.1065,0.01554,0.0,3,0.093,0.157,0.426,0.039,0.156,0.020960000000000003,0.0,1,0.063,0.108,0.188,0.018,0.108,0.012650000000000002,0.0,40597.359735,37829.29935,100,19820.592708,18785.811006,0,0.0,0.0,0.0,0.0,0.0,0.0,2000.0,1230.43,16199.059,7.596
413,2026-04-03T12:05:16.162769,2026-04-03T12:07:19.253662,123090.734,1,0.045,0.103,0.256,0.023,0.101,0.01478,0.0,3,0.095,0.162,1.04,0.093,0.1545,0.030940000000000002,0.0,1,0.066,0.106,0.281,0.023,0.1055,0.01204,0.0,37806.178407,37645.670224,100,23816.850347,23702.346173,611,0.0,0.0,0.0,0.0,0.0,0.0,2000.0,1227.082,16199.059,7.575
414,2026-04-03T12:07:21.257615,2026-04-03T12:09:22.388684,121130.898,1,0.024,0.109,0.696,0.063,0.106,0.022090000000000002,0.0,3,0.095,0.155,0.241,0.025,0.1565,0.01812,0.0,1,0.045,0.106,0.183,0.019,0.108,0.013340000000000001,0.0,44428.778294,44239.650276,149,21887.237824,21792.971146,0,0.0,0.0,0.0,0.262,0.0,0.262,2000.0,1236.637,16199.059,7.634
415,2026-04-03T12:09:24.394306,2026-04-03T12:11:28.273778,123879.37,1,0.048,0.128,2.437,0.232,0.107,0.04915,0.0,3,0.078,0.16,0.494,0.049,0.154,0.025490000000000002,0.0,1,0.043,0.106,0.223,0.022,0.107,0.013670000000000002,0.0,27834.149311,27718.241129,103,22975.788491,21727.857557,0,0.0,0.0,0.0,0.699,0.35,0.35,2000.0,1233.609,16199.059,7.615
416,2026-04-03T12:11:30.275754,2026-04-03T12:13:34.704550,124428.721,1,0.043,0.107,0.265,0.022,0.108,0.01212,0.0,3,0.096,0.158,0.439,0.045,0.153,0.022430000000000002,0.0,1,0.062,0.11,0.37,0.034,0.107,0.01511,0.0,42451.78192,41768.590596,11,20882.413084,19717.901147,2,0.0,0.0,0.0,0.26,0.0,0.26,2000.0,1235.066,16199.059,7.624
417,2026-04-03T12:13:36.710764,2026-04-03T12:15:38.304106,121593.126,1,0.06,0.105,0.217,0.022,0.1045,0.01565,0.0,3,0.093,0.16,0.346,0.037,0.156,0.021120000000000003,0.0,1,0.039,0.105,0.195,0.019,0.107,0.012640000000000002,0.0,41917.999882,38686.21342,104,17344.280547,17259.797581,769,0.0,0.0,0.0,0.262,0.0,0.262,2000.0,1229.617,16199.059,7.591
418,2026-04-03T12:15:40.306008,2026-04-03T12:17:42.187922,121881.788,1,0.04,0.103,0.167,0.021,0.105,0.01574,0.0,3,0.078,0.151,0.233,0.024,0.155,0.018050000000000004,0.0,1,0.048,0.106,0.24,0.023,0.1075,0.014650000000000002,0.0,41231.375677,41040.005415,51,19789.466132,19185.573313,0,0.0,0.0,0.0,0.521,0.26,0.26,2000.0,1245.816,16199.059,7.691
419,2026-04-03T12:17:44.191548,2026-04-03T12:19:47.212504,123020.767,1,0.033,0.102,0.153,0.019,0.105,0.01437,0.0,3,0.095,0.154,0.252,0.026,0.1565,0.01804,0.0,1,0.061,0.104,0.184,0.019,0.107,0.013680000000000001,0.0,39497.006399,35835.480919,76,22054.178482,21958.010293,0,0.0,0.0,0.0,0.524,0.0,0.524,2000.0,1258.316,16199.059,7.768
420,2026-04-03T12:19:49.215239,2026-04-03T12:21:54.497240,125281.934,1,0.03,0.115,1.355,0.125,0.105,0.028410000000000005,0.0,3,0.078,0.158,0.384,0.037,0.1575,0.020590000000000004,0.0,1,0.064,0.115,0.495,0.046,0.109,0.018770000000000002,0.0,35972.128084,35717.029617,0,22938.841533,22844.715678,1638,0.0,0.0,0.0,0.0,0.0,0.0,2000.0,1245.25,16199.059,7.687
421,2026-04-03T12:21:56.501139,2026-04-03T12:24:01.343748,124842.43,1,0.052,0.107,0.189,0.019,0.108,0.012830000000000001,0.0,3,0.093,0.152,0.213,0.023,0.158,0.016950000000000003,0.0,1,0.031,0.108,0.385,0.036,0.109,0.01563,0.0,42144.130585,41972.237916,4,20432.883318,20336.780565,0,0.0,0.0,0.0,0.521,0.26,0.26,2000.0,1239.316,16199.059,7.651
422,2026-04-03T12:24:03.346637,2026-04-03T12:26:03.845469,120498.686,1,0.066,0.104,0.15,0.016,0.107,0.012190000000000001,0.0,3,0.096,0.154,0.25,0.02,0.156,0.013050000000000004,0.0,1,0.066,0.108,0.323,0.025,0.108,0.011890000000000001,0.0,41697.162298,39300.868034,9,20384.055062,19239.792574,0,0.0,0.0,0.0,0.0,0.0,0.0,2000.0,1229.004,16199.059,7.587
423,2026-04-03T12:26:05.848673,2026-04-03T12:28:10.278297,124429.56,1,0.034,0.103,0.159,0.017,0.108,0.01254,0.0,3,0.092,0.16,0.288,0.034,0.159,0.0217,0.0,1,0.036,0.107,0.229,0.024,0.1095,0.01446,0.0,43860.196899,43666.655889,54,19174.532196,19095.573953,1724,0.0,0.0,0.0,0.0,0.0,0.0,2000.0,1242.418,16199.059,7.67
424,2026-04-03T12:28:12.282557,2026-04-03T12:30:14.075339,121793.008,1,0.054,0.104,0.183,0.018,0.106,0.012190000000000001,0.0,3,0.05,0.173,2.527,0.238,0.1545,0.051459999999999985,0.0,1,0.068,0.11,0.195,0.018,0.1105,0.01199,0.0,39245.51777,39078.576578,100,21640.68447,19946.851133,0,0.0,0.0,0.0,0.261,0.0,0.261,2000.0,1240.742,16199.059,7.659
425,2026-04-03T12:30:16.076895,2026-04-03T12:32:19.494463,123417.598,1,0.067,0.105,0.206,0.021,0.1075,0.01429,0.0,3,0.07,0.159,0.506,0.052,0.158,0.02389,0.0,1,0.049,0.104,0.15,0.016,0.108,0.011490000000000002,0.0,42898.637774,39250.745123,102,24028.939341,23917.982396,1687,0.0,0.0,0.0,0.0,0.0,0.0,2000.0,1240.906,16199.059,7.66
426,2026-04-03T12:32:21.498400,2026-04-03T12:34:21.640181,120141.579,1,0.063,0.106,0.175,0.017,0.109,0.011870000000000002,0.0,3,0.091,0.155,0.25,0.023,0.1575,0.015190000000000002,0.0,1,0.062,0.109,0.209,0.018,0.109,0.01097,0.0,19754.301172,18888.543233,625,22210.121429,21209.982862,1712,0.0,0.0,0.0,0.522,0.0,0.522,2000.0,1235.656,16199.059,7.628
427,2026-04-03T12:34:23.640524,2026-04-03T12:36:24.728901,121088.303,1,0.031,0.106,0.282,0.027,0.1055,0.01615,0.0,3,0.091,0.164,0.484,0.053,0.1575,0.026640000000000004,0.0,1,0.062,0.106,0.164,0.02,0.109,0.01459,0.0,41557.064295,41380.512753,9,24124.572778,21996.717245,1584,0.0,0.0,0.0,0.0,0.0,0.0,2000.0,1238.973,16199.059,7.648
428,2026-04-03T12:36:26.734329,2026-04-03T12:38:33.619045,126884.454,1,0.063,0.11,0.358,0.032,0.11,0.01577,0.0,3,0.055,0.155,0.255,0.025,0.159,0.016900000000000005,0.0,1,0.02,0.128,2.303,0.219,0.108,0.047459999999999995,0.0,40988.675984,40814.11876,6,20818.951143,20729.089044,828,0.0,0.0,0.0,0.519,0.0,0.519,2000.0,1238.742,16199.059,7.647
429,2026-04-03T12:38:35.623885,2026-04-03T12:40:48.273819,132649.716,1,0.041,0.108,0.307,0.029,0.107,0.015130000000000001,0.0,3,0.096,0.15,0.214,0.023,0.152,0.016530000000000003,0.0,1,0.062,0.109,0.411,0.034,0.108,0.013880000000000002,0.0,43162.9213,42958.856141,151,17190.617909,14332.215268,2,0.0,0.0,0.0,0.0,0.0,0.0,2000.0,1233.172,16199.059,7.613
430,2026-04-03T12:40:50.280173,2026-04-03T12:42:51.068621,120788.207,1,0.068,0.104,0.158,0.018,0.106,0.012580000000000001,0.0,3,0.036,0.152,0.411,0.037,0.1525,0.01966,0.0,1,0.037,0.109,0.186,0.019,0.109,0.012280000000000001,0.0,33377.823969,30781.60009,99,20546.943283,20458.558948,674,0.0,0.0,0.0,0.0,0.0,0.0,2000.0,1238.121,16199.059,7.643
431,2026-04-03T12:42:53.075706,2026-04-03T12:44:56.979888,123904.003,1,0.062,0.105,0.184,0.018,0.107,0.01246,0.0,3,0.069,0.153,0.254,0.028,0.158,0.019270000000000002,0.0,1,0.036,0.112,0.468,0.04,0.109,0.01607,0.0,43051.538509,39119.36836,5,22905.270029,21698.684074,769,0.0,0.0,0.0,0.261,0.0,0.261,2000.0,1225.195,16199.059,7.563
432,2026-04-03T12:44:58.983850,2026-04-03T12:47:12.514514,133530.409,1,0.065,0.109,0.438,0.039,0.1075,0.01683,0.0,3,0.095,0.153,0.536,0.048,0.15,0.02203,0.0,1,0.018,0.15,1.724,0.221,0.109,0.08252999999999999,0.0,41912.132542,38756.001482,7,18295.5527,17275.704567,0,0.0,0.0,0.0,0.521,0.521,0.0,2000.0,1236.051,16199.059,7.63
433,2026-04-03T12:47:14.515924,2026-04-03T12:49:15.426519,120910.431,1,0.064,0.107,0.161,0.017,0.109,0.012130000000000002,0.0,3,0.053,0.155,0.361,0.03,0.157,0.016910000000000005,0.0,1,0.064,0.105,0.193,0.018,0.107,0.012640000000000002,0.0,43403.333099,43209.674184,53,19827.887504,19735.078529,1,0.0,0.0,0.0,0.261,0.0,0.261,2000.0,1233.105,16199.059,7.612
434,2026-04-03T12:49:17.430818,2026-04-03T12:51:30.669511,133238.476,1,0.015,0.106,0.467,0.04,0.105,0.01597,0.0,3,0.026,0.16,0.306,0.032,0.159,0.01974,0.0,1,0.034,0.109,0.276,0.028,0.109,0.014870000000000001,0.0,32941.232694,30261.058956,53,24391.781804,24287.131163,0,0.0,0.0,0.0,0.262,0.262,0.0,2000.0,1253.062,16199.059,7.735
435,2026-04-03T12:51:32.671778,2026-04-03T12:53:37.331314,124659.452,1,0.031,0.104,0.202,0.019,0.106,0.01268,0.0,3,0.097,0.161,0.414,0.033,0.161,0.016930000000000004,0.0,1,0.018,0.161,3.892,0.416,0.1085,0.10982,0.0,42006.792526,41820.584554,753,21782.871678,21679.903442,1,0.0,0.0,0.0,0.0,0.0,0.0,2000.0,1264.492,16199.059,7.806
436,2026-04-03T12:53:39.331785,2026-04-03T12:55:43.185128,123853.245,1,0.063,0.107,0.219,0.022,0.1075,0.01446,0.0,3,0.032,0.16,0.476,0.049,0.155,0.025410000000000002,0.0,1,0.057,0.111,0.409,0.036,0.11,0.01607,0.0,41374.426324,41200.889376,57,11781.530788,11728.325998,819,0.0,0.0,0.0,0.261,0.0,0.261,2000.0,1257.871,16199.059,7.765
437,2026-04-03T12:55:45.187307,2026-04-03T12:57:48.601302,123413.79,1,0.047,0.105,0.185,0.019,0.109,0.012750000000000001,0.0,3,0.094,0.161,0.529,0.054,0.1555,0.027710000000000002,0.0,1,0.038,0.11,0.209,0.023,0.11,0.014360000000000001,0.0,34009.017452,30966.629322,3,23759.327194,22566.144552,0,0.0,0.0,0.0,0.261,0.0,0.261,2000.0,1254.434,16199.059,7.744
438,2026-04-03T12:57:50.605024,2026-04-03T12:59:50.695826,120090.584,1,0.047,0.105,0.284,0.028,0.105,0.01648,0.0,3,0.085,0.153,0.245,0.026,0.156,0.018930000000000002,0.0,1,0.064,0.108,0.198,0.019,0.1105,0.012600000000000002,0.0,30429.572059,30303.017996,7,22923.659043,22635.762461,1,0.0,0.0,0.0,0.261,0.0,0.261,2000.0,1244.027,16199.059,7.68
439,2026-04-03T12:59:52.699141,2026-04-03T13:01:55.282758,122583.416,1,0.022,0.105,0.155,0.019,0.107,0.012880000000000003,0.0,3,0.091,0.153,0.242,0.024,0.154,0.016300000000000002,0.0,1,0.066,0.106,0.183,0.018,0.1065,0.01236,0.0,36613.137255,33845.349511,49,24415.152017,24311.134494,0,0.0,0.0,0.0,0.261,0.0,0.261,2000.0,1256.727,16199.059,7.758
440,2026-04-03T13:01:57.284039,2026-04-03T13:03:58.646065,121361.944,1,0.065,0.106,0.159,0.018,0.1075,0.013000000000000001,0.0,3,0.098,0.158,0.297,0.029,0.159,0.018090000000000002,0.0,1,0.067,0.108,0.157,0.016,0.11,0.01129,0.0,42009.430503,41799.194174,6,26008.811481,24610.92304,46,0.0,0.0,0.0,1.099,0.549,0.549,2000.0,1251.434,16199.059,7.725
441,2026-04-03T13:04:00.650818,2026-04-03T13:05:59.668101,119017.03,1,0.037,0.113,0.418,0.041,0.11,0.01975,0.0,3,0.093,0.151,0.213,0.023,0.155,0.016870000000000003,0.0,1,0.054,0.107,0.156,0.016,0.108,0.01102,0.0,41552.242564,41368.301244,4,24039.158169,23939.395189,372,0.0,0.0,0.0,4.688,2.604,2.083,2000.0,1276.305,16199.059,7.879
442,2026-04-03T13:06:01.668621,2026-04-03T13:08:12.071658,130402.882,1,0.063,0.105,0.17,0.015,0.109,0.010300000000000002,0.0,3,0.065,0.161,0.265,0.03,0.161,0.019280000000000002,0.0,1,0.017,0.12,0.8,0.099,0.108,0.03517,0.0,40898.880723,40727.263573,101,25082.063476,24973.990014,1,0.0,0.0,0.0,0.521,0.26,0.26,2000.0,1251.309,16199.059,7.725
443,2026-04-03T13:08:14.075086,2026-04-03T13:10:15.026908,120951.696,1,0.063,0.109,0.371,0.032,0.108,0.01528,0.0,3,0.094,0.158,0.488,0.044,0.156,0.02204,0.0,1,0.059,0.109,0.328,0.027,0.11,0.012620000000000001,0.0,42051.690493,41871.693232,489,23941.013015,22297.187943,0,0.0,0.0,0.0,0.0,0.0,0.0,2000.0,1249.648,16199.059,7.714
444,2026-04-03T13:10:17.030326,2026-04-03T13:12:20.948446,123918.009,1,0.018,0.112,1.297,0.12,0.1045,0.02655,0.0,3,0.066,0.157,0.247,0.027,0.159,0.018360000000000005,0.0,1,0.069,0.108,0.157,0.013,0.11,0.008970000000000002,0.0,41149.276842,39485.176281,142,23912.223308,23817.049736,1728,0.0,0.0,0.0,0.524,0.0,0.524,2000.0,1253.535,16199.059,7.738
445,2026-04-03T13:12:22.951824,2026-04-03T13:14:26.123887,123171.977,1,0.068,0.133,2.714,0.259,0.109,0.05326,0.0,3,0.057,0.155,0.261,0.03,0.156,0.019700000000000002,0.0,1,0.059,0.11,0.363,0.03,0.111,0.014170000000000002,0.0,43214.102727,43006.184863,49,24308.656917,24201.190275,368,0.0,0.0,0.0,0.0,0.0,0.0,2000.0,1259.359,16199.059,7.774
446,2026-04-03T13:14:28.737863,2026-04-03T13:16:34.578942,125840.909,1,0.033,0.108,0.329,0.029,0.1075,0.015040000000000001,0.0,3,0.098,0.159,0.467,0.039,0.1595,0.020260000000000004,0.0,1,0.03,0.108,0.405,0.036,0.109,0.01677,0.0,41225.348131,37964.26319,6,23642.861348,22303.619497,407,0.0,0.0,0.0,0.783,0.261,0.522,2000.0,1253.16,16199.059,7.736
447,2026-04-03T13:16:36.585671,2026-04-03T13:18:42.300372,125714.513,1,0.048,0.105,0.191,0.017,0.1065,0.011160000000000002,0.0,3,0.096,0.157,0.518,0.043,0.16,0.020380000000000002,0.0,1,0.019,0.109,0.473,0.047,0.104,0.02142,0.0,43258.051203,42951.124921,11,24501.57556,24392.601397,0,0.0,0.0,0.0,0.0,0.0,0.0,2000.0,1251.785,16199.059,7.728
448,2026-04-03T13:18:44.302872,2026-04-03T13:20:49.031620,124728.193,1,0.028,0.106,0.386,0.034,0.1075,0.01697,0.0,3,0.038,0.165,0.985,0.096,0.1575,0.03399,0.0,1,0.062,0.106,0.158,0.016,0.11,0.011870000000000002,0.0,41903.38466,39820.698349,13,25154.256607,25048.529498,1,0.0,0.0,0.0,0.521,0.0,0.521,2000.0,1259.234,16199.059,7.774
449,2026-04-03T13:20:51.032218,2026-04-03T13:22:44.024418,112992.099,1,0.042,0.103,0.213,0.021,0.1045,0.0147,0.0,3,0.093,0.155,0.544,0.045,0.1545,0.02023,0.0,1,0.063,0.106,0.152,0.015,0.1075,0.011160000000000002,0.0,38368.395656,35529.468015,14,,,,0.0,0.0,0.0,0.783,0.261,0.522,2000.0,1254.277,16199.059,7.743
450,2026-04-03T13:22:46.027574,2026-04-03T13:25:15.890506,149862.841,1,0.066,0.11,0.219,0.024,0.109,0.01454,0.0,3,0.082,0.157,0.263,0.029,0.159,0.01964,0.0,1,0.055,0.108,0.153,0.017,0.111,0.01204,0.0,42932.231979,42730.895145,5,,,,0.0,0.0,0.0,0.779,0.0,0.779,2000.0,1251.082,16199.059,7.723
451,2026-04-03T13:25:17.891383,2026-04-03T13:27:23.010470,125119.015,1,0.043,0.106,0.182,0.02,0.107,0.013680000000000001,0.0,3,0.092,0.157,0.35,0.036,0.1585,0.02049,0.0,1,0.031,0.111,0.204,0.024,0.11,0.014440000000000001,0.0,42789.412225,42617.068073,7,26320.193673,26205.89397,365,0.0,0.0,0.0,0.0,0.0,0.0,2000.0,1259.922,16199.059,7.778
452,2026-04-03T13:27:25.014058,2026-04-03T13:29:29.107825,124093.661,1,0.015,0.129,1.451,0.164,0.106,0.05281,0.0,3,0.073,0.159,0.338,0.033,0.1595,0.020420000000000004,0.0,1,0.018,0.11,0.381,0.034,0.1075,0.01691,0.0,42027.882195,41838.331527,632,30832.214625,30679.99644,251,0.0,0.0,0.0,3.653,1.826,1.826,2000.0,1271.586,16199.059,7.85
453,2026-04-03T13:29:31.110301,2026-04-03T13:31:30.607742,119497.286,1,0.065,0.111,0.465,0.041,0.107,0.017720000000000003,0.0,3,0.09,0.155,0.231,0.025,0.151,0.018760000000000002,0.0,1,0.041,0.105,0.198,0.02,0.109,0.01319,0.0,43612.322537,43426.738704,58,25198.463728,22905.857896,0,0.0,0.0,0.0,0.781,0.26,0.521,2000.0,1256.074,16199.059,7.754
454,2026-04-03T13:31:32.611308,2026-04-03T13:33:31.776467,119164.951,1,0.063,0.104,0.179,0.017,0.105,0.01237,0.0,3,0.09,0.189,3.204,0.304,0.16,0.06592,0.0,1,0.062,0.11,0.426,0.036,0.1095,0.015430000000000001,0.0,45040.358899,44851.202438,303,24882.622408,24778.897717,0,0.0,0.0,0.0,0.0,0.0,0.0,2000.0,1245.195,16199.059,7.687
455,2026-04-03T13:33:33.784422,2026-04-03T13:35:35.320078,121535.444,1,0.061,0.106,0.151,0.014,0.1095,0.010130000000000002,0.0,3,0.094,0.155,0.247,0.026,0.156,0.018760000000000002,0.0,1,0.064,0.105,0.163,0.017,0.108,0.011970000000000001,0.0,42021.493543,39173.101652,6,24274.235756,24171.088941,3,0.0,0.0,0.0,0.0,0.0,0.0,2000.0,1259.125,16199.059,7.773
456,2026-04-03T13:35:37.322202,2026-04-03T13:37:38.837047,121514.631,1,0.066,0.107,0.18,0.017,0.11,0.012300000000000002,0.0,3,0.075,0.163,0.344,0.035,0.162,0.01964,0.0,1,0.055,0.109,0.318,0.028,0.1095,0.014980000000000002,0.0,43739.519243,43228.892534,100,25977.126615,25867.002127,0,0.0,0.0,0.0,0.26,0.0,0.26,2000.0,1253.145,16199.059,7.736
457,2026-04-03T13:37:40.839650,2026-04-03T13:39:44.188696,123348.83,1,0.072,0.108,0.175,0.017,0.108,0.011810000000000001,0.0,3,0.097,0.158,0.263,0.031,0.1575,0.02228,0.0,1,0.065,0.108,0.306,0.028,0.108,0.01301,0.0,43997.214807,41029.453508,65,20564.859936,19473.290844,361,0.0,0.0,0.0,0.519,0.0,0.519,2000.0,1265.473,16199.059,7.812
458,2026-04-03T13:39:46.191513,2026-04-03T13:41:44.807638,118616.033,1,0.062,0.105,0.213,0.02,0.106,0.01249,0.0,3,0.08,0.166,1.558,0.142,0.155,0.035710000000000006,0.0,1,0.062,0.105,0.147,0.015,0.107,0.01178,0.0,42538.24407,42361.420637,789,21324.062678,21232.666752,0,0.0,0.0,0.0,0.521,0.0,0.521,2000.0,1249.793,16199.059,7.715
459,2026-04-03T13:41:46.810034,2026-04-03T13:43:50.117716,123307.563,1,0.037,0.109,0.251,0.029,0.105,0.017140000000000002,0.0,3,0.092,0.17,0.457,0.056,0.162,0.03184000000000001,0.0,1,0.027,0.103,0.151,0.019,0.108,0.012770000000000002,0.0,40001.569802,39830.47242,60,22960.195692,22855.735704,1863,0.0,0.0,0.0,0.261,0.0,0.261,2000.0,1250.879,16199.059,7.722
460,2026-04-03T13:43:52.121157,2026-04-03T13:45:50.907989,118786.66,1,0.026,0.107,0.382,0.036,0.107,0.01701,0.0,3,0.091,0.159,0.482,0.041,0.158,0.02186,0.0,1,0.066,0.107,0.157,0.015,0.108,0.01085,0.0,29134.479249,29014.723883,342,26095.535136,25982.808492,111,0.0,0.0,0.0,0.519,0.0,0.519,2000.0,1249.797,16199.059,7.715
461,2026-04-03T13:45:52.913730,2026-04-03T13:47:55.631833,122718.016,1,0.014,0.113,0.527,0.055,0.11,0.019710000000000002,0.0,3,0.092,0.158,0.283,0.03,0.158,0.01999,0.0,1,0.018,0.108,0.164,0.021,0.11,0.013670000000000002,0.0,36877.042406,36724.326319,36,25926.360885,25803.787092,0,0.0,0.0,0.0,0.26,0.0,0.26,2000.0,1258.254,16199.059,7.767
462,2026-04-03T13:47:57.638490,2026-04-03T13:49:58.960538,121321.837,1,0.049,0.104,0.341,0.031,0.104,0.01721,0.0,3,0.099,0.154,0.215,0.02,0.1545,0.014070000000000003,0.0,1,0.066,0.111,0.459,0.038,0.1105,0.015290000000000002,0.0,42112.542907,38279.584593,8,24874.537638,24767.056438,271,0.0,0.0,0.0,1.266,0.633,0.633,2000.0,1234.32,16199.059,7.62
463,2026-04-03T13:50:00.960956,2026-04-03T13:52:04.970376,124009.315,1,0.064,0.108,0.315,0.028,0.1055,0.01454,0.0,3,0.091,0.166,0.418,0.046,0.158,0.027730000000000005,0.0,1,0.016,0.122,0.775,0.092,0.109,0.03682,0.0,42992.769907,39349.720196,3,25336.668412,25230.684705,316,0.0,0.0,0.0,0.262,0.0,0.262,2000.0,1243.859,16199.059,7.679
464,2026-04-03T13:52:06.971816,2026-04-03T13:54:07.725712,120753.734,1,0.06,0.105,0.218,0.019,0.1065,0.012650000000000002,0.0,3,0.063,0.156,0.264,0.029,0.1585,0.018540000000000004,0.0,1,0.017,0.111,0.268,0.028,0.1085,0.015680000000000003,0.0,43630.422745,42044.711205,101,24175.696098,22812.514832,0,0.0,0.0,0.0,0.521,0.0,0.521,2000.0,1263.652,16199.059,7.801
465,2026-04-03T13:54:09.730768,2026-04-03T13:56:11.436666,121705.74,1,0.039,0.105,0.158,0.018,0.1065,0.013090000000000001,0.0,3,0.09,0.158,0.486,0.043,0.1545,0.024090000000000004,0.0,1,0.056,0.108,0.16,0.018,0.109,0.012110000000000001,0.0,42156.814651,41979.940156,6,23815.086643,22900.462497,0,0.0,0.0,0.0,1.036,0.518,0.518,2000.0,1262.336,16199.059,7.793
466,2026-04-03T13:56:13.439898,2026-04-03T13:58:19.767047,126326.904,1,0.063,0.108,0.205,0.023,0.1075,0.014520000000000002,0.0,3,0.095,0.193,4.036,0.386,0.1575,0.07835,0.0,1,0.063,0.113,0.328,0.027,0.111,0.01336,0.0,42607.820564,42412.989818,8,21470.310211,21370.692858,466,0.0,0.0,0.0,0.521,0.0,0.521,2000.0,1255.734,16199.059,7.752
467,2026-04-03T13:58:21.767637,2026-04-03T14:00:21.584232,119816.513,1,0.043,0.105,0.388,0.034,0.1055,0.01615,0.0,3,0.072,0.155,0.219,0.024,0.159,0.01699,0.0,1,0.067,0.11,0.222,0.023,0.112,0.01403,0.0,37081.604735,34145.940024,3,24838.95446,23471.832641,1619,0.0,0.0,0.0,0.0,0.0,0.0,2000.0,1255.613,16199.059,7.751
468,2026-04-03T14:00:23.587461,2026-04-03T14:02:29.507894,125920.364,1,0.016,0.11,0.405,0.037,0.11,0.01648,0.0,3,0.093,0.158,0.301,0.028,0.158,0.017130000000000003,0.0,1,0.03,0.104,0.153,0.014,0.108,0.009630000000000001,0.0,41903.425571,41711.525362,385,24973.060535,24865.419415,0,0.0,0.0,0.0,0.525,0.262,0.262,2000.0,1254.453,16199.059,7.744
469,2026-04-03T14:02:31.508705,2026-04-03T14:04:36.731801,125223.029,1,0.066,0.113,0.947,0.085,0.108,0.022090000000000002,0.0,3,0.089,0.156,0.274,0.031,0.156,0.02086,0.0,1,0.037,0.116,0.853,0.078,0.11,0.023730000000000005,0.0,43361.056543,43183.169476,384,24432.831144,21080.195184,1,0.0,0.0,0.0,0.26,0.0,0.26,2000.0,1261.895,16199.059,7.79
470,2026-04-03T14:04:38.736411,2026-04-03T14:06:38.864453,120127.955,1,0.067,0.106,0.195,0.019,0.1075,0.012910000000000001,0.0,3,0.066,0.157,0.337,0.038,0.157,0.02476,0.0,1,0.045,0.11,0.217,0.026,0.107,0.01632,0.0,42376.96587,42196.108081,392,25777.413906,25657.632047,874,0.0,0.0,0.0,0.0,0.0,0.0,2000.0,1263.035,16199.059,7.797
471,2026-04-03T14:06:40.869870,2026-04-03T14:08:44.054674,123184.568,1,0.054,0.104,0.247,0.023,0.105,0.01392,0.0,3,0.026,0.149,0.225,0.028,0.154,0.018910000000000003,0.0,1,0.063,0.111,0.2,0.018,0.111,0.01094,0.0,41674.701995,36553.648162,347,21151.927392,21064.992052,0,0.0,0.0,0.0,0.521,0.0,0.521,2000.0,1253.449,16199.059,7.738
472,2026-04-03T14:08:46.059985,2026-04-03T14:10:45.399935,119339.768,1,0.031,0.101,0.171,0.02,0.103,0.01441,0.0,3,0.033,0.15,0.615,0.059,0.153,0.02906,0.0,1,0.037,0.104,0.174,0.017,0.109,0.01216,0.0,31604.727897,31458.120584,9,,,,0.0,0.0,0.0,0.519,0.26,0.26,2000.0,1253.977,16199.059,7.741
473,2026-04-03T14:10:47.402895,2026-04-03T14:12:50.915879,123512.859,1,0.061,0.105,0.177,0.018,0.107,0.01316,0.0,3,0.068,0.167,0.5,0.065,0.1585,0.030740000000000007,0.0,1,0.063,0.108,0.166,0.015,0.1115,0.011430000000000001,0.0,41362.197188,41182.10798,1,24225.059581,23211.49786,0,0.0,0.0,0.0,0.779,0.0,0.779,2000.0,1257.484,16199.059,7.763
474,2026-04-03T14:12:52.919493,2026-04-03T14:14:54.800320,121880.745,1,0.065,0.106,0.292,0.024,0.1085,0.01268,0.0,3,0.068,0.158,0.264,0.029,0.159,0.018620000000000005,0.0,1,0.064,0.109,0.162,0.015,0.112,0.01141,0.0,43152.941353,42950.69157,444,25157.143526,25032.079359,9,0.0,0.0,0.0,0.262,0.0,0.262,2000.0,1252.777,16199.059,7.734
475,2026-04-03T14:14:56.803617,2026-04-03T14:17:04.741284,127937.581,1,0.067,0.105,0.164,0.014,0.108,0.010250000000000002,0.0,3,0.082,0.151,0.212,0.021,0.1565,0.015590000000000003,0.0,1,0.068,0.109,0.195,0.023,0.109,0.01417,0.0,41691.492277,41517.066399,96,23795.17812,23693.188489,721,0.0,0.0,0.0,0.783,0.0,0.783,2000.0,1267.633,16199.059,7.825
476,2026-04-03T14:17:06.744241,2026-04-03T14:19:11.004194,124259.856,1,0.056,0.106,0.205,0.022,0.1065,0.01535,0.0,3,0.096,0.156,0.439,0.034,0.1555,0.017090000000000004,0.0,1,0.064,0.116,0.56,0.05,0.1115,0.019620000000000002,0.0,43991.214052,43801.521628,100,24406.868837,24300.743828,621,0.0,0.0,0.0,0.262,0.262,0.0,2000.0,1254.336,16199.059,7.743
477,2026-04-03T14:19:13.006438,2026-04-03T14:21:14.423216,121416.697,1,0.062,0.105,0.151,0.016,0.1075,0.01208,0.0,3,0.092,0.155,0.305,0.029,0.159,0.019060000000000004,0.0,1,0.063,0.105,0.153,0.014,0.1085,0.011060000000000002,0.0,40314.387806,40145.534604,7,19622.650935,18840.829073,1,0.0,0.0,0.0,0.261,0.261,0.0,2000.0,1243.328,16199.059,7.675
478,2026-04-03T14:21:16.423500,2026-04-03T14:23:22.476656,126052.924,1,0.025,0.107,0.17,0.021,0.108,0.014730000000000002,0.0,3,0.095,0.168,1.009,0.096,0.1565,0.03366000000000001,0.0,1,0.043,0.109,0.217,0.02,0.11,0.01237,0.0,44294.801071,44100.883488,56,25842.054125,25727.559342,626,0.0,0.0,0.0,0.261,0.0,0.261,2000.0,1250.113,16199.059,7.717
479,2026-04-03T14:23:24.479708,2026-04-03T14:25:29.039225,124559.264,1,0.06,0.112,0.84,0.075,0.107,0.02069,0.0,3,0.078,0.159,0.438,0.039,0.16,0.02153,0.0,1,0.063,0.111,0.41,0.034,0.11,0.01434,0.0,38227.84563,34917.582926,5,23850.799982,23747.689994,3,0.0,0.0,0.0,1.828,0.783,1.044,2000.0,1256.598,16199.059,7.757
480,2026-04-03T14:25:31.043241,2026-04-03T14:27:37.892094,126848.781,1,0.031,0.108,0.403,0.036,0.107,0.01633,0.0,3,0.092,0.157,0.224,0.025,0.1585,0.01743,0.0,1,0.031,0.11,0.793,0.071,0.108,0.02134,0.0,43586.971798,41186.759568,56,22579.358203,22477.835609,1371,0.0,0.0,0.0,0.262,0.0,0.262,2000.0,1262.125,16199.059,7.791
481,2026-04-03T14:27:39.895434,2026-04-03T14:29:41.332795,121437.176,1,0.066,0.11,0.432,0.049,0.106,0.021060000000000002,0.0,3,0.034,0.175,1.202,0.126,0.1575,0.049629999999999994,0.0,1,0.064,0.114,0.668,0.057,0.11,0.016890000000000002,0.0,43933.254283,43741.552181,1150,24518.411277,24406.390402,0,0.0,0.0,0.0,0.0,0.0,0.0,2000.0,1264.34,16199.059,7.805
482,2026-04-03T14:29:43.338196,2026-04-03T14:31:48.104580,124766.149,1,0.066,0.104,0.159,0.016,0.107,0.01204,0.0,3,0.082,0.15,0.243,0.025,0.1535,0.01784,0.0,1,0.064,0.109,0.243,0.023,0.1095,0.013630000000000001,0.0,42164.161732,41982.194985,53,14871.670846,13566.218449,4,0.0,0.0,0.0,0.261,0.261,0.0,2000.0,1253.422,16199.059,7.738
483,2026-04-03T14:31:50.107591,2026-04-03T14:33:57.468455,127360.783,1,0.042,0.104,0.271,0.024,0.106,0.014240000000000001,0.0,3,0.09,0.153,0.511,0.042,0.153,0.020880000000000003,0.0,1,0.041,0.105,0.188,0.019,0.107,0.01328,0.0,41802.144454,39142.922172,6,24243.231121,24135.756518,0,0.0,0.0,0.0,0.522,0.0,0.522,2000.0,1253.43,16199.059,7.738
484,2026-04-03T14:34:00.220726,2026-04-03T14:36:05.876094,125655.328,1,0.038,0.105,0.254,0.024,0.106,0.01426,0.0,3,0.095,0.159,0.46,0.04,0.159,0.020770000000000004,0.0,1,0.02,0.118,0.392,0.047,0.113,0.025029999999999997,0.0,43341.016905,42929.939282,6,25236.269536,25130.476839,0,0.0,0.0,0.0,0.262,0.0,0.262,2000.0,1251.547,16199.059,7.726
485,2026-04-03T14:36:07.879383,2026-04-03T14:38:11.639284,123759.717,1,0.068,0.107,0.366,0.03,0.108,0.014450000000000001,0.0,3,0.033,0.186,2.605,0.249,0.1575,0.0648,0.0,1,0.067,0.112,0.414,0.035,0.11,0.01609,0.0,43147.060801,41071.282479,3,14804.761637,14740.546417,2037,0.0,0.0,0.0,0.0,0.0,0.0,2000.0,1251.605,16199.059,7.726
486,2026-04-03T14:38:13.643498,2026-04-03T14:40:17.525289,123881.555,1,0.062,0.108,0.26,0.031,0.1075,0.019,0.0,3,0.07,0.156,0.407,0.04,0.157,0.020280000000000003,0.0,1,0.052,0.106,0.188,0.021,0.109,0.014660000000000001,0.0,40984.35812,40403.236262,56,23636.300551,22299.923916,0,0.0,0.0,0.0,0.26,0.0,0.26,2000.0,1266.746,16199.059,7.82
487,2026-04-03T14:40:19.532645,2026-04-03T14:42:20.347881,120815.022,1,0.039,0.104,0.178,0.018,0.106,0.012020000000000001,0.0,3,0.092,0.159,0.259,0.026,0.1595,0.016200000000000003,0.0,1,0.062,0.112,0.261,0.024,0.111,0.013600000000000001,0.0,41211.192008,37842.652459,7,24410.297607,24306.312351,412,0.0,0.0,0.0,0.261,0.261,0.0,2000.0,1260.668,16199.059,7.782
488,2026-04-03T14:42:22.350567,2026-04-03T14:44:27.424590,125073.729,1,0.014,0.184,4.397,0.486,0.108,0.1566,0.0,3,0.093,0.159,0.333,0.034,0.1575,0.021200000000000004,0.0,1,0.064,0.106,0.219,0.019,0.11,0.012960000000000001,0.0,42099.640176,41920.589079,7,25304.360999,24803.701043,0,0.0,0.0,0.0,0.0,0.0,0.0,2000.0,1258.941,16199.059,7.772
489,2026-04-03T14:44:30.271788,2026-04-03T14:46:32.330959,122059.129,1,0.059,0.105,0.218,0.02,0.107,0.01264,0.0,3,0.09,0.154,0.237,0.025,0.16,0.017610000000000004,0.0,1,0.051,0.187,8.153,0.801,0.106,0.16141,0.0,41091.374395,40915.475623,2,26877.291222,26767.693009,3317,0.0,0.0,0.0,0.26,0.0,0.26,2000.0,1252.32,16199.059,7.731
490,2026-04-03T14:46:34.334951,2026-04-03T14:48:39.191969,124856.538,1,0.06,0.102,0.153,0.016,0.104,0.01098,0.0,3,0.07,0.195,4.271,0.41,0.154,0.08478999999999999,0.0,1,0.037,0.108,0.199,0.018,0.109,0.01174,0.0,43641.305435,43449.258405,96,19629.899677,18459.605195,451,0.0,0.0,0.0,0.26,0.26,0.0,2000.0,1254.371,16199.059,7.743
491,2026-04-03T14:48:41.194170,2026-04-03T14:50:51.810442,130616.2,1,0.05,0.107,0.17,0.02,0.107,0.013430000000000001,0.0,3,0.04,0.163,0.565,0.056,0.157,0.028110000000000003,0.0,1,0.062,0.109,0.435,0.037,0.109,0.01544,0.0,43372.87261,42557.322128,9,18411.598175,17433.1531,1,0.0,0.0,0.0,0.521,0.0,0.521,2000.0,1247.43,16199.059,7.701
492,2026-04-03T14:50:53.815901,2026-04-03T14:52:56.521976,122705.89,1,0.015,0.178,6.896,0.676,0.107,0.14087,0.0,3,0.091,0.157,0.22,0.025,0.161,0.017520000000000004,0.0,1,0.068,0.11,0.182,0.018,0.111,0.012110000000000001,0.0,32644.026087,29936.909602,56,24329.546358,22463.983525,46,0.0,0.0,0.0,0.26,0.0,0.26,2000.0,1259.805,16199.059,7.777
493,2026-04-03T14:52:59.329334,2026-04-03T14:55:05.820561,126491.186,1,0.066,0.106,0.213,0.021,0.107,0.01335,0.0,3,0.067,0.155,0.353,0.032,0.159,0.020170000000000004,0.0,1,0.064,0.118,1.131,0.103,0.108,0.027419999999999993,0.0,42638.96523,42440.42776,755,23808.564802,23704.498851,1,0.0,0.0,0.0,0.0,0.0,0.0,2000.0,1248.84,16199.059,7.709
494,2026-04-03T14:55:07.823347,2026-04-03T14:57:14.535873,126712.485,1,0.064,0.111,0.406,0.039,0.11,0.01659,0.0,3,0.042,0.163,0.916,0.087,0.1535,0.03261000000000001,0.0,1,0.04,0.11,0.246,0.023,0.112,0.014070000000000001,0.0,43333.357646,39252.880444,50,23090.877323,21882.542924,643,0.0,0.0,0.0,0.26,0.0,0.26,2000.0,1227.871,16199.059,7.58
495,2026-04-03T14:57:16.538511,2026-04-03T14:59:20.025295,123486.615,1,0.051,0.102,0.157,0.017,0.1055,0.01255,0.0,3,0.036,0.156,0.54,0.049,0.1545,0.023530000000000002,0.0,1,0.055,0.104,0.176,0.016,0.108,0.011340000000000001,0.0,42853.649807,42667.247188,5,22705.614942,22434.60121,1,0.0,0.0,0.0,0.522,0.0,0.522,2000.0,1236.648,16199.059,7.634
496,2026-04-03T14:59:22.030449,2026-04-03T15:01:25.673219,123642.545,1,0.064,0.107,0.306,0.029,0.108,0.01537,0.0,3,0.097,0.155,0.26,0.026,0.1535,0.017480000000000002,0.0,1,0.065,0.107,0.203,0.019,0.109,0.0125,0.0,38255.225702,34807.03864,52,24517.266436,24415.54747,0,0.0,0.0,0.0,0.519,0.26,0.26,2000.0,1240.941,16199.059,7.661
497,2026-04-03T15:01:28.364960,2026-04-03T15:03:30.380024,122015.013,1,0.06,0.104,0.217,0.018,0.105,0.01076,0.0,3,0.039,0.158,0.476,0.049,0.158,0.021790000000000004,0.0,1,0.031,0.105,0.149,0.018,0.107,0.0126,0.0,43152.906831,42969.535147,475,26397.238229,26283.967086,1154,0.0,0.0,0.0,8.602,3.226,5.376,2000.0,1229.348,16199.059,7.589
498,2026-04-03T15:03:32.381304,2026-04-03T15:05:34.489016,122107.497,1,0.062,0.106,0.223,0.021,0.107,0.01313,0.0,3,0.097,0.162,0.457,0.046,0.158,0.021940000000000005,0.0,1,0.069,0.111,0.391,0.033,0.108,0.015370000000000002,0.0,43243.600203,43041.809743,52,23025.989826,22921.566013,3,0.0,0.0,0.0,0.261,0.0,0.261,2000.0,1233.648,16199.059,7.616
499,2026-04-03T15:05:36.491126,2026-04-03T15:07:42.168188,125676.873,1,0.06,0.109,0.227,0.021,0.109,0.013090000000000001,0.0,3,0.09,0.156,0.309,0.031,0.1555,0.020350000000000004,0.0,1,0.017,0.11,0.54,0.047,0.1105,0.015950000000000002,0.0,44291.948476,44095.274336,6,12389.757164,12038.889507,2,0.0,0.0,0.0,0.26,0.0,0.26,2000.0,1236.559,16199.059,7.634
500,2026-04-03T15:07:44.172459,2026-04-03T15:09:46.934205,122761.656,1,0.043,0.119,1.234,0.117,0.1075,0.03371,0.0,3,0.095,0.154,0.243,0.024,0.153,0.018170000000000002,0.0,1,0.064,0.107,0.166,0.016,0.107,0.011260000000000001,0.0,42716.94442,39496.242826,8,25720.861853,23828.16944,300,0.0,0.0,0.0,0.262,0.0,0.262,2000.0,1240.844,16199.059,7.66
501,2026-04-03T15:09:48.938036,2026-04-03T15:11:44.598625,115660.358,1,0.064,0.106,0.173,0.019,0.106,0.0137,0.0,3,0.093,0.153,0.255,0.024,0.1555,0.016110000000000003,0.0,1,0.041,0.108,0.222,0.02,0.1085,0.012150000000000001,0.0,39115.774001,38784.379576,665,,,,0.0,0.0,0.0,0.522,0.0,0.522,2000.0,1241.934,16199.059,7.667
502,2026-04-03T15:11:46.600849,2026-04-03T15:14:00.207331,133606.259,1,0.067,0.113,0.444,0.043,0.11,0.01797,0.0,3,0.03,0.199,5.473,0.53,0.156,0.10573,0.0,1,0.017,0.119,1.157,0.106,0.111,0.024859999999999993,0.0,42679.94992,42507.790084,2,24903.336709,24194.496267,604,0.0,0.0,0.0,0.261,0.0,0.261,2000.0,1242.457,16199.059,7.67
503,2026-04-03T15:14:02.211379,2026-04-03T15:16:09.272476,127060.887,1,0.063,0.106,0.155,0.016,0.108,0.011470000000000001,0.0,3,0.06,0.158,0.388,0.035,0.159,0.019610000000000002,0.0,1,0.064,0.117,0.831,0.078,0.111,0.023500000000000004,0.0,42851.319984,42662.993601,105,25546.937722,24674.657041,546,0.0,0.0,0.0,0.521,0.26,0.26,2000.0,1242.32,16199.059,7.669
504,2026-04-03T15:16:11.276061,2026-04-03T15:18:13.358170,122081.865,1,0.058,0.106,0.213,0.02,0.107,0.01174,0.0,3,0.076,0.154,0.212,0.022,0.16,0.015810000000000005,0.0,1,0.065,0.111,0.306,0.027,0.11,0.013850000000000001,0.0,41942.96031,39001.783552,274,21324.180017,21232.962003,0,0.0,0.0,0.0,0.521,0.0,0.521,2000.0,1240.332,16199.059,7.657
505,2026-04-03T15:18:15.360248,2026-04-03T15:20:18.796968,123436.508,1,0.036,0.108,0.274,0.028,0.107,0.01589,0.0,3,0.091,0.158,0.285,0.034,0.157,0.02342,0.0,1,0.061,0.108,0.226,0.024,0.1075,0.01358,0.0,38629.670742,36114.838909,97,23150.475587,21825.634948,1,0.0,0.0,0.0,0.26,0.0,0.26,2000.0,1241.641,16199.059,7.665
506,2026-04-03T15:20:20.801493,2026-04-03T15:22:20.658363,119856.64,1,0.065,0.107,0.216,0.023,0.108,0.015210000000000001,0.0,3,0.094,0.159,0.271,0.027,0.161,0.01882,0.0,1,0.069,0.11,0.18,0.016,0.1105,0.01116,0.0,37539.325815,37375.935821,3,26166.510201,24107.706328,45,0.0,0.0,0.0,0.26,0.0,0.26,2000.0,1245.777,16199.059,7.69
507,2026-04-03T15:22:22.663463,2026-04-03T15:24:30.747366,128083.741,1,0.031,0.116,0.698,0.072,0.107,0.025790000000000004,0.0,3,0.093,0.157,0.253,0.024,0.159,0.016550000000000002,0.0,1,0.053,0.108,0.193,0.016,0.109,0.010180000000000002,0.0,35646.62196,35496.166777,373,25359.666003,23327.267196,727,0.0,0.0,0.0,0.521,0.0,0.521,2000.0,1236.941,16199.059,7.636
508,2026-04-03T15:24:32.752276,2026-04-03T15:26:40.332675,127580.311,1,0.06,0.111,0.563,0.049,0.1095,0.017240000000000002,0.0,3,0.092,0.157,0.262,0.031,0.154,0.02024,0.0,1,0.019,0.138,2.828,0.282,0.108,0.06860000000000001,0.0,43654.055343,39869.85783,46,25817.927255,24410.367543,342,0.0,0.0,0.0,0.262,0.0,0.262,2000.0,1226.258,16199.059,7.57
509,2026-04-03T15:26:42.335610,2026-04-03T15:28:49.875940,127540.243,1,0.063,0.11,0.356,0.033,0.109,0.01627,0.0,3,0.028,0.181,2.615,0.258,0.1505,0.07425999999999999,0.0,1,0.068,0.116,0.499,0.048,0.111,0.019850000000000003,0.0,24903.367325,24798.230582,2,24760.788915,24646.450417,1,0.0,0.0,0.0,0.0,0.0,0.0,2000.0,1242.223,16199.059,7.668
510,2026-04-03T15:28:51.882222,2026-04-03T15:30:56.868852,124986.374,1,0.066,0.119,0.762,0.082,0.1075,0.029869999999999994,0.0,3,0.092,0.159,0.274,0.027,0.1595,0.017370000000000003,0.0,1,0.064,0.108,0.18,0.014,0.1095,0.0094,0.0,13304.248252,12226.701971,466,25787.656953,25664.520891,296,0.0,0.0,0.0,0.0,0.0,0.0,2000.0,1236.008,16199.059,7.63
511,2026-04-03T15:30:58.872902,2026-04-03T15:32:58.868692,119995.562,1,0.064,0.106,0.157,0.018,0.109,0.01246,0.0,3,0.067,0.153,0.264,0.028,0.157,0.018490000000000003,0.0,1,0.064,0.113,0.446,0.046,0.107,0.019870000000000002,0.0,44489.728543,44302.661807,48,24343.562708,23166.493356,270,0.0,0.0,0.0,2.888,1.444,1.444,2000.0,1231.934,16199.059,7.605
512,2026-04-03T15:33:00.871222,2026-04-03T15:35:06.896862,126025.381,1,0.067,0.104,0.15,0.015,0.106,0.01127,0.0,3,0.089,0.155,0.252,0.027,0.159,0.01939,0.0,1,0.022,0.123,1.267,0.12,0.1095,0.03692,0.0,42571.22349,39800.437945,104,25006.337042,24895.399854,1055,0.0,0.0,0.0,0.26,0.0,0.26,2000.0,1225.625,16199.059,7.566
513,2026-04-03T15:35:08.899243,2026-04-03T15:37:20.028060,131128.674,1,0.069,0.115,0.924,0.082,0.109,0.020500000000000004,0.0,3,0.095,0.155,0.214,0.024,0.159,0.01836,0.0,1,0.064,0.108,0.168,0.016,0.1085,0.010600000000000002,0.0,43664.261206,42969.093038,49,21477.856987,19851.411333,25,0.0,0.0,0.0,0.262,0.0,0.262,2000.0,1240.289,16199.059,7.657
514,2026-04-03T15:37:22.030729,2026-04-03T15:39:11.354700,109323.713,1,0.063,0.104,0.166,0.017,0.1065,0.011960000000000002,0.0,3,0.092,0.155,0.253,0.026,0.1575,0.016840000000000004,0.0,1,0.065,0.115,0.484,0.043,0.11,0.0182,0.0,20332.906999,20247.816011,96,,,,0.0,0.0,0.0,0.781,0.26,0.521,2000.0,1253.258,16199.059,7.737
515,2026-04-03T15:39:13.358280,2026-04-03T15:41:32.834202,139475.8,1,0.067,0.105,0.193,0.018,0.1055,0.011519999999999999,0.0,3,0.034,0.193,2.951,0.289,0.159,0.07639,0.0,1,0.036,0.103,0.154,0.017,0.105,0.0116,0.0,40987.204477,39104.160565,205,25325.090654,23261.548639,181,0.0,0.0,0.0,0.521,0.0,0.521,2000.0,1234.402,16199.059,7.62
516,2026-04-03T15:41:34.835921,2026-04-03T15:43:42.608774,127772.732,1,0.057,0.109,0.441,0.036,0.11,0.01288,0.0,3,0.093,0.155,0.294,0.028,0.157,0.018030000000000004,0.0,1,0.042,0.125,1.317,0.14,0.107,0.04391,0.0,41749.513348,38896.908738,56,23024.055231,21767.324934,528,0.0,0.0,0.0,0.26,0.0,0.26,2000.0,1232.652,16199.059,7.609
517,2026-04-03T15:43:44.610870,2026-04-03T15:45:46.852040,122241.052,1,0.06,0.111,0.455,0.046,0.1055,0.02108,0.0,3,0.059,0.166,0.48,0.067,0.156,0.033440000000000004,0.0,1,0.041,0.116,0.821,0.08,0.109,0.02466,0.0,43166.891617,42962.680823,7,26078.678183,25930.734701,180,0.0,0.0,0.0,0.0,0.0,0.0,2000.0,1263.328,16199.059,7.799
518,2026-04-03T15:45:48.859795,2026-04-03T15:47:58.624844,129764.816,1,0.044,0.103,0.155,0.017,0.106,0.0122,0.0,3,0.098,0.154,0.253,0.024,0.1565,0.016530000000000003,0.0,1,0.048,0.109,0.203,0.021,0.1095,0.013550000000000001,0.0,36339.05376,36179.853287,105,25220.934463,23094.619626,301,0.0,0.0,0.0,0.498,0.249,0.249,2000.0,1232.695,16199.059,7.61
519,2026-04-03T15:48:00.628419,2026-04-03T15:50:03.276958,122648.425,1,0.047,0.105,0.265,0.028,0.107,0.01661,0.0,3,0.095,0.159,0.344,0.032,0.158,0.020090000000000004,0.0,1,0.069,0.115,0.513,0.049,0.11,0.019620000000000002,0.0,44805.687942,44598.819813,16,22615.202143,22494.855984,0,0.0,0.0,0.0,0.26,0.26,0.0,2000.0,1256.254,16199.059,7.755
520,2026-04-03T15:50:05.280455,2026-04-03T15:52:17.939186,132658.518,1,0.047,0.106,0.192,0.021,0.107,0.013980000000000001,0.0,3,0.094,0.159,0.351,0.041,0.1555,0.026250000000000002,0.0,1,0.033,0.106,0.194,0.021,0.108,0.013680000000000001,0.0,43837.234752,39950.416505,794,25375.749942,23495.85744,0,0.0,0.0,0.0,0.26,0.0,0.26,2000.0,1234.074,16199.059,7.618
521,2026-04-03T15:52:19.940171,2026-04-03T15:54:34.115941,134175.576,1,0.023,0.144,2.478,0.282,0.107,0.08274999999999999,0.0,3,0.089,0.152,0.368,0.032,0.152,0.017980000000000003,0.0,1,0.016,0.112,0.53,0.05,0.108,0.02032,0.0,41131.036976,37647.377083,153,19830.795756,18845.819604,1017,0.0,0.0,0.0,0.0,0.0,0.0,2000.0,1235.645,16199.059,7.628
522,2026-04-03T15:54:36.119543,2026-04-03T15:56:38.387221,122267.488,1,0.06,0.103,0.205,0.021,0.104,0.013489999999999999,0.0,3,0.093,0.158,0.258,0.025,0.159,0.01708,0.0,1,0.056,0.108,0.213,0.024,0.1085,0.01545,0.0,44991.34736,44131.421536,547,23439.654603,23337.865578,0,0.0,0.0,0.0,0.261,0.0,0.261,2000.0,1244.566,16199.059,7.683
523,2026-04-03T15:56:40.388304,2026-04-03T15:58:47.956164,127567.636,1,0.048,0.103,0.16,0.016,0.106,0.01166,0.0,3,0.031,0.169,1.152,0.12,0.157,0.041530000000000004,0.0,1,0.065,0.111,0.339,0.038,0.108,0.019090000000000003,0.0,41522.683644,41343.463726,95,19027.797032,17430.604262,1076,0.0,0.0,0.0,0.262,0.0,0.262,2000.0,1233.07,16199.059,7.612
524,2026-04-03T15:58:49.958885,2026-04-03T16:00:53.346617,123387.658,1,0.05,0.106,0.378,0.034,0.1075,0.01638,0.0,3,0.096,0.158,0.475,0.04,0.1565,0.021290000000000003,0.0,1,0.041,0.11,0.377,0.033,0.111,0.0159,0.0,41934.533975,41753.651381,9,21794.316528,21701.76859,91,0.0,0.0,0.0,0.0,0.0,0.0,2000.0,1230.387,16199.059,7.595
525,2026-04-03T16:00:55.350246,2026-04-03T16:03:01.374268,126023.805,1,0.036,0.115,1.12,0.102,0.106,0.024610000000000003,0.0,3,0.093,0.157,0.385,0.038,0.157,0.023340000000000003,0.0,1,0.067,0.11,0.301,0.025,0.11,0.01271,0.0,45242.659837,45045.965954,104,22495.613802,22391.067691,0,0.0,0.0,0.0,0.0,0.0,0.0,2000.0,1239.988,16199.059,7.655
526,2026-04-03T16:03:03.377014,2026-04-03T16:05:02.839169,119461.926,1,0.061,0.104,0.224,0.021,0.106,0.01417,0.0,3,0.093,0.153,0.246,0.025,0.155,0.017500000000000005,0.0,1,0.065,0.106,0.153,0.018,0.108,0.01306,0.0,44316.657335,40921.032039,423,21700.686488,21598.733387,45,0.0,0.0,0.0,0.521,0.0,0.521,2000.0,1230.375,16199.059,7.595
527,2026-04-03T16:05:04.844543,2026-04-03T16:07:08.763761,123919.116,1,0.044,0.105,0.204,0.021,0.104,0.012849999999999999,0.0,3,0.091,0.161,0.51,0.051,0.158,0.023870000000000002,0.0,1,0.065,0.117,0.441,0.047,0.112,0.01998,0.0,42568.890881,42361.440208,11,18661.788648,17000.816934,534,0.0,0.0,0.0,0.522,0.261,0.261,2000.0,1234.273,16199.059,7.619
528,2026-04-03T16:07:10.765408,2026-04-03T16:09:15.533854,124768.197,1,0.048,0.108,0.245,0.024,0.109,0.01511,0.0,3,0.092,0.15,0.243,0.022,0.154,0.015730000000000004,0.0,1,0.05,0.106,0.177,0.021,0.109,0.015500000000000002,0.0,43351.542753,40944.818922,10,15072.925786,14254.824982,242,0.0,0.0,0.0,0.522,0.0,0.522,2000.0,1241.398,16199.059,7.663
529,2026-04-03T16:09:17.536208,2026-04-03T16:11:22.560341,125023.954,1,0.016,0.105,0.181,0.024,0.1085,0.01606,0.0,3,0.097,0.16,0.512,0.041,0.16,0.0175,0.0,1,0.041,0.109,0.192,0.021,0.111,0.013830000000000002,0.0,22783.933749,20757.214678,5,24488.510491,24382.380682,0,0.0,0.0,0.0,0.781,0.0,0.781,2000.0,1230.105,16199.059,7.594
530,2026-04-03T16:11:24.563280,2026-04-03T16:13:30.399791,125836.438,1,0.067,0.105,0.193,0.018,0.107,0.01253,0.0,3,0.093,0.156,0.271,0.026,0.16,0.016630000000000002,0.0,1,0.057,0.105,0.156,0.016,0.108,0.01182,0.0,36960.32772,36775.496826,155,26051.539865,25926.541817,227,0.0,0.0,0.0,0.781,0.0,0.781,2000.0,1256.469,16199.059,7.756
531,2026-04-03T16:13:32.401758,2026-04-03T16:15:34.344109,121942.138,1,0.065,0.106,0.161,0.017,0.107,0.01191,0.0,3,0.097,0.157,0.438,0.036,0.1575,0.01804,0.0,1,0.021,0.107,0.348,0.031,0.109,0.01514,0.0,42484.779899,42131.350301,54,23382.997524,23277.758403,727,0.0,0.0,0.0,0.26,0.0,0.26,2000.0,1240.832,16199.059,7.66
532,2026-04-03T16:15:36.348357,2026-04-03T16:17:41.580106,125231.626,1,0.062,0.107,0.228,0.024,0.1075,0.013680000000000001,0.0,3,0.09,0.159,0.277,0.027,0.159,0.016780000000000003,0.0,1,0.031,0.111,0.449,0.038,0.11,0.01454,0.0,42027.281206,41854.546159,1233,24549.17539,24443.691453,1328,0.0,0.0,0.0,0.522,0.261,0.261,2000.0,1233.926,16199.059,7.617
533,2026-04-03T16:17:43.580799,2026-04-03T16:19:48.983877,125402.933,1,0.067,0.108,0.193,0.02,0.107,0.01362,0.0,3,0.093,0.161,0.746,0.065,0.155,0.024460000000000003,0.0,1,0.066,0.112,0.406,0.042,0.108,0.017560000000000003,0.0,42059.447247,38693.588036,51,23377.716712,22199.446619,45,0.0,0.0,0.0,0.0,0.0,0.0,2000.0,1249.137,16199.059,7.711
534,2026-04-03T16:19:50.987346,2026-04-03T16:21:50.481359,119493.854,1,0.029,0.131,2.795,0.268,0.105,0.05556,0.0,3,0.092,0.162,0.546,0.056,0.1585,0.023590000000000003,0.0,1,0.064,0.109,0.239,0.025,0.109,0.01437,0.0,32567.501951,32434.26232,51,24477.761282,24011.794198,675,0.0,0.0,0.0,0.0,0.0,0.0,2000.0,1247.402,16199.059,7.7
535,2026-04-03T16:21:52.487841,2026-04-03T16:23:58.835356,126347.289,1,0.025,0.131,2.434,0.233,0.107,0.05528000000000001,0.0,3,0.064,0.152,0.248,0.026,0.158,0.018650000000000003,0.0,1,0.036,0.11,0.282,0.026,0.109,0.01382,0.0,42941.006628,42757.251833,57,24616.010077,24510.979163,1143,0.0,0.0,0.0,3.03,1.684,1.347,2000.0,1243.148,16199.059,7.674
536,2026-04-03T16:24:01.832324,2026-04-03T16:26:02.456186,120623.809,1,0.067,0.105,0.294,0.028,0.105,0.01539,0.0,3,0.037,0.157,0.258,0.03,0.157,0.021220000000000003,0.0,1,0.063,0.12,0.553,0.059,0.111,0.026239999999999996,0.0,43538.732502,43356.548639,1534,22579.750436,21990.137956,4,0.0,0.0,0.0,1.042,0.26,0.781,2000.0,1237.219,16199.059,7.638
537,2026-04-03T16:26:04.460381,2026-04-03T16:28:09.333893,124873.303,1,0.063,0.106,0.16,0.018,0.109,0.013600000000000001,0.0,3,0.095,0.157,0.241,0.022,0.1615,0.016090000000000004,0.0,1,0.018,0.108,0.248,0.029,0.109,0.01668,0.0,41167.537173,39801.979202,145,21331.027985,20264.39492,135,0.0,0.0,0.0,0.262,0.0,0.262,2000.0,1242.32,16199.059,7.669
538,2026-04-03T16:28:11.338825,2026-04-03T16:30:18.738125,127398.667,1,0.068,0.105,0.262,0.022,0.107,0.01221,0.0,3,0.054,0.196,2.652,0.26,0.16,0.07865,0.0,1,0.068,0.11,0.188,0.018,0.1115,0.011210000000000001,0.0,42570.718838,41146.787701,48,24007.262635,23904.039591,1343,0.0,0.0,0.0,0.262,0.262,0.0,2000.0,1230.66,16199.059,7.597
539,2026-04-03T16:30:20.741792,2026-04-03T16:32:19.564262,118822.254,1,0.062,0.107,0.235,0.024,0.106,0.01403,0.0,3,0.094,0.157,0.444,0.042,0.156,0.019530000000000006,0.0,1,0.033,0.119,1.526,0.142,0.108,0.030519999999999995,0.0,41726.738301,41549.505739,149,24486.047713,24372.163393,45,0.0,0.0,0.0,0.0,0.0,0.0,2000.0,1237.355,16199.059,7.638
540,2026-04-03T16:32:21.567497,2026-04-03T16:34:22.908831,121341.223,1,0.017,0.119,1.063,0.108,0.107,0.03348999999999999,0.0,3,0.096,0.157,0.244,0.026,0.159,0.01793,0.0,1,0.034,0.11,0.228,0.023,0.1095,0.014090000000000002,0.0,42681.150703,42086.465081,69,24957.153102,24859.127573,0,0.0,0.0,0.0,0.261,0.0,0.261,2000.0,1236.105,16199.059,7.631
541,2026-04-03T16:34:24.910833,2026-04-03T16:36:28.473913,123562.874,1,0.067,0.107,0.211,0.019,0.1085,0.01155,0.0,3,0.034,0.155,0.241,0.025,0.159,0.015930000000000003,0.0,1,0.064,0.112,0.417,0.036,0.11,0.015410000000000002,0.0,38908.511988,37611.835649,98,24968.451916,24853.629104,541,0.0,0.0,0.0,1.626,0.542,1.084,2000.0,1237.094,16199.059,7.637
542,2026-04-03T16:36:30.479779,2026-04-03T16:38:37.126025,126646.068,1,0.027,0.102,0.19,0.018,0.104,0.01237,0.0,3,0.091,0.152,0.23,0.021,0.1525,0.01589,0.0,1,0.029,0.115,0.47,0.047,0.11,0.023430000000000003,0.0,44005.190361,43829.469586,657,25645.817914,25534.366614,362,0.0,0.0,0.0,0.26,0.0,0.26,2000.0,1243.184,16199.059,7.674
543,2026-04-03T16:38:39.130573,2026-04-03T16:40:39.369608,120238.932,1,0.063,0.106,0.194,0.019,0.109,0.013090000000000001,0.0,3,0.043,0.153,0.221,0.033,0.1595,0.025240000000000002,0.0,1,0.039,0.107,0.193,0.022,0.109,0.014390000000000002,0.0,41391.316556,41198.400635,6,21338.239849,17875.561206,1,0.0,0.0,0.0,0.0,0.0,0.0,2000.0,1248.273,16199.059,7.706
544,2026-04-03T16:40:41.371196,2026-04-03T16:42:40.314713,118943.306,1,0.067,0.108,0.196,0.019,0.1085,0.01203,0.0,3,0.092,0.154,0.22,0.024,0.156,0.017380000000000003,0.0,1,0.065,0.11,0.372,0.033,0.107,0.01606,0.0,42852.496902,42035.497008,9,24463.48022,24355.654163,767,0.0,0.0,0.0,0.0,0.0,0.0,2000.0,1249.113,16199.059,7.711
545,2026-04-03T16:42:42.315600,2026-04-03T16:44:46.291480,123975.78,1,0.063,0.104,0.226,0.019,0.105,0.01247,0.0,3,0.091,0.151,0.223,0.023,0.157,0.017110000000000004,0.0,1,0.036,0.107,0.276,0.026,0.1075,0.01582,0.0,42754.513922,41672.408886,5,13738.420472,11897.861188,760,0.0,0.0,0.0,0.261,0.0,0.261,2000.0,1242.75,16199.059,7.672
546,2026-04-03T16:44:48.295186,2026-04-03T16:46:47.910281,119614.915,1,0.066,0.109,0.219,0.02,0.11,0.012100000000000001,0.0,3,0.073,0.152,0.262,0.028,0.158,0.02024,0.0,1,0.047,0.107,0.211,0.021,0.1095,0.01328,0.0,35484.604927,34174.040064,5,26192.157271,26079.552387,2,0.0,0.0,0.0,0.0,0.0,0.0,2000.0,1229.691,16199.059,7.591
547,2026-04-03T16:46:49.914915,2026-04-03T16:48:52.087984,122172.854,1,0.065,0.124,2.206,0.21,0.1035,0.04714,0.0,3,0.095,0.156,0.223,0.025,0.158,0.01771,0.0,1,0.06,0.106,0.215,0.02,0.107,0.01268,0.0,43351.351641,39804.353974,1042,27492.042849,27373.001882,0,0.0,0.0,0.0,0.0,0.0,0.0,2000.0,1236.875,16199.059,7.635
548,2026-04-03T16:48:54.091298,2026-04-03T16:50:57.347854,123256.303,1,0.06,0.12,1.173,0.109,0.108,0.03183999999999999,0.0,3,0.082,0.155,0.438,0.042,0.154,0.022770000000000002,0.0,1,0.052,0.118,0.786,0.07,0.111,0.023599999999999996,0.0,37247.084606,35704.048137,54,23610.651474,23510.247527,93,0.0,0.0,0.0,0.519,0.0,0.519,2000.0,1234.867,16199.059,7.623
549,2026-04-03T16:50:59.351518,2026-04-03T16:53:06.500253,127148.606,1,0.062,0.103,0.212,0.019,0.105,0.01339,0.0,3,0.094,0.157,0.344,0.033,0.155,0.020170000000000004,0.0,1,0.019,0.111,0.485,0.047,0.109,0.018170000000000002,0.0,42807.296064,41787.919359,2,22739.626346,22646.137491,2218,0.0,0.0,0.0,0.0,0.0,0.0,2000.0,1233.207,16199.059,7.613
550,2026-04-03T16:53:08.502530,2026-04-03T16:55:14.703047,126200.402,1,0.037,0.105,0.186,0.02,0.1085,0.014100000000000001,0.0,3,0.091,0.156,0.221,0.026,0.158,0.018740000000000003,0.0,1,0.045,0.109,0.209,0.018,0.111,0.011720000000000001,0.0,41716.09705,41519.690276,54,23538.120991,21621.494011,160,0.0,0.0,0.0,0.261,0.0,0.261,2000.0,1241.176,16199.059,7.662
551,2026-04-03T16:55:16.709196,2026-04-03T16:57:18.316838,121607.425,1,0.039,0.111,0.406,0.035,0.11,0.01611,0.0,3,0.033,0.185,2.48,0.243,0.159,0.06824999999999999,0.0,1,0.061,0.116,0.608,0.052,0.111,0.01811,0.0,41526.98167,41348.133396,53,23921.94733,23801.190807,0,0.0,0.0,0.0,0.261,0.0,0.261,2000.0,1231.059,16199.059,7.6
552,2026-04-03T16:57:20.319625,2026-04-03T16:59:29.043889,128723.949,1,0.025,0.132,1.658,0.177,0.1055,0.06031,0.0,3,0.094,0.156,0.362,0.034,0.1535,0.020300000000000002,0.0,1,0.031,0.108,0.206,0.024,0.109,0.01577,0.0,41741.505414,38321.58204,238,22454.933934,22361.511354,353,0.0,0.0,0.0,3.607,1.967,1.639,2000.0,1235.094,16199.059,7.624
553,2026-04-03T16:59:31.046571,2026-04-03T17:01:33.844201,122797.591,1,0.042,0.104,0.389,0.032,0.1035,0.014580000000000001,0.0,3,0.072,0.156,0.276,0.029,0.159,0.020040000000000002,0.0,1,0.067,0.109,0.203,0.025,0.1075,0.01658,0.0,42598.426288,40336.946833,55,24470.41227,23164.641734,0,0.0,0.0,0.0,0.779,0.26,0.519,2000.0,1248.457,16199.059,7.707
554,2026-04-03T17:01:35.848540,2026-04-03T17:03:45.535863,129687.1,1,0.069,0.104,0.18,0.018,0.1055,0.01242,0.0,3,0.076,0.159,0.457,0.045,0.155,0.025270000000000004,0.0,1,0.064,0.11,0.465,0.039,0.1085,0.015210000000000001,0.0,44045.203106,40633.457611,1247,22793.717997,22700.876056,1368,0.0,0.0,0.0,0.0,0.0,0.0,2000.0,1231.145,16199.059,7.6
555,2026-04-03T17:03:47.538123,2026-04-03T17:05:53.178053,125639.844,1,0.066,0.107,0.269,0.028,0.106,0.015710000000000002,0.0,3,0.065,0.153,0.255,0.031,0.1585,0.02186,0.0,1,0.063,0.104,0.206,0.02,0.1075,0.01332,0.0,38282.995923,34884.55285,18,20345.06033,20258.269786,45,0.0,0.0,0.0,1.294,0.647,0.647,2000.0,1242.543,16199.059,7.67
556,2026-04-03T17:05:55.181973,2026-04-03T17:07:59.206613,124024.472,1,0.018,0.105,0.411,0.04,0.105,0.01892,0.0,3,0.091,0.154,0.252,0.025,0.1555,0.017650000000000002,0.0,1,0.04,0.107,0.191,0.021,0.109,0.013950000000000002,0.0,42494.98088,42330.208863,62,22208.69666,22114.070332,0,0.0,0.0,0.0,3.322,2.326,0.997,2000.0,1243.453,16199.059,7.676
557,2026-04-03T17:08:01.207265,2026-04-03T17:10:04.196598,122989.252,1,0.041,0.102,0.17,0.019,0.105,0.01392,0.0,3,0.094,0.159,0.273,0.032,0.1575,0.020560000000000002,0.0,1,0.067,0.118,0.414,0.051,0.11,0.022929999999999996,0.0,42673.397004,39415.329805,189,23328.736294,23217.949778,1,0.0,0.0,0.0,1.0,0.333,0.667,2000.0,1239.254,16199.059,7.65
558,2026-04-03T17:10:06.201090,2026-04-03T17:12:09.568938,123367.761,1,0.064,0.109,0.399,0.034,0.109,0.015710000000000002,0.0,3,0.094,0.152,0.257,0.027,0.158,0.020250000000000004,0.0,1,0.021,0.125,2.233,0.213,0.108,0.04777,0.0,45317.426222,45101.851684,59,16316.834027,16082.833801,645,0.0,0.0,0.0,0.522,0.261,0.261,2000.0,1232.668,16199.059,7.61
559,2026-04-03T17:12:11.571909,2026-04-03T17:14:13.784232,122212.242,1,0.066,0.104,0.213,0.019,0.1045,0.01197,0.0,3,0.094,0.167,0.998,0.09,0.158,0.036070000000000005,0.0,1,0.059,0.107,0.197,0.019,0.1085,0.01217,0.0,41803.341113,41627.184199,663,15731.225834,15667.273849,679,0.0,0.0,0.0,0.262,0.0,0.262,2000.0,1239.344,16199.059,7.651
560,2026-04-03T17:14:15.787150,2026-04-03T17:16:14.908125,119120.794,1,0.058,0.106,0.217,0.019,0.108,0.012350000000000002,0.0,3,0.095,0.157,0.303,0.026,0.158,0.01582,0.0,1,0.068,0.106,0.182,0.016,0.105,0.010960000000000001,0.0,44035.525423,43850.046931,103,26099.101679,25975.20914,1164,0.0,0.0,0.0,0.779,0.0,0.779,2000.0,1236.324,16199.059,7.632
561,2026-04-03T17:16:16.911474,2026-04-03T17:18:17.003501,120091.72,1,0.043,0.104,0.149,0.019,0.105,0.01377,0.0,3,0.053,0.151,0.251,0.03,0.1535,0.02017,0.0,1,0.041,0.108,0.209,0.023,0.108,0.01405,0.0,41967.765162,41784.774841,2,24395.756278,23455.870469,3,0.0,0.0,0.0,0.0,0.0,0.0,2000.0,1238.695,16199.059,7.647
562,2026-04-03T17:18:19.005927,2026-04-03T17:20:26.776709,127770.697,1,0.016,0.107,0.638,0.058,0.105,0.02012,0.0,3,0.093,0.159,0.461,0.039,0.1605,0.020980000000000002,0.0,1,0.061,0.109,0.289,0.025,0.109,0.012620000000000001,0.0,42072.478617,39534.592041,22,24994.320669,23720.79205,1,0.0,0.0,0.0,0.261,0.0,0.261,2000.0,1248.664,16199.059,7.708
563,2026-04-03T17:20:29.159259,2026-04-03T17:22:32.505202,123345.907,1,0.045,0.102,0.193,0.018,0.1045,0.01231,0.0,3,0.083,0.156,0.49,0.046,0.1545,0.02261,0.0,1,0.062,0.106,0.19,0.019,0.107,0.012580000000000001,0.0,41824.187042,39377.779927,320,24577.400822,24460.302834,876,0.0,0.0,0.0,0.0,0.0,0.0,2000.0,1238.539,16199.059,7.646
564,2026-04-03T17:22:34.509095,2026-04-03T17:24:44.633006,130123.738,1,0.066,0.106,0.163,0.017,0.108,0.01161,0.0,3,0.094,0.157,0.257,0.027,0.1585,0.018220000000000004,0.0,1,0.024,0.107,0.214,0.022,0.109,0.011890000000000001,0.0,42471.937983,39543.158971,51,20152.284588,10285.678632,1149,0.0,0.0,0.0,0.518,0.259,0.259,2000.0,1243.438,16199.059,7.676
565,2026-04-03T17:24:46.635689,2026-04-03T17:26:47.220404,120584.625,1,0.064,0.11,0.433,0.038,0.1065,0.016620000000000003,0.0,3,0.095,0.159,0.507,0.052,0.159,0.02501,0.0,1,0.041,0.104,0.174,0.018,0.105,0.012240000000000001,0.0,38513.972017,34883.005235,49,24764.084245,24652.325803,733,0.0,0.0,0.0,0.26,0.0,0.26,2000.0,1246.453,16199.059,7.695
566,2026-04-03T17:26:49.223304,2026-04-03T17:28:58.192262,128968.745,1,0.015,0.116,1.071,0.106,0.106,0.032990000000000005,0.0,3,0.091,0.162,0.781,0.067,0.155,0.025550000000000003,0.0,1,0.051,0.105,0.182,0.019,0.108,0.012890000000000002,0.0,43893.799087,43705.705588,5,23906.906397,21733.740704,45,0.0,0.0,0.0,0.926,0.617,0.309,2000.0,1235.277,16199.059,7.626
567,2026-04-03T17:29:00.193690,2026-04-03T17:31:06.342423,126148.538,1,0.069,0.106,0.167,0.018,0.108,0.012060000000000001,0.0,3,0.081,0.155,0.276,0.032,0.156,0.020510000000000004,0.0,1,0.039,0.109,0.493,0.044,0.1065,0.01746,0.0,42312.514319,41431.442166,1,21504.479625,20358.541137,633,0.0,0.0,0.0,0.521,0.26,0.26,2000.0,1246.238,16199.059,7.693
568,2026-04-03T17:31:08.343415,2026-04-03T17:33:21.751224,133407.554,1,0.063,0.103,0.153,0.016,0.107,0.01178,0.0,3,0.095,0.156,0.244,0.024,0.159,0.016720000000000002,0.0,1,0.065,0.111,0.243,0.023,0.109,0.013380000000000001,0.0,41671.646916,38364.89424,50,10525.708592,4639.801654,457,0.0,0.0,0.0,0.781,0.26,0.521,2000.0,1241.629,16199.059,7.665
569,2026-04-03T17:33:23.752396,2026-04-03T17:35:25.157317,121404.842,1,0.049,0.104,0.192,0.02,0.105,0.01284,0.0,3,0.091,0.157,0.316,0.034,0.158,0.02162,0.0,1,0.069,0.111,0.409,0.035,0.1105,0.015880000000000002,0.0,44995.130717,44793.112874,58,23630.731738,23516.664927,342,0.0,0.0,0.0,1.058,0.0,1.058,2000.0,1234.613,16199.059,7.622
570,2026-04-03T17:35:27.163114,2026-04-03T17:37:27.367799,120204.479,1,0.043,0.104,0.257,0.021,0.105,0.0123,0.0,3,0.092,0.154,0.267,0.029,0.157,0.019540000000000002,0.0,1,0.065,0.109,0.348,0.031,0.1075,0.01567,0.0,42463.304352,39589.566539,55,24284.427977,23026.717445,1,0.0,0.0,0.0,0.522,0.0,0.522,2000.0,1233.777,16199.059,7.616
571,2026-04-03T17:37:30.253837,2026-04-03T17:39:39.763714,129509.828,1,0.034,0.105,0.22,0.024,0.108,0.01414,0.0,3,0.095,0.16,0.502,0.043,0.1595,0.020950000000000003,0.0,1,0.019,0.124,1.473,0.171,0.1055,0.05,0.0,43024.185721,40517.344585,140,22720.478483,22620.006014,1,0.0,0.0,0.0,0.519,0.0,0.519,2000.0,1252.594,16199.059,7.733
572,2026-04-03T17:39:41.765229,2026-04-03T17:41:44.644500,122879.082,1,0.061,0.106,0.41,0.034,0.105,0.015120000000000001,0.0,3,0.093,0.153,0.289,0.027,0.154,0.018960000000000005,0.0,1,0.042,0.107,0.188,0.019,0.109,0.01233,0.0,44907.112221,44699.974958,11,20214.564813,20131.367545,0,0.0,0.0,0.0,0.524,0.0,0.524,2000.0,1254.93,16199.059,7.747
573,2026-04-03T17:41:46.648551,2026-04-03T17:43:46.406302,119757.674,1,0.038,0.105,0.211,0.021,0.1065,0.01352,0.0,3,0.092,0.155,0.253,0.027,0.158,0.017650000000000002,0.0,1,0.069,0.107,0.187,0.02,0.1075,0.01422,0.0,41371.428279,40290.869424,7,23527.783577,22254.35662,2074,0.0,0.0,0.0,0.0,0.0,0.0,2000.0,1239.207,16199.059,7.65
574,2026-04-03T17:43:48.410307,2026-04-03T17:45:50.115092,121704.556,1,0.064,0.103,0.167,0.018,0.1055,0.013040000000000001,0.0,3,0.091,0.154,0.222,0.025,0.1555,0.017730000000000003,0.0,1,0.063,0.114,0.949,0.085,0.107,0.023110000000000002,0.0,25713.57401,22348.1962,130,22044.618888,20905.403599,109,0.0,0.0,0.0,0.262,0.0,0.262,2000.0,1252.926,16199.059,7.735
575,2026-04-03T17:45:52.118712,2026-04-03T17:47:56.895754,124776.8,1,0.016,0.146,3.118,0.322,0.1055,0.08610999999999999,0.0,3,0.09,0.16,0.328,0.033,0.159,0.0204,0.0,1,0.061,0.116,0.451,0.049,0.11,0.02152,0.0,41955.681952,41775.823196,96,28377.652078,25435.331103,735,0.0,0.0,0.0,0.259,0.0,0.259,2000.0,1244.391,16199.059,7.682
576,2026-04-03T17:47:58.896205,2026-04-03T17:49:58.558711,119662.419,1,0.067,0.103,0.197,0.022,0.106,0.015340000000000001,0.0,3,0.087,0.159,0.281,0.03,0.16,0.019430000000000003,0.0,1,0.024,0.105,0.191,0.02,0.1065,0.012220000000000002,0.0,41308.606081,41119.374925,324,23034.77945,22937.498202,1,0.0,0.0,0.0,1.319,0.792,0.528,2000.0,1243.664,16199.059,7.677
577,2026-04-03T17:50:00.563251,2026-04-03T17:52:09.178476,128615.041,1,0.06,0.109,0.327,0.03,0.1085,0.01574,0.0,3,0.049,0.161,0.511,0.049,0.16,0.02222,0.0,1,0.048,0.107,0.195,0.021,0.106,0.012740000000000001,0.0,44183.097236,43974.980917,325,24608.584729,24501.633309,0,0.0,0.0,0.0,0.522,0.0,0.522,2000.0,1252.773,16199.059,7.734
578,2026-04-03T17:52:11.179946,2026-04-03T17:54:18.599814,127419.643,1,0.06,0.107,0.235,0.023,0.107,0.014940000000000002,0.0,3,0.037,0.154,0.357,0.041,0.1565,0.023860000000000003,0.0,1,0.063,0.107,0.206,0.019,0.1075,0.01273,0.0,41488.115315,37377.00586,186,23944.03183,22691.210238,0,0.0,0.0,0.0,0.781,0.0,0.781,2000.0,1249.816,16199.059,7.715
579,2026-04-03T17:54:20.605938,2026-04-03T17:56:25.339695,124733.52,1,0.016,0.117,1.868,0.176,0.105,0.036070000000000005,0.0,3,0.094,0.156,0.243,0.024,0.159,0.01572,0.0,1,0.066,0.108,0.192,0.019,0.1095,0.01297,0.0,26477.27102,23683.389057,55,22763.066605,21596.292108,344,0.0,0.0,0.0,0.521,0.0,0.521,2000.0,1252.391,16199.059,7.731
580,2026-04-03T17:56:27.345618,2026-04-03T17:58:34.697847,127352.002,1,0.059,0.104,0.192,0.021,0.106,0.014580000000000001,0.0,3,0.097,0.155,0.26,0.026,0.158,0.017910000000000002,0.0,1,0.044,0.116,0.908,0.09,0.108,0.027290000000000002,0.0,41390.237636,38170.528295,5,24501.307369,22435.346202,137,0.0,0.0,0.0,0.261,0.0,0.261,2000.0,1246.191,16199.059,7.693
581,2026-04-03T17:58:36.702040,2026-04-03T18:00:39.126606,122424.483,1,0.048,0.103,0.198,0.019,0.1055,0.01293,0.0,3,0.095,0.156,0.475,0.04,0.158,0.02019,0.0,1,0.019,0.136,2.797,0.268,0.111,0.056170000000000005,0.0,42330.483281,42156.767137,47,22971.507007,22856.219091,1,0.0,0.0,0.0,0.261,0.0,0.261,2000.0,1246.129,16199.059,7.693
582,2026-04-03T18:00:41.127875,2026-04-03T18:02:46.466041,125337.905,1,0.064,0.104,0.183,0.019,0.105,0.01316,0.0,3,0.094,0.164,0.808,0.075,0.158,0.028330000000000004,0.0,1,0.07,0.112,0.457,0.038,0.111,0.01489,0.0,42568.192765,41282.631091,5,24122.806123,24009.348593,0,0.0,0.0,0.0,0.524,0.0,0.524,2000.0,1252.086,16199.059,7.729
583,2026-04-03T18:02:48.469803,2026-04-03T18:04:50.047970,121577.949,1,0.033,0.104,0.174,0.02,0.1065,0.01404,0.0,3,0.089,0.148,0.219,0.027,0.153,0.02177,0.0,1,0.069,0.108,0.421,0.035,0.107,0.01459,0.0,34750.484144,34601.759076,4,24462.754577,23148.655183,454,0.0,0.0,0.0,0.26,0.0,0.26,2000.0,1245.125,16199.059,7.686
584,2026-04-03T18:04:52.051019,2026-04-03T18:06:57.207386,125155.894,1,0.065,0.107,0.151,0.017,0.109,0.012210000000000002,0.0,3,0.078,0.155,0.267,0.028,0.159,0.018730000000000004,0.0,1,0.064,0.108,0.212,0.02,0.109,0.01271,0.0,41814.176302,40369.652704,56,24363.046756,22996.18619,0,0.0,0.0,0.0,0.515,0.258,0.258,2000.0,1235.969,16199.059,7.63
585,2026-04-03T18:06:59.212256,2026-04-03T18:09:01.928340,122715.865,1,0.037,0.104,0.152,0.019,0.1075,0.01348,0.0,3,0.071,0.151,0.214,0.027,0.1555,0.019560000000000004,0.0,1,0.02,0.109,0.203,0.021,0.11,0.013600000000000001,0.0,42137.550519,39141.720778,56,25211.895793,25103.054253,540,0.0,0.0,0.0,0.522,0.0,0.522,2000.0,1251.961,16199.059,7.729
586,2026-04-03T18:09:03.931780,2026-04-03T18:11:04.383144,120451.205,1,0.022,0.104,0.155,0.021,0.107,0.014700000000000001,0.0,3,0.09,0.153,0.286,0.027,0.159,0.01818,0.0,1,0.064,0.109,0.192,0.018,0.111,0.01159,0.0,42496.084645,38322.805967,144,23596.767317,23494.059404,0,0.0,0.0,0.0,0.518,0.0,0.518,2000.0,1249.555,16199.059,7.714
587,2026-04-03T18:11:06.389582,2026-04-03T18:13:07.076196,120686.377,1,0.066,0.105,0.299,0.026,0.104,0.01425,0.0,3,0.079,0.156,0.274,0.033,0.157,0.02245,0.0,1,0.019,0.103,0.142,0.016,0.106,0.010260000000000002,0.0,41349.153167,37645.369609,107,17110.573891,17040.560587,1,0.0,0.0,0.0,0.0,0.0,0.0,2000.0,1262.574,16199.059,7.794
588,2026-04-03T18:13:09.080675,2026-04-03T18:15:11.840156,122759.265,1,0.053,0.102,0.194,0.021,0.104,0.014570000000000001,0.0,3,0.095,0.152,0.208,0.024,0.1545,0.01838,0.0,1,0.065,0.115,0.459,0.05,0.1095,0.01972,0.0,41588.080667,41411.838315,60,23098.981378,22994.792422,91,0.0,0.0,0.0,0.781,0.0,0.781,2000.0,1243.84,16199.059,7.678
589,2026-04-03T18:15:13.842924,2026-04-03T18:17:19.180119,125336.988,1,0.06,0.124,1.769,0.167,0.109,0.03913,0.0,3,0.035,0.239,7.664,0.751,0.158,0.16721999999999998,0.0,1,0.05,0.109,0.274,0.024,0.11,0.013620000000000002,0.0,43576.638308,43392.170594,96,26054.530412,25944.475242,3918,0.0,0.0,0.0,0.261,0.0,0.261,2000.0,1246.344,16199.059,7.694
590,2026-04-03T18:17:21.183536,2026-04-03T18:19:21.026833,119843.218,1,0.063,0.103,0.152,0.017,0.105,0.01273,0.0,3,0.073,0.152,0.27,0.029,0.153,0.019190000000000002,0.0,1,0.062,0.11,0.207,0.02,0.11,0.011840000000000002,0.0,21413.918427,19598.25451,1,25241.772246,23814.683661,496,0.0,0.0,0.0,0.0,0.0,0.0,2000.0,1245.254,16199.059,7.687
591,2026-04-03T18:19:23.029405,2026-04-03T18:21:13.052235,110022.61,1,0.061,0.105,0.226,0.024,0.105,0.0157,0.0,3,0.092,0.168,0.523,0.066,0.161,0.034300000000000004,0.0,1,0.032,0.156,4.938,0.481,0.111,0.09802000000000001,0.0,21552.39662,20947.117807,420,,,,0.0,0.0,0.0,0.522,0.261,0.261,2000.0,1242.465,16199.059,7.67
592,2026-04-03T18:21:15.055589,2026-04-03T18:23:21.033140,125977.435,1,0.048,0.105,0.152,0.018,0.108,0.013400000000000002,0.0,3,0.052,0.148,0.213,0.026,0.158,0.020250000000000004,0.0,1,0.05,0.105,0.193,0.02,0.106,0.012260000000000002,0.0,42413.702176,42230.520924,54,25172.480384,23541.526991,0,0.0,0.0,0.0,1.039,0.0,1.039,2000.0,1259.371,16199.059,7.774
593,2026-04-03T18:23:23.036520,2026-04-03T18:25:23.655939,120619.286,1,0.035,0.106,0.398,0.033,0.1085,0.013600000000000001,0.0,3,0.076,0.158,0.571,0.05,0.156,0.023020000000000002,0.0,1,0.059,0.105,0.195,0.02,0.107,0.013000000000000001,0.0,42022.185488,41852.767462,54,22983.104787,22884.410067,1324,0.0,0.0,0.0,0.787,0.262,0.525,2000.0,1262.574,16199.059,7.794
594,2026-04-03T18:25:25.658423,2026-04-03T18:27:29.532989,123874.471,1,0.018,0.119,1.513,0.15,0.106,0.04026999999999999,0.0,3,0.085,0.156,0.318,0.033,0.16,0.020020000000000003,0.0,1,0.042,0.109,0.309,0.029,0.109,0.015210000000000001,0.0,42402.601607,38619.838717,5,23125.284009,21897.851514,278,0.0,0.0,0.0,6.612,4.132,2.479,2000.0,1253.496,16199.059,7.738
595,2026-04-03T18:27:31.538649,2026-04-03T18:29:36.922630,125383.543,1,0.039,0.102,0.165,0.019,0.105,0.01349,0.0,3,0.067,0.158,0.323,0.038,0.1565,0.02491,0.0,1,0.018,0.151,2.223,0.27,0.107,0.09054,0.0,41374.390967,41196.963173,4,22384.326372,22270.414559,303,0.0,0.0,0.0,0.261,0.0,0.261,2000.0,1258.316,16199.059,7.768
596,2026-04-03T18:29:38.925865,2026-04-03T18:31:42.131595,123205.518,1,0.037,0.104,0.216,0.021,0.106,0.013840000000000002,0.0,3,0.027,0.151,0.266,0.03,0.152,0.01895,0.0,1,0.059,0.107,0.252,0.025,0.108,0.01536,0.0,37871.884929,37714.548002,3,14998.02421,14934.360645,1918,0.0,0.0,0.0,0.781,0.26,0.521,2000.0,1246.141,16199.059,7.693
597,2026-04-03T18:31:44.134538,2026-04-03T18:33:45.408554,121273.799,1,0.053,0.113,0.746,0.069,0.108,0.025390000000000003,0.0,3,0.041,0.158,0.457,0.046,0.156,0.024680000000000004,0.0,1,0.037,0.107,0.255,0.025,0.109,0.014890000000000002,0.0,44300.527402,42204.865912,54,24645.197968,24529.234844,2,0.0,0.0,0.0,0.521,0.0,0.521,2000.0,1247.301,16199.059,7.7
598,2026-04-03T18:33:47.410589,2026-04-03T18:35:49.941326,122530.558,1,0.051,0.112,0.417,0.046,0.108,0.021470000000000003,0.0,3,0.068,0.159,0.278,0.03,0.159,0.018940000000000002,0.0,1,0.064,0.11,0.267,0.027,0.11,0.013950000000000002,0.0,44074.408851,40562.778263,100,25904.153073,25798.528503,0,0.0,0.0,0.0,0.524,0.262,0.262,2000.0,1252.137,16199.059,7.73
599,2026-04-03T18:35:51.943742,2026-04-03T18:38:05.840370,133896.438,1,0.062,0.105,0.202,0.022,0.105,0.01486,0.0,3,0.087,0.153,0.227,0.023,0.153,0.017070000000000002,0.0,1,0.051,0.108,0.22,0.019,0.109,0.011230000000000002,0.0,30742.821853,30610.654242,2,24926.476973,24810.220031,48,0.0,0.0,0.0,0.522,0.0,0.522,2000.0,1245.223,16199.059,7.687
600,2026-04-03T18:38:07.844942,2026-04-03T18:40:07.057019,119211.865,1,0.064,0.108,0.218,0.022,0.108,0.0137,0.0,3,0.091,0.152,0.443,0.038,0.1535,0.021820000000000003,0.0,1,0.04,0.106,0.259,0.022,0.108,0.011030000000000002,0.0,41658.891025,41478.113135,8,12403.333871,12350.222265,1132,0.0,0.0,0.0,0.261,0.0,0.261,2000.0,1252.152,16199.059,7.73
601,2026-04-03T18:40:09.059905,2026-04-03T18:42:15.716161,126656.179,1,0.066,0.103,0.191,0.019,0.1065,0.01344,0.0,3,0.092,0.169,1.038,0.11,0.154,0.040220000000000006,0.0,1,0.066,0.107,0.184,0.019,0.109,0.01285,0.0,43079.167113,42894.19227,53,19088.605468,18307.337322,142,0.0,0.0,0.0,0.26,0.26,0.0,2000.0,1262.277,16199.059,7.792
602,2026-04-03T18:42:17.718376,2026-04-03T18:44:18.528541,120810.086,1,0.067,0.133,2.278,0.228,0.109,0.057490000000000006,0.0,3,0.093,0.158,0.515,0.043,0.159,0.02102,0.0,1,0.065,0.103,0.15,0.014,0.106,0.010870000000000001,0.0,42294.519875,42126.440756,53,24678.687512,24248.481366,1,0.0,0.0,0.0,0.524,0.262,0.262,2000.0,1250.391,16199.059,7.719
603,2026-04-03T18:44:20.530931,2026-04-03T18:46:22.135681,121604.131,1,0.016,0.135,2.922,0.281,0.108,0.06096000000000001,0.0,3,0.093,0.159,0.409,0.035,0.16,0.019170000000000003,0.0,1,0.065,0.111,0.412,0.036,0.109,0.01772,0.0,26299.284687,26174.867924,51,24592.398963,23725.563714,914,0.0,0.0,0.0,0.262,0.0,0.262,2000.0,1250.125,16199.059,7.717
604,2026-04-03T18:46:24.138811,2026-04-03T18:48:27.172446,123033.415,1,0.021,0.136,2.729,0.272,0.105,0.06789,0.0,3,0.072,0.156,0.457,0.039,0.159,0.02093,0.0,1,0.051,0.107,0.155,0.018,0.11,0.01349,0.0,41542.542467,41366.954753,10,23949.082681,23838.67102,45,0.0,0.0,0.0,0.262,0.0,0.262,2000.0,1249.852,16199.059,7.716
605,2026-04-03T18:48:29.174819,2026-04-03T18:50:29.604463,120429.577,1,0.065,0.101,0.155,0.015,0.104,0.011339999999999998,0.0,3,0.067,0.153,0.216,0.024,0.159,0.016440000000000003,0.0,1,0.068,0.109,0.265,0.023,0.109,0.013610000000000002,0.0,43687.215239,43074.184598,100,27334.808383,27221.623025,2405,0.0,0.0,0.0,0.529,0.0,0.529,2000.0,1238.348,16199.059,7.645
606,2026-04-03T18:50:31.606575,2026-04-03T18:52:36.118849,124512.132,1,0.06,0.114,0.461,0.049,0.1085,0.022130000000000004,0.0,3,0.094,0.16,0.43,0.039,0.158,0.022630000000000004,0.0,1,0.042,0.108,0.175,0.018,0.109,0.01185,0.0,45412.954631,45185.875514,409,25299.232116,25188.259277,1378,0.0,0.0,0.0,0.261,0.0,0.261,2000.0,1246.797,16199.059,7.697
607,2026-04-03T18:52:38.119342,2026-04-03T18:54:43.299918,125180.381,1,0.058,0.102,0.158,0.015,0.105,0.01089,0.0,3,0.031,0.209,5.27,0.513,0.156,0.11772999999999999,0.0,1,0.042,0.108,0.181,0.023,0.11,0.014870000000000001,0.0,41833.747152,41634.893217,101,24810.761955,22760.425142,1,0.0,0.0,0.0,0.522,0.0,0.522,2000.0,1243.988,16199.059,7.679
608,2026-04-03T18:54:45.306729,2026-04-03T18:56:49.040364,123733.431,1,0.037,0.104,0.155,0.019,0.107,0.01391,0.0,3,0.091,0.154,0.414,0.038,0.154,0.021670000000000002,0.0,1,0.066,0.108,0.228,0.023,0.1075,0.01503,0.0,39394.288422,39227.113464,145,25114.383501,23826.504165,0,0.0,0.0,0.0,0.0,0.0,0.0,2000.0,1237.473,16199.059,7.639
609,2026-04-03T18:56:51.043343,2026-04-03T18:58:50.927751,119884.32,1,0.038,0.106,0.262,0.027,0.1055,0.0162,0.0,3,0.095,0.155,0.409,0.04,0.1545,0.020010000000000003,0.0,1,0.066,0.109,0.269,0.025,0.109,0.01403,0.0,35299.0542,35161.867467,9,27231.888106,25210.722823,0,0.0,0.0,0.0,0.521,0.0,0.521,2000.0,1261.648,16199.059,7.788
610,2026-04-03T18:58:52.931688,2026-04-03T19:01:03.620513,130688.735,1,0.026,0.282,11.467,1.244,0.107,0.34138999999999997,0.0,3,0.07,0.153,0.276,0.029,0.1555,0.02109,0.0,1,0.025,0.109,0.261,0.023,0.11,0.01276,0.0,41371.97339,41192.996713,55,24683.530042,21485.414358,405,0.0,0.0,0.0,0.522,0.261,0.261,2000.0,1244.867,16199.059,7.685
611,2026-04-03T19:01:05.623362,2026-04-03T19:03:09.775446,124151.903,1,0.064,0.104,0.285,0.023,0.104,0.0129,0.0,3,0.092,0.153,0.281,0.031,0.154,0.018830000000000003,0.0,1,0.058,0.109,0.686,0.06,0.106,0.01906,0.0,43497.003897,43285.65811,4,24893.032435,23863.068525,810,0.0,0.0,0.0,0.521,0.26,0.26,2000.0,1253.969,16199.059,7.741
612,2026-04-03T19:03:11.777837,2026-04-03T19:05:12.196175,120418.292,1,0.042,0.106,0.379,0.033,0.108,0.016800000000000002,0.0,3,0.089,0.155,0.38,0.033,0.159,0.019780000000000002,0.0,1,0.05,0.119,0.454,0.051,0.111,0.024579999999999998,0.0,42818.361177,42619.427589,285,25344.149677,25237.424738,1678,0.0,0.0,0.0,0.261,0.0,0.261,2000.0,1246.105,16199.059,7.692
613,2026-04-03T19:05:14.198629,2026-04-03T19:07:15.212674,121013.852,1,0.056,0.103,0.172,0.019,0.104,0.0138,0.0,3,0.064,0.154,0.356,0.036,0.1505,0.020260000000000004,0.0,1,0.069,0.111,0.355,0.029,0.1105,0.01318,0.0,41325.930707,41147.755459,7,23593.153789,23482.894752,4,0.0,0.0,0.0,0.26,0.0,0.26,2000.0,1263.664,16199.059,7.801
614,2026-04-03T19:07:17.216467,2026-04-03T19:09:17.114691,119898.138,1,0.066,0.104,0.154,0.018,0.1045,0.01377,0.0,3,0.094,0.152,0.279,0.028,0.1515,0.01879,0.0,1,0.038,0.104,0.181,0.019,0.105,0.013090000000000001,0.0,41929.674706,41749.761522,7,25047.471153,24363.042504,0,0.0,0.0,0.0,0.0,0.0,0.0,2000.0,1252.148,16199.059,7.73
615,2026-04-03T19:09:19.115875,2026-04-03T19:11:21.183193,122067.105,1,0.052,0.107,0.213,0.022,0.108,0.0152,0.0,3,0.062,0.155,0.294,0.03,0.157,0.018140000000000003,0.0,1,0.063,0.106,0.152,0.016,0.108,0.011430000000000001,0.0,42784.969515,42566.491248,8,25726.776143,24199.738483,0,0.0,0.0,0.0,0.0,0.0,0.0,2000.0,1258.68,16199.059,7.77
616,2026-04-03T19:11:23.183467,2026-04-03T19:13:27.556512,124372.84,1,0.016,0.108,0.92,0.084,0.0995,0.02395,0.0,3,0.041,0.155,0.261,0.027,0.156,0.015820000000000004,0.0,1,0.063,0.108,0.197,0.018,0.112,0.01139,0.0,42049.233131,39715.496387,148,25694.195704,24287.009111,229,0.0,0.0,0.0,0.781,0.0,0.781,2000.0,1245.066,16199.059,7.686
617,2026-04-03T19:13:29.559550,2026-04-03T19:15:35.076063,125516.323,1,0.042,0.105,0.173,0.021,0.1075,0.01457,0.0,3,0.096,0.155,0.324,0.031,0.1565,0.020380000000000002,0.0,1,0.064,0.107,0.157,0.017,0.11,0.01207,0.0,42246.679771,38878.924857,5,27524.440146,27413.964598,5,0.0,0.0,0.0,0.777,0.0,0.777,2000.0,1260.461,16199.059,7.781
618,2026-04-03T19:15:37.083376,2026-04-03T19:17:37.852134,120768.565,1,0.052,0.105,0.197,0.021,0.1075,0.014480000000000002,0.0,3,0.03,0.176,2.678,0.252,0.1575,0.05364999999999999,0.0,1,0.039,0.104,0.175,0.018,0.108,0.01225,0.0,41610.388538,40434.418847,58,24960.208502,24852.410599,500,0.0,0.0,0.0,0.262,0.0,0.262,2000.0,1240.453,16199.059,7.658
619,2026-04-03T19:17:39.854785,2026-04-03T19:19:44.468259,124612.796,1,0.039,0.11,0.43,0.045,0.108,0.01866,0.0,3,0.067,0.159,0.326,0.033,0.158,0.01929,0.0,1,0.064,0.11,0.221,0.02,0.112,0.013550000000000001,0.0,41503.84705,39388.273533,5,14914.807165,14841.405347,586,0.0,0.0,0.0,0.779,0.0,0.779,2000.0,1243.348,16199.059,7.675
620,2026-04-03T19:19:46.475105,2026-04-03T19:21:45.859610,119384.409,1,0.06,0.104,0.208,0.02,0.106,0.01374,0.0,3,0.084,0.154,0.264,0.027,0.155,0.017550000000000003,0.0,1,0.043,0.109,0.234,0.026,0.108,0.014670000000000002,0.0,41408.265952,37735.636679,4,23247.806462,23138.282214,0,0.0,0.0,0.0,0.26,0.0,0.26,2000.0,1245.93,16199.059,7.691
621,2026-04-03T19:21:47.860004,2026-04-03T19:23:54.901309,127041.12,1,0.017,0.129,1.864,0.195,0.105,0.05732,0.0,3,0.094,0.159,0.264,0.033,0.157,0.023000000000000003,0.0,1,0.066,0.109,0.33,0.027,0.1115,0.01399,0.0,33108.637704,32965.295142,52,23600.967474,23502.193231,272,0.0,4.0,0.0,0.26,0.0,0.26,2000.0,1250.996,16199.059,7.723
622,2026-04-03T19:23:56.901980,2026-04-03T19:25:59.487000,122584.766,1,0.046,0.102,0.19,0.02,0.104,0.01306,0.0,3,0.096,0.151,0.232,0.026,0.152,0.01939,0.0,1,0.028,0.115,0.41,0.045,0.11,0.021290000000000003,0.0,43581.017769,43392.886561,5,23532.729926,21329.399245,1383,0.0,0.0,0.0,1.312,0.262,1.05,2000.0,1259.375,16199.059,7.774
623,2026-04-03T19:26:01.490526,2026-04-03T19:28:03.476197,121985.509,1,0.052,0.11,0.395,0.044,0.1075,0.019100000000000002,0.0,3,0.092,0.151,0.21,0.023,0.1565,0.018260000000000002,0.0,1,0.064,0.108,0.169,0.017,0.111,0.012560000000000002,0.0,41709.693637,41530.705558,59,24092.500929,22979.675188,0,0.0,0.0,0.0,0.0,0.0,0.0,2000.0,1257.676,16199.059,7.764
624,2026-04-03T19:28:05.478767,2026-04-03T19:30:05.736189,120257.355,1,0.065,0.105,0.17,0.018,0.107,0.01303,0.0,3,0.037,0.149,0.223,0.027,0.154,0.018670000000000003,0.0,1,0.047,0.11,0.217,0.023,0.1115,0.01433,0.0,42057.118719,38621.716891,54,24632.908857,24513.533868,90,0.0,0.0,0.0,1.039,0.26,0.779,2000.0,1249.766,16199.059,7.715
625,2026-04-03T19:30:07.738750,2026-04-03T19:32:14.777822,127038.425,1,0.066,0.104,0.198,0.02,0.104,0.01355,0.0,3,0.03,0.157,0.276,0.032,0.1595,0.021470000000000003,0.0,1,0.064,0.111,0.209,0.021,0.111,0.012640000000000002,0.0,45243.316329,43539.725628,1109,24958.904713,24854.48876,45,0.0,0.0,0.0,0.0,0.0,0.0,2000.0,1262.16,16199.059,7.792
626,2026-04-03T19:32:16.782088,2026-04-03T19:34:27.323499,130541.188,1,0.064,0.108,0.242,0.022,0.1095,0.013630000000000001,0.0,3,0.066,0.195,1.552,0.202,0.1585,0.08274000000000001,0.0,1,0.067,0.109,0.222,0.02,0.11,0.012780000000000001,0.0,25339.677137,23343.099158,1,27704.868335,27577.784799,1,0.0,0.0,0.0,0.781,0.0,0.781,2000.0,1244.055,16199.059,7.68
627,2026-04-03T19:34:29.326776,2026-04-03T19:36:28.281027,118954.15,1,0.048,0.107,0.29,0.027,0.109,0.013720000000000001,0.0,3,0.07,0.162,0.707,0.068,0.155,0.028460000000000003,0.0,1,0.054,0.108,0.193,0.021,0.1095,0.012660000000000001,0.0,42474.42103,41807.666325,10,25115.573978,25001.97687,0,0.0,0.0,0.0,1.047,0.524,0.524,2000.0,1259.102,16199.059,7.773
628,2026-04-03T19:36:30.287230,2026-04-03T19:38:37.191171,126903.799,1,0.062,0.107,0.169,0.019,0.108,0.01299,0.0,3,0.067,0.164,0.785,0.073,0.159,0.02722,0.0,1,0.066,0.11,0.4,0.037,0.1095,0.016800000000000002,0.0,44532.201076,44346.871719,53,25238.729641,23512.536121,3,0.0,0.0,0.0,0.261,0.261,0.0,2000.0,1251.57,16199.059,7.726
629,2026-04-03T19:38:39.196017,2026-04-03T19:40:44.964763,125768.527,1,0.067,0.106,0.184,0.019,0.1085,0.01298,0.0,3,0.028,0.172,2.18,0.207,0.154,0.05664999999999999,0.0,1,0.068,0.107,0.173,0.017,0.11,0.01182,0.0,37055.01071,34278.547022,5,25235.435862,25110.504208,1,0.0,0.0,0.0,0.521,0.0,0.521,2000.0,1251.867,16199.059,7.728
630,2026-04-03T19:40:46.968170,2026-04-03T19:43:02.807530,135839.182,1,0.025,0.111,0.438,0.049,0.109,0.019200000000000002,0.0,3,0.058,0.155,0.497,0.041,0.1545,0.019510000000000003,0.0,1,0.067,0.11,0.233,0.02,0.11,0.01238,0.0,37632.812173,34838.122269,1,24685.652153,23383.402285,0,0.0,0.0,0.0,0.522,0.0,0.522,2000.0,1249.883,16199.059,7.716
631,2026-04-03T19:43:04.808838,2026-04-03T19:45:05.454781,120645.714,1,0.066,0.109,0.399,0.035,0.108,0.015950000000000002,0.0,3,0.091,0.162,0.487,0.05,0.157,0.022850000000000002,0.0,1,0.066,0.111,0.333,0.03,0.1095,0.01564,0.0,41908.379187,41731.163076,6,23678.653348,23577.828269,284,0.0,0.0,0.0,0.522,0.261,0.261,2000.0,1259.82,16199.059,7.777
632,2026-04-03T19:45:07.462819,2026-04-03T19:47:05.928817,118465.91,1,0.063,0.107,0.245,0.025,0.1085,0.015170000000000001,0.0,3,0.089,0.154,0.251,0.026,0.1555,0.01854,0.0,1,0.04,0.109,0.163,0.018,0.11,0.01148,0.0,42087.506087,41910.042985,190,22424.509968,22329.997439,46,0.0,0.0,0.0,0.524,0.0,0.524,2000.0,1264.227,16199.059,7.804
633,2026-04-03T19:47:07.931385,2026-04-03T19:49:10.646485,122714.985,1,0.061,0.104,0.222,0.023,0.1025,0.013900000000000001,0.0,3,0.03,0.161,0.902,0.083,0.1555,0.03132,0.0,1,0.071,0.115,0.431,0.051,0.11,0.020710000000000003,0.0,41326.815067,41163.210584,915,22533.510664,22438.194851,1,0.0,0.0,0.0,0.26,0.0,0.26,2000.0,1258.449,16199.059,7.769
634,2026-04-03T19:49:12.648062,2026-04-03T19:51:14.071978,121423.699,1,0.034,0.103,0.199,0.019,0.1065,0.01278,0.0,3,0.076,0.154,0.236,0.027,0.157,0.018910000000000003,0.0,1,0.07,0.112,0.234,0.022,0.111,0.014060000000000001,0.0,42057.890762,38390.806663,6,23897.915839,23797.96472,937,0.0,0.0,0.0,0.261,0.0,0.261,2000.0,1251.129,16199.059,7.723
635,2026-04-03T19:51:16.073884,2026-04-03T19:53:23.060498,126986.547,1,0.034,0.108,0.25,0.027,0.109,0.01574,0.0,3,0.091,0.155,0.254,0.029,0.155,0.020550000000000002,0.0,1,0.064,0.111,0.409,0.033,0.1105,0.01361,0.0,38061.730714,37892.052441,145,25921.497356,25803.040522,561,0.0,0.0,0.0,0.261,0.0,0.261,2000.0,1257.445,16199.059,7.762
636,2026-04-03T19:53:25.063462,2026-04-03T19:55:29.329382,124265.686,1,0.065,0.11,0.414,0.036,0.1065,0.01733,0.0,3,0.095,0.155,0.266,0.026,0.155,0.016370000000000003,0.0,1,0.066,0.114,0.536,0.048,0.1115,0.020260000000000004,0.0,41690.003833,41510.009552,6,23650.55085,22890.266748,1311,0.0,0.0,0.0,2.105,1.316,0.789,2000.0,1262.531,16199.059,7.794
637,2026-04-03T19:55:31.336322,2026-04-03T19:57:32.772453,121435.916,1,0.064,0.107,0.211,0.021,0.109,0.01315,0.0,3,0.061,0.157,0.357,0.037,0.157,0.021740000000000002,0.0,1,0.068,0.124,1.914,0.18,0.108,0.03869,0.0,43178.133706,42407.90582,5,23696.849835,23595.198635,365,0.0,0.0,0.0,0.0,0.0,0.0,2000.0,1246.957,16199.059,7.698
638,2026-04-03T19:57:34.774871,2026-04-03T19:59:36.807978,122032.468,1,0.05,0.105,0.18,0.02,0.108,0.013910000000000002,0.0,3,0.095,0.153,0.257,0.027,0.16,0.019370000000000002,0.0,1,0.017,0.109,0.407,0.039,0.11,0.01909,0.0,41172.798176,38224.339793,9,20690.419415,19548.953526,226,0.0,0.0,0.0,0.0,0.0,0.0,2000.0,1252.887,16199.059,7.734
639,2026-04-03T19:59:38.810481,2026-04-03T20:01:39.131107,120320.537,1,0.064,0.107,0.595,0.052,0.107,0.017839999999999998,0.0,3,0.095,0.159,0.444,0.037,0.1585,0.019760000000000003,0.0,1,0.041,0.109,0.4,0.036,0.108,0.01651,0.0,42830.995416,42655.301025,645,23972.579048,23869.742997,879,0.0,0.0,0.0,0.522,0.0,0.522,2000.0,1242.812,16199.059,7.672
640,2026-04-03T20:01:41.132063,2026-04-03T20:03:41.204518,120072.375,1,0.055,0.107,0.21,0.022,0.108,0.013730000000000001,0.0,3,0.066,0.156,0.244,0.03,0.1585,0.02074,0.0,1,0.042,0.112,0.318,0.027,0.1115,0.013420000000000001,0.0,41869.605444,39511.088173,7,21939.432631,20760.626587,433,0.0,0.0,0.0,0.262,0.0,0.262,2000.0,1252.035,16199.059,7.729
641,2026-04-03T20:03:43.206826,2026-04-03T20:05:51.120302,127913.39,1,0.064,0.106,0.178,0.016,0.109,0.010980000000000002,0.0,3,0.091,0.163,0.457,0.041,0.1605,0.021470000000000003,0.0,1,0.064,0.112,0.283,0.027,0.109,0.016560000000000002,0.0,41403.818133,39249.531992,9,24628.56642,24525.75178,808,0.0,0.0,0.0,0.261,0.0,0.261,2000.0,1258.547,16199.059,7.769
642,2026-04-03T20:05:53.125310,2026-04-03T20:07:55.072141,121946.758,1,0.026,0.108,0.33,0.032,0.1085,0.016050000000000002,0.0,3,0.096,0.157,0.252,0.024,0.16,0.016950000000000003,0.0,1,0.04,0.109,0.213,0.021,0.11,0.0131,0.0,42240.578926,42063.434247,101,21592.453233,21500.438214,383,0.0,0.0,0.0,0.26,0.0,0.26,2000.0,1263.762,16199.059,7.801
643,2026-04-03T20:07:57.074442,2026-04-03T20:09:59.107215,122032.542,1,0.046,0.121,1.224,0.113,0.1105,0.030279999999999998,0.0,3,0.06,0.167,0.905,0.079,0.161,0.027350000000000003,0.0,1,0.02,0.106,0.148,0.019,0.113,0.013320000000000002,0.0,42497.086499,42078.858499,16,21918.103576,21821.918157,1507,0.0,0.0,0.0,3.46,1.73,1.73,2000.0,1250.168,16199.059,7.718
644,2026-04-03T20:10:01.109069,2026-04-03T20:12:03.562276,122453.13,1,0.064,0.105,0.192,0.019,0.1075,0.012960000000000001,0.0,3,0.094,0.154,0.321,0.027,0.159,0.016660000000000005,0.0,1,0.023,0.117,0.439,0.053,0.112,0.023760000000000003,0.0,41967.739982,41760.147958,48,22500.446407,22404.960682,0,0.0,0.0,0.0,0.26,0.0,0.26,2000.0,1256.539,16199.059,7.757
645,2026-04-03T20:12:05.566507,2026-04-03T20:14:04.083480,118516.753,1,0.043,0.103,0.189,0.021,0.106,0.01497,0.0,3,0.055,0.158,0.487,0.044,0.157,0.02236,0.0,1,0.06,0.109,0.156,0.02,0.111,0.0151,0.0,42288.562437,42093.051616,93,23616.178349,23505.659392,0,0.0,0.0,0.0,0.261,0.0,0.261,2000.0,1252.871,16199.059,7.734
646,2026-04-03T20:14:06.088704,2026-04-03T20:16:06.178596,120089.594,1,0.029,0.107,0.294,0.032,0.1095,0.0175,0.0,3,0.09,0.155,0.264,0.027,0.1585,0.017220000000000003,0.0,1,0.059,0.112,0.643,0.057,0.108,0.018760000000000002,0.0,44738.230448,43462.965869,14,23306.709771,22007.448174,0,0.0,0.0,0.0,0.521,0.0,0.521,2000.0,1260.066,16199.059,7.779
647,2026-04-03T20:16:08.179446,2026-04-03T20:18:08.131711,119952.155,1,0.034,0.106,0.2,0.022,0.108,0.014260000000000002,0.0,3,0.048,0.16,0.376,0.036,0.161,0.02169,0.0,1,0.067,0.108,0.263,0.021,0.109,0.011450000000000002,0.0,42298.815092,42117.162266,8,20603.550539,20515.213248,2,0.0,0.0,0.0,0.0,0.0,0.0,2000.0,1243.816,16199.059,7.678
648,2026-04-03T20:18:10.134192,2026-04-03T20:20:09.358552,119224.157,1,0.046,0.108,0.341,0.033,0.108,0.015380000000000001,0.0,3,0.095,0.154,0.299,0.027,0.158,0.017160000000000005,0.0,1,0.066,0.108,0.164,0.018,0.11,0.012660000000000001,0.0,43096.22838,42914.909652,97,20989.594664,20899.477461,0,0.0,0.0,0.0,0.261,0.261,0.0,2000.0,1258.844,16199.059,7.771
649,2026-04-03T20:20:11.361227,2026-04-03T20:22:11.908475,120547.086,1,0.052,0.106,0.196,0.02,0.108,0.013390000000000003,0.0,3,0.082,0.154,0.248,0.026,0.157,0.01786,0.0,1,0.066,0.111,0.16,0.019,0.112,0.01359,0.0,41486.224917,41311.57171,6,20100.600359,18373.530224,402,0.0,0.0,0.0,0.261,0.261,0.0,2000.0,1271.457,16199.059,7.849
650,2026-04-03T20:22:13.910729,2026-04-03T20:24:15.375876,121465.064,1,0.063,0.112,0.507,0.045,0.108,0.018600000000000002,0.0,3,0.044,0.179,2.143,0.199,0.158,0.04995999999999999,0.0,1,0.062,0.111,0.409,0.035,0.111,0.01577,0.0,41595.362371,41418.639863,51,23740.756986,23641.856227,45,0.0,0.0,0.0,0.522,0.0,0.522,2000.0,1244.605,16199.059,7.683
651,2026-04-03T20:24:17.378657,2026-04-03T20:26:18.076037,120697.311,1,0.066,0.106,0.314,0.027,0.108,0.013670000000000002,0.0,3,0.068,0.157,0.262,0.029,0.159,0.019090000000000003,0.0,1,0.044,0.107,0.162,0.018,0.107,0.01323,0.0,37767.123489,37587.894401,5,24793.041511,24681.190655,48,0.0,0.0,0.0,0.262,0.0,0.262,2000.0,1249.613,16199.059,7.714
652,2026-04-03T20:26:20.079355,2026-04-03T20:28:20.439973,120360.524,1,0.042,0.105,0.199,0.023,0.108,0.01567,0.0,3,0.095,0.155,0.461,0.04,0.153,0.020950000000000003,0.0,1,0.048,0.12,1.122,0.103,0.112,0.026689999999999995,0.0,29537.123248,29398.256527,3,26304.808032,26030.928861,1536,0.0,0.0,0.0,0.0,0.0,0.0,2000.0,1258.613,16199.059,7.77
653,2026-04-03T20:28:22.446220,2026-04-03T20:30:22.776748,120330.331,1,0.04,0.108,0.244,0.025,0.109,0.015050000000000001,0.0,3,0.091,0.158,0.416,0.037,0.161,0.020970000000000003,0.0,1,0.066,0.11,0.19,0.022,0.1085,0.01601,0.0,41567.055715,41379.890386,65,25588.356628,25499.386804,47,0.0,0.0,0.0,0.783,0.0,0.783,2000.0,1266.742,16199.059,7.82
654,2026-04-03T20:30:24.780277,2026-04-03T20:32:24.855769,120075.266,1,0.033,0.107,0.256,0.028,0.106,0.01663,0.0,3,0.093,0.157,0.222,0.024,0.16,0.016760000000000004,0.0,1,0.05,0.111,0.23,0.024,0.112,0.01688,0.0,40966.143899,39520.320632,53,25240.334575,23973.592583,3,0.0,0.0,0.0,0.519,0.0,0.519,2000.0,1246.379,16199.059,7.694
655,2026-04-03T20:32:26.858263,2026-04-03T20:34:33.544300,126685.807,1,0.062,0.115,0.972,0.088,0.1095,0.02382,0.0,3,0.093,0.161,0.293,0.035,0.159,0.022140000000000003,0.0,1,0.031,0.173,5.185,0.518,0.11,0.12366999999999999,0.0,41613.45839,40633.512653,4,24567.496819,23230.972876,0,0.0,0.0,0.0,0.0,0.0,0.0,2000.0,1252.699,16199.059,7.733
656,2026-04-03T20:34:35.546491,2026-04-03T20:36:36.899018,121352.449,1,0.065,0.103,0.147,0.015,0.108,0.011110000000000002,0.0,3,0.096,0.158,0.468,0.038,0.1565,0.018120000000000004,0.0,1,0.064,0.11,0.252,0.023,0.1095,0.013640000000000001,0.0,42763.921058,40096.005401,665,20072.559171,18435.307787,182,0.0,0.0,0.0,0.0,0.0,0.0,2000.0,1244.672,16199.059,7.684
657,2026-04-03T20:36:38.902119,2026-04-03T20:38:42.383933,123481.613,1,0.064,0.105,0.182,0.017,0.108,0.012280000000000001,0.0,3,0.036,0.149,0.305,0.036,0.154,0.025400000000000002,0.0,1,0.068,0.114,0.424,0.048,0.11,0.020120000000000002,0.0,41345.6519,41172.994149,6,20806.618921,20721.500265,0,0.0,0.0,0.0,0.0,0.0,0.0,2000.0,1253.93,16199.059,7.741
658,2026-04-03T20:38:44.388249,2026-04-03T20:40:44.762729,120374.259,1,0.066,0.107,0.156,0.019,0.109,0.0138,0.0,3,0.044,0.16,0.313,0.037,0.159,0.022980000000000004,0.0,1,0.046,0.113,0.399,0.041,0.1115,0.0167,0.0,42987.988807,42799.369816,1,27366.30885,27237.88446,485,0.0,0.0,0.0,0.261,0.0,0.261,2000.0,1260.016,16199.059,7.778
659,2026-04-03T20:40:46.763834,2026-04-03T20:42:59.269254,132505.167,1,0.063,0.11,0.54,0.046,0.108,0.015070000000000002,0.0,3,0.094,0.153,0.399,0.035,0.153,0.02058,0.0,1,0.065,0.116,0.871,0.079,0.112,0.02295,0.0,26247.534316,24032.865546,50,26816.940905,26687.512429,0,0.0,0.0,0.0,3.876,2.326,1.55,2000.0,1259.023,16199.059,7.772
660,2026-04-03T20:43:02.256781,2026-04-03T20:45:07.194388,124937.471,1,0.067,0.107,0.262,0.024,0.106,0.01383,0.0,3,0.075,0.159,0.511,0.043,0.159,0.019490000000000004,0.0,1,0.02,0.142,3.507,0.341,0.107,0.07752999999999999,0.0,40787.302834,40625.556083,1265,21575.434497,21483.520932,485,0.0,0.0,0.0,0.261,0.261,0.0,2000.0,1255.57,16199.059,7.751
661,2026-04-03T20:45:09.197694,2026-04-03T20:47:10.048866,120851.0,1,0.065,0.102,0.154,0.016,0.104,0.01243,0.0,3,0.06,0.151,0.334,0.032,0.155,0.02092,0.0,1,0.052,0.11,0.199,0.023,0.1105,0.014810000000000002,0.0,41968.377261,39404.838722,58,22429.701182,22331.111033,419,0.0,0.0,0.0,0.522,0.261,0.261,2000.0,1251.555,16199.059,7.726
662,2026-04-03T20:47:12.052357,2026-04-03T20:49:16.282617,124230.046,1,0.067,0.105,0.189,0.017,0.108,0.011540000000000002,0.0,3,0.061,0.163,0.492,0.051,0.16,0.025240000000000002,0.0,1,0.043,0.109,0.186,0.018,0.112,0.01207,0.0,42194.514736,42031.048373,427,20949.015012,20862.591793,0,0.0,0.0,0.0,0.519,0.0,0.519,2000.0,1258.109,16199.059,7.767
663,2026-04-03T20:49:18.285419,2026-04-03T20:51:16.836599,118550.945,1,0.065,0.106,0.158,0.017,0.109,0.012920000000000001,0.0,3,0.085,0.169,1.241,0.117,0.1585,0.035530000000000006,0.0,1,0.051,0.113,0.432,0.037,0.1115,0.01591,0.0,40078.962956,39897.715051,53,24782.90541,24608.579557,0,0.0,0.0,0.0,0.261,0.0,0.261,2000.0,1257.465,16199.059,7.763
664,2026-04-03T20:51:18.839353,2026-04-03T20:53:24.384724,125545.159,1,0.017,0.105,0.308,0.034,0.107,0.01643,0.0,3,0.094,0.157,0.324,0.03,0.159,0.019150000000000004,0.0,1,0.049,0.108,0.188,0.02,0.109,0.012830000000000001,0.0,41419.498214,37760.247326,123,25460.049811,25353.357297,0,0.0,0.0,0.0,0.525,0.262,0.262,2000.0,1244.727,16199.059,7.684
665,2026-04-03T20:53:26.387854,2026-04-03T20:55:27.532288,121144.353,1,0.062,0.126,2.147,0.204,0.107,0.0463,0.0,3,0.067,0.156,0.279,0.033,0.158,0.021640000000000003,0.0,1,0.039,0.106,0.205,0.021,0.11,0.01442,0.0,41867.728629,38061.774242,55,25088.286965,23691.426905,2,0.0,0.0,0.0,0.262,0.262,0.0,2000.0,1253.031,16199.059,7.735
666,2026-04-03T20:55:29.535573,2026-04-03T20:57:40.568026,131032.271,1,0.062,0.105,0.189,0.02,0.106,0.01424,0.0,3,0.085,0.16,0.574,0.051,0.156,0.02383,0.0,1,0.023,0.214,5.772,0.678,0.106,0.21331999999999998,0.0,43266.620825,43089.992269,99,24107.470901,22682.072447,1,0.0,0.0,0.0,0.0,0.0,0.0,2000.0,1260.293,16199.059,7.78
667,2026-04-03T20:57:42.572380,2026-04-03T20:59:46.412357,123839.888,1,0.041,0.106,0.238,0.023,0.1095,0.01488,0.0,3,0.096,0.154,0.279,0.025,0.1565,0.016450000000000003,0.0,1,0.063,0.104,0.158,0.015,0.107,0.01097,0.0,41727.314137,40035.374285,4,24901.981482,24799.18765,181,0.0,0.0,0.0,0.0,0.0,0.0,2000.0,1260.172,16199.059,7.779
668,2026-04-03T20:59:48.415642,2026-04-03T21:01:42.179805,113764.076,1,0.02,0.147,2.413,0.275,0.106,0.08675,0.0,3,0.095,0.158,0.387,0.043,0.1565,0.022910000000000003,0.0,1,0.021,0.108,0.22,0.024,0.108,0.014070000000000001,0.0,36288.410584,36123.797648,6,,,,0.0,0.0,0.0,0.261,0.0,0.261,2000.0,1261.613,16199.059,7.788
669,2026-04-03T21:01:44.182837,2026-04-03T21:03:41.803895,117620.366,1,0.064,0.104,0.213,0.02,0.107,0.0142,0.0,3,0.045,0.165,0.95,0.095,0.1555,0.03526000000000001,0.0,1,0.067,0.114,0.435,0.037,0.111,0.016890000000000002,0.0,38118.443561,37958.148702,51,,,,0.0,0.0,0.0,0.781,0.26,0.521,2000.0,1249.477,16199.059,7.713
670,2026-04-03T21:03:43.806299,2026-04-03T21:05:55.455944,131649.424,1,0.063,0.106,0.256,0.021,0.107,0.01157,0.0,3,0.093,0.158,0.27,0.031,0.16,0.020190000000000003,0.0,1,0.041,0.111,0.217,0.023,0.1115,0.01575,0.0,42984.452459,39103.388488,199,23921.312383,23805.591556,1,0.0,0.0,0.0,0.519,0.0,0.519,2000.0,1245.691,16199.059,7.69
671,2026-04-03T21:05:57.457548,2026-04-03T21:08:09.874621,132416.754,1,0.017,0.109,0.356,0.036,0.108,0.01878,0.0,3,0.087,0.157,0.347,0.036,0.155,0.022690000000000002,0.0,1,0.038,0.112,0.337,0.032,0.1115,0.017220000000000003,0.0,41253.885079,38082.902704,138,19876.620206,19792.845328,676,0.0,0.0,0.0,0.26,0.26,0.0,2000.0,1244.996,16199.059,7.686
672,2026-04-03T21:08:11.879913,2026-04-03T21:10:13.016052,121135.918,1,0.021,0.106,0.192,0.022,0.11,0.014160000000000002,0.0,3,0.028,0.163,0.336,0.038,0.1615,0.023250000000000003,0.0,1,0.067,0.122,0.963,0.088,0.111,0.028399999999999998,0.0,42661.125207,41353.533315,57,21483.211798,21394.721966,471,0.0,0.0,0.0,0.518,0.259,0.259,2000.0,1248.621,16199.059,7.708
673,2026-04-03T21:10:15.019312,2026-04-03T21:12:18.115561,123096.135,1,0.066,0.112,0.401,0.037,0.11,0.01878,0.0,3,0.094,0.171,1.162,0.11,0.154,0.03889000000000001,0.0,1,0.043,0.107,0.193,0.019,0.109,0.011920000000000002,0.0,37692.875067,37553.033975,148,22795.866712,22700.762167,426,0.0,0.0,0.0,0.261,0.0,0.261,2000.0,1251.359,16199.059,7.725
674,2026-04-03T21:12:20.118313,2026-04-03T21:14:26.673016,126554.508,1,0.018,0.179,5.578,0.576,0.107,0.1452,0.0,3,0.095,0.157,0.435,0.038,0.159,0.0221,0.0,1,0.064,0.11,0.229,0.022,0.11,0.013870000000000002,0.0,41129.270991,38121.335315,58,25613.579002,24198.244275,1207,0.0,0.0,0.0,0.777,0.0,0.777,2000.0,1245.953,16199.059,7.692
675,2026-04-03T21:14:29.488819,2026-04-03T21:16:38.163290,128674.329,1,0.059,0.106,0.213,0.018,0.108,0.011720000000000001,0.0,3,0.096,0.155,0.255,0.025,0.1595,0.017580000000000002,0.0,1,0.027,0.136,3.122,0.3,0.111,0.06147000000000001,0.0,42001.783988,41807.846302,103,23813.19515,22248.63273,45,0.0,0.0,0.0,0.0,0.0,0.0,2000.0,1249.203,16199.059,7.712
676,2026-04-03T21:16:40.170717,2026-04-03T21:18:47.611946,127441.044,1,0.063,0.109,0.405,0.036,0.108,0.01609,0.0,3,0.049,0.209,4.034,0.392,0.159,0.10297999999999999,0.0,1,0.065,0.107,0.163,0.017,0.111,0.012300000000000002,0.0,41879.648578,38927.359613,55,24289.066301,24188.047953,817,0.0,0.0,0.0,0.261,0.0,0.261,2000.0,1251.41,16199.059,7.725
677,2026-04-03T21:18:49.614522,2026-04-03T21:20:45.472454,115857.767,1,0.065,0.106,0.279,0.024,0.108,0.01357,0.0,3,0.094,0.154,0.265,0.027,0.1575,0.018490000000000003,0.0,1,0.058,0.107,0.166,0.02,0.108,0.01433,0.0,37057.110658,34019.094536,149,,,,0.0,0.0,0.0,0.26,0.0,0.26,2000.0,1243.02,16199.059,7.673
678,2026-04-03T21:20:47.474581,2026-04-03T21:22:53.440297,125965.527,1,0.022,0.107,0.5,0.044,0.1065,0.01782,0.0,3,0.054,0.156,0.283,0.034,0.1585,0.02262,0.0,1,0.053,0.108,0.193,0.022,0.111,0.01497,0.0,41263.35896,41072.634744,1347,25201.58456,25083.22866,253,0.0,0.0,0.0,0.262,0.0,0.262,2000.0,1238.293,16199.059,7.644
679,2026-04-03T21:22:55.445140,2026-04-03T21:24:54.672793,119227.483,1,0.053,0.105,0.189,0.019,0.108,0.01289,0.0,3,0.052,0.156,0.25,0.031,0.159,0.02083,0.0,1,0.065,0.106,0.189,0.019,0.108,0.01374,0.0,41729.903655,41552.161303,53,25497.768701,25389.372361,1972,0.0,0.0,0.0,0.262,0.0,0.262,2000.0,1249.617,16199.059,7.714
680,2026-04-03T21:24:56.675689,2026-04-03T21:26:59.419860,122744.103,1,0.064,0.102,0.148,0.015,0.1055,0.011640000000000001,0.0,3,0.092,0.155,0.217,0.024,0.1585,0.018060000000000003,0.0,1,0.067,0.119,0.962,0.088,0.11,0.026519999999999995,0.0,43069.065221,41032.646351,97,24850.677149,24744.877919,769,0.0,0.0,0.0,2.368,1.053,1.316,2000.0,1248.121,16199.059,7.705
681,2026-04-03T21:27:01.422723,2026-04-03T21:29:06.143877,124720.91,1,0.06,0.106,0.227,0.023,0.106,0.0141,0.0,3,0.067,0.154,0.279,0.029,0.159,0.019850000000000003,0.0,1,0.017,0.145,3.824,0.372,0.107,0.08209999999999999,0.0,43437.706558,41867.348794,56,24030.059997,23928.946925,0,0.0,0.0,0.0,0.262,0.0,0.262,2000.0,1254.754,16199.059,7.746
682,2026-04-03T21:29:08.146715,2026-04-03T21:31:19.943861,131797.096,1,0.062,0.107,0.155,0.02,0.109,0.01603,0.0,3,0.092,0.151,0.218,0.024,0.156,0.01861,0.0,1,0.063,0.107,0.229,0.022,0.105,0.01514,0.0,42371.276386,38515.754475,6,30485.44808,28824.735465,1374,0.0,0.0,0.0,0.0,0.0,0.0,2000.0,1255.195,16199.059,7.749
683,2026-04-03T21:31:21.944197,2026-04-03T21:33:31.931647,129987.357,1,0.02,0.104,0.214,0.022,0.108,0.014520000000000002,0.0,3,0.084,0.153,0.263,0.028,0.158,0.02032,0.0,1,0.063,0.115,0.893,0.08,0.1075,0.022270000000000005,0.0,31186.194252,31052.992,10,21904.360552,21072.112124,2,0.0,0.0,0.0,0.26,0.26,0.0,2000.0,1256.141,16199.059,7.754
684,2026-04-03T21:33:33.933856,2026-04-03T21:35:43.847927,129913.846,1,0.042,0.105,0.245,0.024,0.108,0.014700000000000001,0.0,3,0.068,0.158,0.375,0.036,0.1595,0.020110000000000003,0.0,1,0.023,0.128,1.497,0.145,0.11,0.04454,0.0,41338.538047,37984.408231,10,19026.446161,17547.986978,181,0.0,0.0,0.0,0.0,0.0,0.0,2000.0,1250.988,16199.059,7.723
685,2026-04-03T21:35:45.850483,2026-04-03T21:37:48.537513,122686.833,1,0.043,0.103,0.17,0.018,0.1055,0.013130000000000001,0.0,3,0.037,0.165,1.178,0.108,0.1585,0.03656,0.0,1,0.064,0.111,0.409,0.038,0.11,0.01941,0.0,33813.318711,31433.9035,104,21884.904394,21777.734076,0,0.0,0.0,0.0,0.262,0.0,0.262,2000.0,1266.344,16199.059,7.817
686,2026-04-03T21:37:50.541918,2026-04-03T21:40:03.242464,132700.431,1,0.042,0.11,0.743,0.067,0.106,0.02112,0.0,3,0.078,0.153,0.266,0.028,0.159,0.019770000000000003,0.0,1,0.018,0.135,2.915,0.28,0.11,0.06036000000000001,0.0,42094.809904,39664.676984,7,21643.656061,21552.407102,0,0.0,0.0,0.0,0.26,0.0,0.26,2000.0,1243.512,16199.059,7.676
687,2026-04-03T21:40:05.245895,2026-04-03T21:42:12.229049,126983.084,1,0.064,0.104,0.219,0.022,0.108,0.014350000000000002,0.0,3,0.073,0.158,0.279,0.031,0.1605,0.020410000000000005,0.0,1,0.023,0.12,1.349,0.126,0.11,0.033449999999999994,0.0,37013.648751,34470.16598,7,18701.094885,18623.756514,0,0.0,0.0,0.0,0.0,0.0,0.0,2000.0,1248.465,16199.059,7.707
688,2026-04-03T21:42:14.232048,2026-04-03T21:44:15.576308,121344.042,1,0.036,0.105,0.158,0.019,0.107,0.01367,0.0,3,0.072,0.228,6.978,0.682,0.157,0.15006,0.0,1,0.067,0.113,0.231,0.026,0.111,0.01552,0.0,42636.042146,41493.382346,54,20831.726084,20744.467951,1213,0.0,0.0,0.0,0.781,0.521,0.26,2000.0,1251.672,16199.059,7.727
689,2026-04-03T21:44:17.580006,2026-04-03T21:46:23.666559,126086.294,1,0.017,0.108,0.356,0.039,0.105,0.02172,0.0,3,0.067,0.154,0.235,0.028,0.158,0.019100000000000002,0.0,1,0.063,0.109,0.236,0.024,0.109,0.013600000000000001,0.0,17545.613415,15998.837283,144,20044.226326,19093.090954,2,0.0,0.0,0.0,1.19,0.893,0.298,2000.0,1248.816,16199.059,7.709
690,2026-04-03T21:46:25.667247,2026-04-03T21:48:33.540454,127873.121,1,0.014,0.1,0.194,0.025,0.104,0.01642,0.0,3,0.094,0.162,0.526,0.054,0.158,0.024700000000000003,0.0,1,0.066,0.11,0.251,0.022,0.113,0.013900000000000001,0.0,42142.955587,42001.458091,3,21327.669909,20037.786585,720,0.0,0.0,0.0,0.522,0.261,0.261,2000.0,1246.816,16199.059,7.697
691,2026-04-03T21:48:35.543365,2026-04-03T21:50:37.899054,122355.62,1,0.039,0.105,0.184,0.022,0.106,0.01455,0.0,3,0.048,0.154,0.27,0.028,0.1595,0.01845,0.0,1,0.044,0.105,0.275,0.026,0.1045,0.01578,0.0,42304.451823,40126.487669,54,22074.902637,21981.61329,430,0.0,0.0,0.0,0.781,0.26,0.521,2000.0,1240.793,16199.059,7.66
692,2026-04-03T21:50:39.902843,2026-04-03T21:52:39.704478,119801.42,1,0.042,0.111,0.437,0.043,0.1085,0.01862,0.0,3,0.086,0.155,0.45,0.039,0.1535,0.021460000000000003,0.0,1,0.044,0.108,0.3,0.031,0.107,0.0171,0.0,42781.272191,41066.017257,49,21303.820478,21212.063717,2,0.0,0.0,0.0,0.26,0.0,0.26,2000.0,1230.883,16199.059,7.598
693,2026-04-03T21:52:41.707368,2026-04-03T21:54:40.179251,118471.625,1,0.055,0.105,0.151,0.018,0.108,0.012870000000000001,0.0,3,0.063,0.157,0.278,0.027,0.161,0.018020000000000005,0.0,1,0.056,0.109,0.248,0.026,0.109,0.015700000000000002,0.0,43355.333135,43169.489079,6,24381.264844,24263.92506,1,0.0,0.0,0.0,0.522,0.261,0.261,2000.0,1249.656,16199.059,7.714
694,2026-04-03T21:54:42.183643,2026-04-03T21:56:41.391359,119207.648,1,0.061,0.109,0.46,0.038,0.109,0.015400000000000002,0.0,3,0.093,0.157,0.344,0.036,0.154,0.022180000000000002,0.0,1,0.062,0.111,0.182,0.022,0.1115,0.01513,0.0,42657.007775,42473.393843,9,23826.091961,23722.590967,1087,0.0,0.0,0.0,0.26,0.0,0.26,2000.0,1252.617,16199.059,7.733
695,2026-04-03T21:56:43.397563,2026-04-03T21:58:42.735656,119337.875,1,0.052,0.104,0.183,0.02,0.106,0.01416,0.0,3,0.09,0.159,0.394,0.035,0.16,0.019950000000000002,0.0,1,0.058,0.11,0.448,0.039,0.1095,0.015040000000000001,0.0,42929.594629,39471.665606,3,24431.448268,24335.001035,0,0.0,0.0,0.0,0.0,0.0,0.0,2000.0,1261.52,16199.059,7.788
696,2026-04-03T21:58:44.741474,2026-04-03T22:00:50.512232,125770.631,1,0.064,0.108,0.312,0.033,0.106,0.01897,0.0,3,0.065,0.151,0.248,0.028,0.159,0.02048,0.0,1,0.052,0.109,0.214,0.021,0.111,0.01319,0.0,36447.740282,32319.717164,52,25196.868051,25089.747143,927,0.0,0.0,0.0,0.261,0.0,0.261,2000.0,1243.074,16199.059,7.674
697,2026-04-03T22:00:52.515300,2026-04-03T22:02:51.453269,118937.719,1,0.044,0.107,0.305,0.027,0.108,0.01497,0.0,3,0.093,0.152,0.224,0.025,0.157,0.017970000000000003,0.0,1,0.065,0.108,0.422,0.035,0.1085,0.015300000000000001,0.0,42332.636789,42135.611043,11,23054.378233,22950.315865,0,0.0,0.0,0.0,1.039,0.0,1.039,2000.0,1245.664,16199.059,7.69
698,2026-04-03T22:02:53.456141,2026-04-03T22:04:58.771551,125315.19,1,0.015,0.121,0.977,0.106,0.107,0.03848,0.0,3,0.084,0.153,0.416,0.037,0.155,0.021570000000000002,0.0,1,0.036,0.104,0.164,0.018,0.109,0.013040000000000001,0.0,41471.738511,41303.436926,57,22092.502157,20577.803323,2,0.0,0.0,0.0,1.852,1.481,0.37,2000.0,1252.211,16199.059,7.73
699,2026-04-03T22:05:00.772783,2026-04-03T22:07:02.815879,122042.862,1,0.058,0.104,0.195,0.02,0.106,0.01354,0.0,3,0.095,0.153,0.225,0.025,0.154,0.018660000000000003,0.0,1,0.051,0.105,0.158,0.018,0.1075,0.01305,0.0,41820.069709,41653.105493,63,26483.402034,26352.357333,1,0.0,0.0,0.0,5.882,3.922,1.961,2000.0,1241.273,16199.059,7.663
700,2026-04-03T22:07:04.818493,2026-04-03T22:09:05.656584,120838.029,1,0.066,0.111,0.365,0.041,0.107,0.02103,0.0,3,0.096,0.157,0.474,0.039,0.1585,0.02034,0.0,1,0.025,0.134,3.103,0.298,0.107,0.06024000000000001,0.0,42369.717219,42174.79265,52,23664.085944,23543.661644,0,0.0,0.0,0.0,0.262,0.0,0.262,2000.0,1252.676,16199.059,7.733
701,2026-04-03T22:09:07.659500,2026-04-03T22:11:07.792758,120133.172,1,0.065,0.105,0.234,0.023,0.109,0.01573,0.0,3,0.069,0.157,0.279,0.033,0.161,0.023200000000000002,0.0,1,0.047,0.11,0.234,0.026,0.112,0.015320000000000002,0.0,41834.317122,41664.113811,5,24616.527912,24509.137049,0,0.0,0.0,0.0,0.783,0.0,0.783,2000.0,1240.059,16199.059,7.655
702,2026-04-03T22:11:09.797038,2026-04-03T22:13:15.406970,125609.823,1,0.044,0.106,0.193,0.025,0.1065,0.01717,0.0,3,0.093,0.162,0.341,0.04,0.16,0.023870000000000002,0.0,1,0.048,0.123,1.723,0.162,0.11,0.03668,0.0,41638.020268,41463.30367,97,22480.538746,22253.945105,45,0.0,0.0,0.0,0.262,0.0,0.262,2000.0,1247.926,16199.059,7.704
703,2026-04-03T22:13:17.410597,2026-04-03T22:15:24.056294,126645.136,1,0.063,0.108,0.21,0.024,0.1075,0.014790000000000001,0.0,3,0.076,0.152,0.29,0.028,0.156,0.01795,0.0,1,0.053,0.104,0.149,0.016,0.107,0.01213,0.0,32464.233815,29673.514539,52,27690.417768,27563.299223,231,0.0,0.0,0.0,0.781,0.26,0.521,2000.0,1254.887,16199.059,7.747
704,2026-04-03T22:15:26.062219,2026-04-03T22:17:26.767423,120705.118,1,0.066,0.107,0.176,0.018,0.11,0.013070000000000002,0.0,3,0.067,0.157,0.262,0.031,0.1585,0.019480000000000004,0.0,1,0.034,0.106,0.223,0.023,0.107,0.014470000000000002,0.0,42647.787801,41140.72679,1,25434.0687,25318.15441,0,0.0,0.0,0.0,0.777,0.0,0.777,2000.0,1245.34,16199.059,7.688
705,2026-04-03T22:17:28.770147,2026-04-03T22:19:29.361181,120590.94,1,0.062,0.105,0.252,0.023,0.105,0.01319,0.0,3,0.092,0.163,0.414,0.044,0.1595,0.022820000000000003,0.0,1,0.02,0.118,1.617,0.152,0.108,0.03448,0.0,41686.030496,41513.066753,54,24751.450844,24121.359821,1,0.0,0.0,0.0,0.258,0.0,0.258,2000.0,1242.684,16199.059,7.671
706,2026-04-03T22:19:31.363386,2026-04-03T22:21:34.270955,122907.398,1,0.021,0.092,0.228,0.025,0.09,0.01795,0.0,3,0.094,0.152,0.329,0.031,0.156,0.02048,0.0,1,0.036,0.117,0.789,0.071,0.112,0.022220000000000004,0.0,42103.627145,38849.855402,6,22354.113494,21206.37487,0,0.0,0.0,0.0,0.521,0.0,0.521,2000.0,1252.492,16199.059,7.732
707,2026-04-03T22:21:36.271992,2026-04-03T22:23:36.524313,120252.243,1,0.043,0.107,0.314,0.027,0.108,0.01396,0.0,3,0.087,0.154,0.214,0.027,0.1595,0.019330000000000003,0.0,1,0.039,0.12,1.236,0.117,0.108,0.031799999999999995,0.0,44008.602694,43818.297775,57,19894.531508,18404.902899,0,0.0,0.0,0.0,0.261,0.0,0.261,2000.0,1245.352,16199.059,7.688
708,2026-04-03T22:23:38.527071,2026-04-03T22:25:42.874665,124347.51,1,0.043,0.109,0.385,0.036,0.108,0.01964,0.0,3,0.043,0.149,0.253,0.033,0.153,0.023750000000000004,0.0,1,0.064,0.114,0.674,0.059,0.109,0.02041,0.0,44449.061077,40389.727186,944,22208.603388,22095.254811,910,0.0,0.0,0.0,0.26,0.0,0.26,2000.0,1239.387,16199.059,7.651
709,2026-04-03T22:25:44.879168,2026-04-03T22:27:48.314412,123435.096,1,0.065,0.107,0.21,0.02,0.109,0.01349,0.0,3,0.033,0.17,1.362,0.136,0.1585,0.04755000000000001,0.0,1,0.03,0.108,0.183,0.023,0.111,0.015460000000000002,0.0,36911.747473,36723.410614,55,26666.68756,26548.315773,1278,0.0,0.0,0.0,0.519,0.26,0.26,2000.0,1251.375,16199.059,7.725
710,2026-04-03T22:27:50.317240,2026-04-03T22:29:49.631991,119314.519,1,0.064,0.105,0.147,0.018,0.1085,0.014250000000000002,0.0,3,0.095,0.155,0.261,0.032,0.154,0.02291,0.0,1,0.064,0.107,0.163,0.017,0.106,0.01204,0.0,42221.830328,41555.175731,537,25852.87032,25730.140284,300,0.0,0.0,0.0,0.262,0.0,0.262,2000.0,1252.703,16199.059,7.733
711,2026-04-03T22:29:51.634677,2026-04-03T22:31:55.718611,124083.798,1,0.028,0.105,0.443,0.04,0.1055,0.01858,0.0,3,0.069,0.159,0.283,0.034,0.16,0.021440000000000004,0.0,1,0.051,0.105,0.168,0.019,0.105,0.01276,0.0,42222.815567,42010.520579,55,25829.365973,25701.629091,1713,0.0,0.0,0.0,0.262,0.0,0.262,2000.0,1255.016,16199.059,7.747
712,2026-04-03T22:31:57.721457,2026-04-03T22:34:10.362808,132641.211,1,0.018,0.109,0.431,0.041,0.107,0.01978,0.0,3,0.091,0.185,2.021,0.196,0.16,0.05901,0.0,1,0.025,0.128,1.631,0.168,0.106,0.05154,0.0,42072.572144,41896.979719,6,20358.553787,20086.235427,3,0.0,0.0,0.0,0.521,0.0,0.521,2000.0,1252.352,16199.059,7.731
713,2026-04-03T22:34:12.364966,2026-04-03T22:36:12.534710,120169.534,1,0.064,0.107,0.414,0.035,0.106,0.01517,0.0,3,0.091,0.157,0.445,0.038,0.1585,0.019820000000000004,0.0,1,0.05,0.108,0.181,0.017,0.11,0.01047,0.0,43208.932995,42548.540074,106,2367.191845,2186.391466,2,0.0,0.0,0.0,0.522,0.261,0.261,2000.0,1246.852,16199.059,7.697
714,2026-04-03T22:36:14.535550,2026-04-03T22:38:13.863913,119328.261,1,0.055,0.105,0.28,0.025,0.1075,0.014740000000000001,0.0,3,0.061,0.151,0.253,0.028,0.1555,0.019510000000000003,0.0,1,0.044,0.108,0.18,0.022,0.1105,0.0161,0.0,42409.249191,42208.475171,6,24131.475057,23723.321814,580,0.0,0.0,0.0,0.0,0.0,0.0,2000.0,1255.246,16199.059,7.749
715,2026-04-03T22:38:15.866910,2026-04-03T22:40:20.792454,124925.466,1,0.038,0.103,0.236,0.026,0.106,0.01751,0.0,3,0.03,0.149,0.268,0.033,0.155,0.022130000000000004,0.0,1,0.069,0.108,0.199,0.019,0.111,0.012900000000000002,0.0,42835.797066,40430.485385,55,24259.213893,24156.075007,579,0.0,0.0,0.0,0.0,0.0,0.0,2000.0,1254.793,16199.059,7.746
716,2026-04-03T22:40:22.795926,2026-04-03T22:42:25.428230,122632.065,1,0.064,0.108,0.401,0.044,0.106,0.01931,0.0,3,0.067,0.157,0.335,0.038,0.1595,0.024390000000000002,0.0,1,0.029,0.108,0.213,0.024,0.1085,0.01501,0.0,31044.81399,30909.943135,0,25389.310327,24829.902713,2075,0.0,0.0,0.0,0.779,0.26,0.519,2000.0,1246.941,16199.059,7.698
717,2026-04-03T22:42:27.431545,2026-04-03T22:44:32.070834,124639.043,1,0.027,0.104,0.452,0.04,0.1055,0.01725,0.0,3,0.082,0.157,0.427,0.04,0.158,0.022130000000000004,0.0,1,0.016,0.107,0.323,0.042,0.1065,0.02065,0.0,43518.666764,43340.549992,196,24728.527048,23097.012781,1,0.0,0.0,0.0,0.261,0.0,0.261,2000.0,1244.215,16199.059,7.681
718,2026-04-03T22:44:34.076031,2026-04-03T22:46:33.680991,119604.726,1,0.051,0.108,0.214,0.027,0.107,0.0177,0.0,3,0.076,0.151,0.232,0.025,0.156,0.018340000000000002,0.0,1,0.035,0.109,0.2,0.022,0.111,0.015390000000000001,0.0,42584.538555,40336.156859,11,25424.306159,24003.753852,1,0.0,0.0,0.0,0.521,0.0,0.521,2000.0,1250.797,16199.059,7.721
719,2026-04-03T22:46:35.684017,2026-04-03T22:48:39.658242,123974.035,1,0.063,0.107,0.323,0.028,0.108,0.014500000000000002,0.0,3,0.094,0.16,0.241,0.027,0.1605,0.01898,0.0,1,0.017,0.115,0.813,0.094,0.1075,0.03019,0.0,43063.244281,42876.676181,107,25698.883995,25564.676862,90,0.0,0.0,0.0,0.522,0.0,0.522,2000.0,1262.648,16199.059,7.795
720,2026-04-03T22:48:41.659756,2026-04-03T22:50:42.962739,121302.91,1,0.063,0.106,0.18,0.021,0.107,0.015130000000000001,0.0,3,0.047,0.152,0.283,0.03,0.155,0.019830000000000004,0.0,1,0.064,0.107,0.202,0.02,0.11,0.013320000000000002,0.0,41793.550638,37872.946689,7,16792.686033,16721.184007,1,0.0,0.0,0.0,0.262,0.0,0.262,2000.0,1248.695,16199.059,7.708
721,2026-04-03T22:50:44.965507,2026-04-03T22:52:47.844273,122878.554,1,0.042,0.108,0.348,0.034,0.108,0.01884,0.0,3,0.07,0.16,0.869,0.077,0.158,0.02774,0.0,1,0.025,0.108,0.315,0.029,0.108,0.015120000000000001,0.0,42233.511217,39691.900471,308,24578.143556,24482.307779,456,0.0,0.0,0.0,0.521,0.26,0.26,2000.0,1266.902,16199.059,7.821
722,2026-04-03T22:52:49.846611,2026-04-03T22:54:49.473599,119626.786,1,0.043,0.106,0.347,0.03,0.109,0.015220000000000001,0.0,3,0.094,0.158,0.602,0.053,0.16,0.025060000000000002,0.0,1,0.028,0.109,0.231,0.027,0.11,0.015880000000000002,0.0,38035.650253,35350.188028,3,27135.325663,27020.361395,0,0.0,0.0,0.0,0.0,0.0,0.0,2000.0,1250.812,16199.059,7.722
723,2026-04-03T22:54:51.477356,2026-04-03T22:56:51.465104,119987.491,1,0.042,0.111,0.439,0.041,0.11,0.01897,0.0,3,0.079,0.162,0.85,0.074,0.1605,0.02559,0.0,1,0.035,0.108,0.407,0.042,0.108,0.020390000000000002,0.0,40931.795954,40769.181933,9,26919.865521,26782.682286,270,0.0,0.0,0.0,0.26,0.0,0.26,2000.0,1258.695,16199.059,7.77
724,2026-04-03T22:56:53.467721,2026-04-03T22:58:58.663804,125195.859,1,0.066,0.11,0.678,0.061,0.105,0.020530000000000003,0.0,3,0.093,0.161,0.37,0.039,0.1585,0.022390000000000004,0.0,1,0.049,0.102,0.159,0.019,0.1065,0.014660000000000001,0.0,20497.147556,18667.138696,143,23757.22858,22426.306103,0,0.0,0.0,0.0,2.795,1.242,1.553,2000.0,1254.113,16199.059,7.742
725,2026-04-03T22:59:00.666612,2026-04-03T23:01:00.777241,120110.548,1,0.025,0.105,0.203,0.023,0.1055,0.015690000000000003,0.0,3,0.093,0.158,0.343,0.03,0.16,0.019160000000000003,0.0,1,0.054,0.143,3.469,0.336,0.11,0.07294999999999999,0.0,42634.426536,42421.618802,56,20957.322664,20867.960125,1310,0.0,0.0,0.0,0.521,0.26,0.26,2000.0,1249.746,16199.059,7.715
726,2026-04-03T23:01:02.782139,2026-04-03T23:03:07.351964,124569.786,1,0.039,0.103,0.247,0.023,0.106,0.015120000000000001,0.0,3,0.048,0.158,0.61,0.056,0.152,0.028880000000000003,0.0,1,0.017,0.108,0.404,0.036,0.108,0.015330000000000002,0.0,41717.408432,41530.367368,54,20188.669202,20100.076117,0,0.0,0.0,0.0,0.262,0.0,0.262,2000.0,1253.594,16199.059,7.739
727,2026-04-03T23:03:09.355232,2026-04-03T23:05:11.771254,122415.843,1,0.061,0.114,0.606,0.058,0.1095,0.022320000000000003,0.0,3,0.077,0.149,0.202,0.022,0.1535,0.016490000000000005,0.0,1,0.035,0.106,0.237,0.024,0.109,0.015300000000000001,0.0,43350.67156,43149.403763,98,24777.127388,22993.502222,2,0.0,0.0,0.0,0.519,0.26,0.26,2000.0,1256.984,16199.059,7.76
728,2026-04-03T23:05:13.774813,2026-04-03T23:07:13.632145,119857.135,1,0.063,0.103,0.183,0.017,0.105,0.01161,0.0,3,0.08,0.154,0.221,0.026,0.159,0.018340000000000002,0.0,1,0.043,0.104,0.154,0.016,0.108,0.012260000000000002,0.0,43272.973267,40097.70195,392,24501.453055,23082.042733,0,0.0,0.0,0.0,0.0,0.0,0.0,2000.0,1259.934,16199.059,7.778
729,2026-04-03T23:07:15.634557,2026-04-03T23:09:22.043766,126409.102,1,0.042,0.101,0.148,0.017,0.105,0.013249999999999998,0.0,3,0.096,0.159,0.852,0.073,0.1575,0.022340000000000002,0.0,1,0.062,0.107,0.163,0.019,0.1095,0.01466,0.0,43572.451511,43202.957056,51,26056.42982,25945.246219,654,0.0,0.0,0.0,0.519,0.0,0.519,2000.0,1257.57,16199.059,7.763
730,2026-04-03T23:09:24.047604,2026-04-03T23:11:25.848112,121800.304,1,0.041,0.103,0.303,0.028,0.105,0.0169,0.0,3,0.074,0.159,0.312,0.033,0.159,0.0199,0.0,1,0.063,0.105,0.163,0.017,0.1085,0.012780000000000001,0.0,44949.164815,44755.283668,278,25612.461029,25502.535143,446,0.0,0.0,0.0,0.519,0.26,0.26,2000.0,1246.297,16199.059,7.694
731,2026-04-03T23:11:28.156184,2026-04-03T23:13:28.585188,120428.98,1,0.042,0.103,0.246,0.024,0.104,0.01521,0.0,3,0.089,0.156,0.227,0.026,0.159,0.01895,0.0,1,0.065,0.107,0.187,0.019,0.11,0.012520000000000002,0.0,42713.107135,39791.690143,2,24995.002378,24892.577992,375,0.0,0.0,0.0,0.789,0.526,0.263,2000.0,1245.77,16199.059,7.69
732,2026-04-03T23:13:30.588823,2026-04-03T23:15:36.941414,126352.38,1,0.06,0.104,0.229,0.024,0.1045,0.01658,0.0,3,0.096,0.156,0.271,0.029,0.16,0.020940000000000004,0.0,1,0.028,0.105,0.168,0.02,0.109,0.01386,0.0,44450.39368,41528.899147,96,25224.452303,25118.038466,2367,0.0,0.0,0.0,0.26,0.0,0.26,2000.0,1249.008,16199.059,7.71
733,2026-04-03T23:15:38.945911,2026-04-03T23:17:38.231947,119285.793,1,0.057,0.106,0.173,0.02,0.1095,0.0146,0.0,3,0.094,0.155,0.282,0.028,0.1565,0.01973,0.0,1,0.063,0.107,0.233,0.023,0.1075,0.014610000000000001,0.0,43583.832327,40191.866274,104,24891.973909,24783.744046,0,0.0,0.0,0.0,0.26,0.0,0.26,2000.0,1244.418,16199.059,7.682
734,2026-04-03T23:17:40.234474,2026-04-03T23:19:40.780041,120545.383,1,0.051,0.102,0.193,0.02,0.105,0.013930000000000001,0.0,3,0.084,0.154,0.469,0.045,0.1535,0.02648,0.0,1,0.046,0.104,0.187,0.021,0.108,0.014610000000000001,0.0,41803.022611,37649.437323,10,23686.187037,22396.592998,1,0.0,0.0,0.0,0.781,0.26,0.521,2000.0,1263.379,16199.059,7.799
735,2026-04-03T23:19:42.783520,2026-04-03T23:21:46.603795,123820.191,1,0.06,0.107,0.207,0.019,0.11,0.013080000000000001,0.0,3,0.092,0.155,0.33,0.029,0.159,0.018380000000000004,0.0,1,0.042,0.104,0.151,0.018,0.107,0.01301,0.0,44176.33901,40451.531635,246,25078.937926,24978.348467,2,0.0,0.0,0.0,1.042,0.26,0.781,2000.0,1253.457,16199.059,7.738
736,2026-04-03T23:21:48.612363,2026-04-03T23:23:49.772125,121159.674,1,0.038,0.113,0.32,0.038,0.1085,0.02178,0.0,3,0.072,0.152,0.263,0.03,0.155,0.021730000000000003,0.0,1,0.05,0.108,0.159,0.018,0.111,0.013080000000000001,0.0,43141.950872,42952.438005,9,22156.75044,21286.325115,541,0.0,0.0,0.0,0.781,0.0,0.781,2000.0,1250.277,16199.059,7.718
737,2026-04-03T23:23:51.776355,2026-04-03T23:25:58.223974,126447.521,1,0.018,0.128,2.432,0.233,0.108,0.051590000000000004,0.0,3,0.087,0.155,0.453,0.047,0.1525,0.024010000000000004,0.0,1,0.024,0.11,0.308,0.033,0.109,0.018860000000000002,0.0,37951.294454,37774.167865,103,22610.532163,22514.647331,630,0.0,0.0,0.0,0.804,0.268,0.536,2000.0,1238.625,16199.059,7.646
738,2026-04-03T23:26:00.228590,2026-04-03T23:28:07.084269,126855.378,1,0.039,0.107,0.269,0.027,0.107,0.014730000000000002,0.0,3,0.094,0.152,0.257,0.026,0.155,0.01887,0.0,1,0.019,0.11,0.389,0.042,0.109,0.02162,0.0,41062.455946,40888.280755,11,20506.584727,20420.406656,2546,0.0,0.0,0.0,0.0,0.0,0.0,2000.0,1252.371,16199.059,7.731
739,2026-04-03T23:28:09.086797,2026-04-03T23:30:11.036968,121949.528,1,0.041,0.107,0.369,0.034,0.107,0.01796,0.0,3,0.082,0.153,0.315,0.032,0.1575,0.02116,0.0,1,0.063,0.104,0.213,0.02,0.105,0.01334,0.0,42818.88736,39625.269635,11,20755.14034,19063.030827,2,0.0,0.0,0.0,0.781,0.26,0.521,2000.0,1244.715,16199.059,7.684
740,2026-04-03T23:30:13.039651,2026-04-03T23:32:20.072638,127032.901,1,0.036,0.104,0.197,0.023,0.107,0.016,0.0,3,0.095,0.154,0.252,0.029,0.161,0.02193,0.0,1,0.057,0.108,0.187,0.019,0.11,0.01263,0.0,42147.376133,37778.176865,8,26123.067824,26014.11253,793,0.0,0.0,0.0,0.26,0.0,0.26,2000.0,1256.953,16199.059,7.759
741,2026-04-03T23:32:22.076003,2026-04-03T23:34:23.340741,121264.446,1,0.061,0.112,0.437,0.043,0.109,0.020220000000000002,0.0,3,0.096,0.158,0.467,0.038,0.1605,0.018650000000000003,0.0,1,0.056,0.11,0.224,0.023,0.109,0.01473,0.0,39171.254085,39001.987187,64,24402.345754,22617.841403,6,0.0,0.0,0.0,0.912,0.304,0.608,2000.0,1243.996,16199.059,7.679
742,2026-04-03T23:34:25.343799,2026-04-03T23:36:33.244863,127900.845,1,0.017,0.102,0.367,0.034,0.106,0.01727,0.0,3,0.078,0.156,0.264,0.03,0.16,0.020080000000000004,0.0,1,0.025,0.103,0.184,0.024,0.106,0.01582,0.0,43486.126405,39972.468254,188,24511.838053,23212.92738,676,0.0,0.0,0.0,0.262,0.0,0.262,2000.0,1241.484,16199.059,7.664
743,2026-04-03T23:36:35.248227,2026-04-03T23:38:38.505803,123257.391,1,0.068,0.106,0.164,0.02,0.106,0.01484,0.0,3,0.096,0.156,0.249,0.029,0.1575,0.02135,0.0,1,0.045,0.104,0.158,0.019,0.107,0.014740000000000001,0.0,41336.054981,38966.616667,7,24084.728583,23985.999368,682,0.0,0.0,0.0,0.262,0.0,0.262,2000.0,1253.684,16199.059,7.739
744,2026-04-03T23:38:40.507414,2026-04-03T23:40:38.848694,118341.179,1,0.046,0.106,0.18,0.021,0.1065,0.013450000000000002,0.0,3,0.075,0.152,0.234,0.031,0.1525,0.022740000000000003,0.0,1,0.064,0.109,0.206,0.023,0.109,0.01396,0.0,41395.625374,41217.491867,3,23633.717757,23532.448504,1099,0.0,0.0,0.0,0.261,0.0,0.261,2000.0,1270.504,16199.059,7.843
745,2026-04-03T23:40:40.851478,2026-04-03T23:42:42.169906,121318.226,1,0.057,0.107,0.204,0.023,0.109,0.01467,0.0,3,0.049,0.153,0.278,0.031,0.1605,0.0221,0.0,1,0.063,0.105,0.224,0.02,0.106,0.01174,0.0,42698.08978,39312.534738,49,23763.471533,22443.243385,0,0.0,0.0,0.0,0.521,0.26,0.26,2000.0,1243.273,16199.059,7.675
746,2026-04-03T23:42:44.175002,2026-04-03T23:44:52.379858,128204.626,1,0.042,0.136,1.334,0.169,0.108,0.06049000000000001,0.0,3,0.045,0.153,0.425,0.039,0.1545,0.021900000000000003,0.0,1,0.065,0.103,0.167,0.017,0.1065,0.012180000000000002,0.0,28419.02169,28309.414111,1774,24138.510771,22340.093323,647,0.0,0.0,0.0,0.783,0.0,0.783,2000.0,1264.727,16199.059,7.807
747,2026-04-03T23:44:54.382392,2026-04-03T23:46:57.317613,122935.126,1,0.042,0.108,0.289,0.03,0.1065,0.01865,0.0,3,0.096,0.151,0.217,0.027,0.155,0.020700000000000003,0.0,1,0.041,0.107,0.206,0.022,0.1095,0.01476,0.0,42514.183305,42311.078218,2,26007.974027,25895.325549,90,0.0,0.0,0.0,0.0,0.0,0.0,2000.0,1239.91,16199.059,7.654
748,2026-04-03T23:46:59.320749,2026-04-03T23:49:10.668151,131347.367,1,0.061,0.104,0.206,0.019,0.1055,0.01189,0.0,3,0.09,0.159,0.268,0.027,0.161,0.01844,0.0,1,0.02,0.115,0.896,0.086,0.1065,0.029390000000000003,0.0,43620.596286,43441.917838,52,26457.127527,26346.078327,1,0.0,0.0,0.0,0.524,0.0,0.524,2000.0,1247.02,16199.059,7.698
749,2026-04-03T23:49:12.670626,2026-04-03T23:51:20.459625,127788.327,1,0.038,0.103,0.158,0.019,0.105,0.0142,0.0,3,0.032,0.231,5.347,0.548,0.1555,0.15277000000000002,0.0,1,0.045,0.115,0.425,0.038,0.1115,0.01846,0.0,25022.77552,22898.25202,864,25115.641788,23741.919407,0,0.0,0.0,0.0,0.522,0.261,0.261,2000.0,1250.906,16199.059,7.722
750,2026-04-03T23:51:22.462895,2026-04-03T23:53:24.472716,122009.307,1,0.024,0.103,0.166,0.024,0.1065,0.01752,0.0,3,0.078,0.158,0.3,0.035,0.159,0.023950000000000003,0.0,1,0.064,0.107,0.17,0.016,0.11,0.011300000000000001,0.0,41685.792888,41285.811848,6,25625.861854,24178.045907,1,0.0,0.0,0.0,0.521,0.0,0.521,2000.0,1248.527,16199.059,7.707
751,2026-04-03T23:53:26.474556,2026-04-03T23:55:34.976845,128502.244,1,0.021,0.111,1.116,0.103,0.105,0.026770000000000002,0.0,3,0.094,0.157,0.294,0.031,0.161,0.020210000000000002,0.0,1,0.05,0.103,0.158,0.018,0.108,0.013700000000000002,0.0,42549.450673,41444.42291,354,27482.045938,25238.886093,0,0.0,0.0,0.0,0.261,0.0,0.261,2000.0,1246.039,16199.059,7.692
752,2026-04-03T23:55:36.979990,2026-04-03T23:57:45.505063,128525.018,1,0.065,0.108,0.411,0.035,0.1065,0.01595,0.0,3,0.029,0.186,1.952,0.203,0.16,0.067,0.0,1,0.064,0.104,0.162,0.016,0.106,0.01088,0.0,43757.64649,39792.386063,521,24153.986958,22778.303713,0,0.0,0.0,0.0,1.039,0.26,0.779,2000.0,1257.531,16199.059,7.763
753,2026-04-03T23:57:47.508396,2026-04-03T23:59:42.916311,115407.697,1,0.046,0.104,0.152,0.017,0.1075,0.01212,0.0,3,0.096,0.16,0.302,0.034,0.161,0.0218,0.0,1,0.063,0.113,0.455,0.048,0.1095,0.019150000000000004,0.0,35193.821477,34665.928482,3,,,,0.0,0.0,0.0,0.0,0.0,0.0,2000.0,1256.152,16199.059,7.754
754,2026-04-03T23:59:44.921214,2026-04-04T00:01:54.659865,129738.562,1,0.047,0.107,0.445,0.038,0.1065,0.01625,0.0,3,0.095,0.177,2.753,0.261,0.15,0.06059999999999999,0.0,1,0.044,0.113,0.342,0.045,0.108,0.022740000000000003,0.0,36073.092364,35921.672029,411,24228.080385,22624.219191,403,0.0,0.0,0.0,0.0,0.0,0.0,2000.0,1245.613,16199.059,7.689
755,2026-04-04T00:01:56.662508,2026-04-04T00:04:04.854187,128191.496,1,0.019,0.11,0.944,0.087,0.107,0.024550000000000002,0.0,3,0.069,0.15,0.224,0.025,0.1545,0.018120000000000004,0.0,1,0.042,0.107,0.216,0.027,0.1085,0.01873,0.0,42121.005343,41943.475919,91,21244.068791,21152.889044,1009,0.0,0.0,0.0,0.261,0.0,0.261,2000.0,1252.414,16199.059,7.731
756,2026-04-04T00:04:06.857551,2026-04-04T00:06:07.688938,120831.176,1,0.056,0.106,0.418,0.036,0.108,0.016210000000000002,0.0,3,0.092,0.162,0.427,0.042,0.159,0.023990000000000004,0.0,1,0.028,0.106,0.281,0.027,0.1085,0.014930000000000002,0.0,41937.579045,41759.28453,60,23230.54658,22956.017161,284,0.0,0.0,0.0,0.261,0.0,0.261,2000.0,1247.836,16199.059,7.703
757,2026-04-04T00:06:09.691958,2026-04-04T00:08:11.663880,121971.713,1,0.064,0.111,0.455,0.039,0.109,0.016270000000000003,0.0,3,0.084,0.155,0.273,0.032,0.1575,0.02168,0.0,1,0.063,0.112,0.404,0.039,0.109,0.01675,0.0,42308.038331,42114.370886,103,20749.533856,19084.456923,1,0.0,0.0,0.0,0.781,0.521,0.26,2000.0,1253.449,16199.059,7.738
758,2026-04-04T00:08:13.667396,2026-04-04T00:10:13.409347,119741.705,1,0.062,0.102,0.157,0.019,0.104,0.01399,0.0,3,0.077,0.154,0.297,0.028,0.158,0.018960000000000005,0.0,1,0.056,0.105,0.159,0.017,0.1065,0.012060000000000001,0.0,41345.464191,41184.116014,54,25090.120789,24983.658797,1,0.0,0.0,0.0,0.522,0.0,0.522,2000.0,1243.832,16199.059,7.678
759,2026-04-04T00:10:15.412755,2026-04-04T00:12:25.063504,129650.524,1,0.019,0.106,0.357,0.033,0.108,0.01625,0.0,3,0.049,0.158,0.757,0.07,0.156,0.025940000000000005,0.0,1,0.065,0.112,0.415,0.038,0.109,0.019030000000000002,0.0,38845.774189,35443.664323,51,25214.723808,23771.116347,319,0.0,0.0,0.0,0.26,0.0,0.26,2000.0,1248.711,16199.059,7.709
760,2026-04-04T00:12:27.069353,2026-04-04T00:14:46.017189,138947.624,1,0.016,0.107,0.258,0.034,0.108,0.02054,0.0,3,0.095,0.156,0.45,0.04,0.155,0.02176,0.0,1,0.041,0.107,0.197,0.021,0.108,0.014,0.0,42083.71821,41907.033468,6,15407.608957,5954.882623,135,0.0,0.0,0.0,0.26,0.0,0.26,2000.0,1252.914,16199.059,7.734
761,2026-04-04T00:14:48.020598,2026-04-04T00:16:51.955716,123934.927,1,0.066,0.104,0.152,0.017,0.1075,0.013240000000000002,0.0,3,0.089,0.162,0.368,0.042,0.159,0.024260000000000004,0.0,1,0.062,0.107,0.218,0.022,0.107,0.01399,0.0,30933.565552,30807.086175,1308,23370.101133,23269.073647,2,0.0,0.0,0.0,0.261,0.0,0.261,2000.0,1240.727,16199.059,7.659
762,2026-04-04T00:16:53.959540,2026-04-04T00:18:56.583607,122623.906,1,0.015,0.148,3.22,0.319,0.107,0.08328999999999999,0.0,3,0.074,0.155,0.467,0.042,0.156,0.021480000000000003,0.0,1,0.062,0.106,0.158,0.016,0.1085,0.011680000000000001,0.0,42152.36959,39784.542217,3,23162.211644,23065.184647,1305,0.0,0.0,0.0,0.521,0.26,0.26,2000.0,1248.988,16199.059,7.71
763,2026-04-04T00:18:58.584189,2026-04-04T00:21:07.376405,128792.171,1,0.058,0.104,0.146,0.017,0.108,0.01242,0.0,3,0.09,0.152,0.24,0.028,0.154,0.020260000000000004,0.0,1,0.029,0.113,0.589,0.053,0.108,0.02075,0.0,42509.245635,39186.561387,2,25043.575616,24937.230907,0,0.0,0.0,0.0,0.26,0.0,0.26,2000.0,1258.777,16199.059,7.771
764,2026-04-04T00:21:09.380503,2026-04-04T00:23:16.770685,127389.968,1,0.051,0.104,0.18,0.02,0.1055,0.0144,0.0,3,0.035,0.155,0.494,0.055,0.155,0.02585,0.0,1,0.064,0.113,0.248,0.025,0.11,0.015510000000000001,0.0,42654.962651,42481.605322,64,22180.946765,20417.590781,1,0.0,0.0,0.0,0.0,0.0,0.0,2000.0,1259.938,16199.059,7.778
765,2026-04-04T00:23:18.774633,2026-04-04T00:25:25.967792,127192.96,1,0.039,0.104,0.405,0.044,0.103,0.01827,0.0,3,0.091,0.155,0.256,0.027,0.157,0.017900000000000003,0.0,1,0.046,0.106,0.163,0.018,0.107,0.012150000000000001,0.0,30331.632316,29214.108091,2,25901.246953,24546.16787,431,0.0,0.0,0.0,0.521,0.26,0.26,2000.0,1248.051,16199.059,7.704
766,2026-04-04T00:25:27.969862,2026-04-04T00:27:26.981655,119011.62,1,0.038,0.105,0.169,0.019,0.106,0.013080000000000001,0.0,3,0.065,0.155,0.318,0.033,0.159,0.021130000000000003,0.0,1,0.067,0.108,0.189,0.02,0.1085,0.013410000000000002,0.0,42620.57364,41731.808583,526,24002.093941,23902.740974,680,0.0,0.0,0.0,0.26,0.0,0.26,2000.0,1250.605,16199.059,7.72
767,2026-04-04T00:27:29.593149,2026-04-04T00:29:36.108350,126515.168,1,0.065,0.105,0.316,0.027,0.107,0.014060000000000001,0.0,3,0.096,0.156,0.224,0.023,0.1595,0.017150000000000002,0.0,1,0.052,0.115,0.632,0.073,0.108,0.026380000000000004,0.0,43672.937097,39710.820867,48,25005.618806,24891.228987,0,0.0,0.0,0.0,0.521,0.0,0.521,2000.0,1266.672,16199.059,7.819
768,2026-04-04T00:29:38.114855,2026-04-04T00:31:45.470427,127355.373,1,0.043,0.102,0.204,0.021,0.1055,0.01435,0.0,3,0.09,0.155,0.312,0.031,0.157,0.02048,0.0,1,0.037,0.108,0.184,0.022,0.112,0.01603,0.0,42461.418399,41873.041108,6,24096.953963,23996.527642,855,0.0,0.0,0.0,0.0,0.0,0.0,2000.0,1262.023,16199.059,7.791
769,2026-04-04T00:31:47.474823,2026-04-04T00:33:59.616172,132141.107,1,0.016,0.148,4.516,0.439,0.106,0.08765999999999999,0.0,3,0.094,0.156,0.375,0.035,0.157,0.02092,0.0,1,0.07,0.111,0.163,0.018,0.112,0.01247,0.0,40323.304772,36891.895389,4,23179.431642,23073.44555,1025,0.0,0.0,0.0,4.459,2.548,1.911,2000.0,1273.773,16199.059,7.863
770,2026-04-04T00:34:01.617574,2026-04-04T00:36:06.669925,125052.26,1,0.066,0.11,0.486,0.041,0.11,0.015420000000000001,0.0,3,0.094,0.161,0.479,0.042,0.1605,0.020220000000000002,0.0,1,0.057,0.107,0.323,0.03,0.1075,0.01627,0.0,42502.970989,39179.877419,3,23006.75947,22896.786858,92,0.0,0.0,0.0,0.518,0.259,0.259,2000.0,1261.949,16199.059,7.79
771,2026-04-04T00:36:08.674678,2026-04-04T00:38:16.114849,127439.986,1,0.067,0.106,0.216,0.022,0.107,0.014070000000000001,0.0,3,0.035,0.151,0.302,0.034,0.157,0.022420000000000002,0.0,1,0.065,0.108,0.2,0.018,0.1095,0.011850000000000001,0.0,42094.662573,41917.530878,1,21276.080756,21190.294213,5,0.0,0.0,0.0,0.777,0.0,0.777,2000.0,1254.992,16199.059,7.747
772,2026-04-04T00:38:18.119955,2026-04-04T00:40:20.688416,122568.245,1,0.066,0.104,0.156,0.019,0.1055,0.01356,0.0,3,0.092,0.159,0.541,0.044,0.158,0.018430000000000002,0.0,1,0.067,0.12,0.468,0.058,0.1115,0.024959999999999996,0.0,41470.03208,41102.501499,6,24583.608575,23255.044787,1,0.0,0.0,0.0,0.0,0.0,0.0,2000.0,1257.453,16199.059,7.763
773,2026-04-04T00:40:22.690530,2026-04-04T00:42:27.902424,125211.743,1,0.062,0.105,0.203,0.022,0.108,0.01552,0.0,3,0.095,0.162,0.539,0.062,0.1575,0.026580000000000003,0.0,1,0.043,0.106,0.161,0.017,0.1085,0.011630000000000001,0.0,33841.792334,32228.356043,3,26118.909063,25997.741715,90,0.0,0.0,0.0,1.852,1.323,0.529,2000.0,1257.625,16199.059,7.764
774,2026-04-04T00:42:29.905931,2026-04-04T00:44:34.959896,125053.757,1,0.061,0.108,0.311,0.028,0.108,0.01506,0.0,3,0.089,0.163,0.518,0.055,0.159,0.025300000000000003,0.0,1,0.017,0.147,2.481,0.287,0.105,0.08789,0.0,41853.040497,41678.129488,8,25029.721703,23810.394053,0,0.0,0.0,0.0,0.781,0.26,0.521,2000.0,1247.633,16199.059,7.702
775,2026-04-04T00:44:36.962039,2026-04-04T00:46:35.691975,118729.661,1,0.061,0.106,0.216,0.022,0.108,0.014320000000000001,0.0,3,0.072,0.152,0.24,0.028,0.1575,0.020160000000000004,0.0,1,0.069,0.113,0.41,0.043,0.11,0.01845,0.0,42404.057246,42202.425108,20,25815.739757,25693.341867,0,0.0,0.0,0.0,0.524,0.262,0.262,2000.0,1249.766,16199.059,7.715
776,2026-04-04T00:46:37.694614,2026-04-04T00:48:41.899820,124205.074,1,0.03,0.106,0.201,0.018,0.107,0.01165,0.0,3,0.06,0.155,0.303,0.038,0.154,0.02527,0.0,1,0.047,0.106,0.246,0.021,0.1085,0.012020000000000001,0.0,45083.148564,44894.760133,4,23982.27483,21995.440853,1,0.0,0.0,0.0,0.261,0.0,0.261,2000.0,1257.098,16199.059,7.76
777,2026-04-04T00:48:43.902418,2026-04-04T00:50:42.392252,118489.743,1,0.066,0.112,0.219,0.025,0.11,0.014700000000000001,0.0,3,0.092,0.148,0.251,0.028,0.151,0.020730000000000002,0.0,1,0.064,0.106,0.189,0.018,0.107,0.0119,0.0,41931.228918,41766.260746,6,26021.271979,25897.951803,2274,0.0,0.0,0.0,0.781,0.0,0.781,2000.0,1255.039,16199.059,7.748
778,2026-04-04T00:50:44.396995,2026-04-04T00:52:48.468870,124071.691,1,0.024,0.106,0.252,0.027,0.107,0.016470000000000002,0.0,3,0.058,0.149,0.349,0.035,0.153,0.021830000000000002,0.0,1,0.043,0.109,0.415,0.037,0.111,0.01711,0.0,41666.893677,41498.931287,3,23836.583738,23735.674761,147,0.0,0.0,0.0,0.261,0.0,0.261,2000.0,1265.668,16199.059,7.813
779,2026-04-04T00:52:50.469996,2026-04-04T00:54:52.743378,122273.259,1,0.017,0.145,2.185,0.245,0.108,0.08127999999999999,0.0,3,0.092,0.158,0.42,0.038,0.1585,0.021050000000000003,0.0,1,0.056,0.107,0.233,0.028,0.108,0.01722,0.0,42767.982834,41624.490478,779,25862.457202,25750.922545,0,0.0,0.0,0.0,0.26,0.0,0.26,2000.0,1255.688,16199.059,7.752
780,2026-04-04T00:54:54.747684,2026-04-04T00:56:57.714759,122966.865,1,0.019,0.139,1.852,0.228,0.106,0.06938000000000001,0.0,3,0.093,0.152,0.214,0.02,0.1555,0.014770000000000004,0.0,1,0.063,0.109,0.215,0.022,0.109,0.013620000000000002,0.0,42528.798466,38959.332419,51,24874.494951,24769.22828,3,0.0,0.0,0.0,0.781,0.26,0.521,2000.0,1266.664,16199.059,7.819
781,2026-04-04T00:56:59.716714,2026-04-04T00:59:03.820268,124103.387,1,0.066,0.104,0.177,0.017,0.106,0.012530000000000001,0.0,3,0.096,0.156,0.318,0.03,0.157,0.019360000000000002,0.0,1,0.037,0.108,0.154,0.019,0.1105,0.013640000000000001,0.0,43850.272578,43667.928664,503,26234.639574,25935.855546,1990,0.0,0.0,0.0,0.262,0.262,0.0,2000.0,1263.141,16199.059,7.798
782,2026-04-04T00:59:05.823733,2026-04-04T01:01:07.147930,121324.072,1,0.062,0.107,0.203,0.025,0.106,0.01821,0.0,3,0.092,0.154,0.298,0.03,0.153,0.01939,0.0,1,0.043,0.11,0.323,0.031,0.109,0.01585,0.0,42152.308386,41963.658664,54,21028.037798,20926.381115,45,0.0,0.0,0.0,0.521,0.26,0.26,2000.0,1256.879,16199.059,7.759
783,2026-04-04T01:01:09.150602,2026-04-04T01:03:07.867659,118716.852,1,0.063,0.111,0.402,0.045,0.108,0.020470000000000002,0.0,3,0.093,0.157,0.248,0.025,0.158,0.01616,0.0,1,0.068,0.106,0.153,0.017,0.107,0.01268,0.0,42360.79912,42161.681405,148,24041.632724,23937.530262,1536,0.0,0.0,0.0,0.0,0.0,0.0,2000.0,1238.832,16199.059,7.648
784,2026-04-04T01:03:09.868018,2026-04-04T01:05:14.967860,125099.617,1,0.063,0.117,0.984,0.093,0.1085,0.027250000000000003,0.0,3,0.095,0.17,0.95,0.089,0.159,0.031540000000000006,0.0,1,0.062,0.108,0.163,0.017,0.11,0.01267,0.0,41248.460485,39241.865404,2,29280.644446,29149.928506,398,0.0,0.0,0.0,0.0,0.0,0.0,2000.0,1262.801,16199.059,7.796
785,2026-04-04T01:05:16.968444,2026-04-04T01:07:16.380257,119411.63,1,0.055,0.103,0.185,0.019,0.1055,0.013810000000000001,0.0,3,0.097,0.17,0.515,0.063,0.162,0.030150000000000003,0.0,1,0.068,0.108,0.153,0.016,0.1095,0.010910000000000001,0.0,44469.538045,44277.883773,103,25472.27893,23184.306274,0,0.0,0.0,0.0,0.519,0.0,0.519,2000.0,1257.156,16199.059,7.761
786,2026-04-04T01:07:18.383486,2026-04-04T01:09:19.535283,121151.616,1,0.015,0.188,8.345,0.82,0.109,0.16299999999999998,0.0,3,0.094,0.158,0.27,0.028,0.16,0.019080000000000003,0.0,1,0.07,0.11,0.383,0.033,0.1095,0.01759,0.0,41667.273879,41505.031422,48,25391.815349,24293.729392,0,0.0,0.0,0.0,0.261,0.0,0.261,2000.0,1240.387,16199.059,7.657
787,2026-04-04T01:09:21.539955,2026-04-04T01:11:21.500230,119960.086,1,0.061,0.108,0.221,0.023,0.1075,0.01507,0.0,3,0.094,0.156,0.311,0.028,0.16,0.018920000000000003,0.0,1,0.064,0.108,0.154,0.017,0.11,0.01225,0.0,42739.291027,39449.640527,57,22754.14662,21551.494138,0,0.0,0.0,0.0,0.261,0.0,0.261,2000.0,1247.723,16199.059,7.702
788,2026-04-04T01:11:23.505814,2026-04-04T01:13:28.849844,125343.776,1,0.017,0.125,1.931,0.184,0.109,0.04446,0.0,3,0.071,0.156,0.293,0.029,0.1585,0.019420000000000003,0.0,1,0.061,0.108,0.174,0.018,0.11,0.01225,0.0,42910.013157,42725.378423,50,24489.093904,23667.571155,1922,0.0,0.0,0.0,2.652,1.515,1.136,2000.0,1250.637,16199.059,7.72
789,2026-04-04T01:13:30.851820,2026-04-04T01:15:34.326784,123474.896,1,0.036,0.104,0.154,0.017,0.108,0.01284,0.0,3,0.093,0.158,0.467,0.039,0.159,0.020040000000000002,0.0,1,0.017,0.113,0.678,0.065,0.11,0.02441,0.0,42572.104713,42394.261125,55,25660.469361,24736.031362,99,0.0,0.0,0.0,0.0,0.0,0.0,2000.0,1263.762,16199.059,7.801
790,2026-04-04T01:15:36.327294,2026-04-04T01:17:38.823650,122496.097,1,0.063,0.106,0.158,0.016,0.111,0.012440000000000001,0.0,3,0.078,0.156,0.262,0.029,0.16,0.020790000000000003,0.0,1,0.018,0.112,0.795,0.073,0.109,0.022690000000000002,0.0,42367.7069,39313.763955,5,25074.666045,24963.589891,55,0.0,0.0,0.0,0.0,0.0,0.0,2000.0,1247.066,16199.059,7.698
791,2026-04-04T01:17:40.827216,2026-04-04T01:19:39.412271,118584.926,1,0.063,0.101,0.162,0.016,0.1045,0.011939999999999997,0.0,3,0.079,0.151,0.252,0.027,0.159,0.020250000000000004,0.0,1,0.064,0.104,0.155,0.017,0.108,0.01237,0.0,43457.014262,43271.35491,12,24054.342592,23569.686924,318,0.0,0.0,0.0,0.0,0.0,0.0,2000.0,1242.391,16199.059,7.67
792,2026-04-04T01:19:41.415161,2026-04-04T01:21:43.521947,122106.262,1,0.064,0.111,0.43,0.041,0.109,0.016640000000000002,0.0,3,0.092,0.164,0.995,0.087,0.159,0.027960000000000002,0.0,1,0.064,0.112,0.711,0.062,0.109,0.017950000000000004,0.0,42549.544301,38559.853315,55,16017.147839,15090.286416,1995,0.0,0.0,0.0,0.521,0.0,0.521,2000.0,1265.703,16199.059,7.813
793,2026-04-04T01:21:45.527685,2026-04-04T01:23:44.216335,118688.365,1,0.063,0.119,0.685,0.078,0.107,0.03260999999999999,0.0,3,0.039,0.154,0.246,0.026,0.159,0.017620000000000004,0.0,1,0.063,0.107,0.21,0.019,0.109,0.012260000000000002,0.0,41878.451834,41695.933046,10,25576.824795,25439.619508,6,0.0,0.0,0.0,0.0,0.0,0.0,2000.0,1248.895,16199.059,7.71
794,2026-04-04T01:23:46.221622,2026-04-04T01:25:49.832400,123610.576,1,0.03,0.104,0.212,0.026,0.104,0.018770000000000002,0.0,3,0.078,0.156,0.226,0.025,0.159,0.019110000000000002,0.0,1,0.044,0.113,0.244,0.031,0.11,0.01915,0.0,42706.070221,41476.460372,3,25094.053625,24967.89188,728,0.0,0.0,0.0,0.26,0.0,0.26,2000.0,1241.973,16199.059,7.667
795,2026-04-04T01:25:51.835568,2026-04-04T01:27:51.449642,119613.99,1,0.022,0.103,0.2,0.022,0.105,0.014539999999999999,0.0,3,0.092,0.153,0.35,0.03,0.154,0.019010000000000003,0.0,1,0.022,0.111,0.479,0.043,0.109,0.01844,0.0,39749.196413,39564.014125,53,24681.334993,24584.511537,4,0.0,0.0,0.0,0.262,0.0,0.262,2000.0,1254.145,16199.059,7.742
796,2026-04-04T01:27:53.451251,2026-04-04T01:29:52.668117,119216.741,1,0.029,0.102,0.193,0.02,0.108,0.014010000000000002,0.0,3,0.09,0.153,0.294,0.029,0.1555,0.018390000000000004,0.0,1,0.063,0.109,0.199,0.021,0.1095,0.01491,0.0,41665.707614,41452.557021,54,23330.148758,23238.149948,834,0.0,0.0,0.0,0.781,0.26,0.521,2000.0,1249.473,16199.059,7.713
797,2026-04-04T01:29:54.674442,2026-04-04T01:32:08.279923,133605.252,1,0.023,0.1,0.16,0.017,0.103,0.0124,0.0,3,0.094,0.162,0.271,0.03,0.161,0.02075,0.0,1,0.022,0.11,0.25,0.025,0.109,0.01523,0.0,42507.47868,35531.070496,57,28515.585273,28388.731687,608,0.0,0.0,0.0,0.261,0.0,0.261,2000.0,1257.645,16199.059,7.764
798,2026-04-04T01:32:10.283416,2026-04-04T01:34:10.371846,120088.187,1,0.037,0.104,0.16,0.019,0.106,0.013550000000000001,0.0,3,0.093,0.157,0.271,0.031,0.158,0.021320000000000002,0.0,1,0.056,0.106,0.156,0.016,0.109,0.010820000000000001,0.0,45213.864655,43962.844359,52,16065.723991,15219.708342,136,0.0,0.0,0.0,0.522,0.261,0.261,2000.0,1265.328,16199.059,7.811
799,2026-04-04T01:34:12.373899,2026-04-04T01:36:13.511637,121137.634,1,0.048,0.108,0.301,0.028,0.108,0.01557,0.0,3,0.089,0.16,0.639,0.055,0.157,0.024940000000000004,0.0,1,0.068,0.112,0.431,0.036,0.11,0.016,0.0,44235.651989,43441.453502,4,17163.536036,16278.128619,0,0.0,0.0,0.0,0.262,0.0,0.262,2000.0,1258.105,16199.059,7.767
800,2026-04-04T01:36:15.514068,2026-04-04T01:38:15.759930,120245.712,1,0.045,0.108,0.183,0.022,0.108,0.01409,0.0,3,0.094,0.153,0.212,0.025,0.155,0.01878,0.0,1,0.055,0.107,0.19,0.019,0.109,0.013240000000000002,0.0,41861.133861,41664.669515,58,25703.792186,24332.569001,1075,0.0,0.0,0.0,0.261,0.261,0.0,2000.0,1253.836,16199.059,7.74
801,2026-04-04T01:38:17.762326,2026-04-04T01:40:19.564933,121802.57,1,0.033,0.101,0.292,0.03,0.102,0.01813,0.0,3,0.091,0.161,0.285,0.033,0.1585,0.021050000000000003,0.0,1,0.064,0.108,0.208,0.021,0.109,0.01311,0.0,36717.108253,36543.225939,56,25687.881781,25568.23304,458,0.0,0.0,0.0,0.0,0.0,0.0,2000.0,1260.23,16199.059,7.78
802,2026-04-04T01:40:21.568872,2026-04-04T01:42:27.495851,125926.271,1,0.062,0.109,0.395,0.038,0.107,0.016,0.0,3,0.094,0.157,0.26,0.031,0.158,0.021190000000000004,0.0,1,0.068,0.108,0.197,0.019,0.109,0.011750000000000002,0.0,36682.825205,36511.552117,1,28006.698702,15856.867393,8,0.0,0.0,0.0,0.775,0.517,0.258,2000.0,1244.16,16199.059,7.68
803,2026-04-04T01:42:29.498138,2026-04-04T01:44:31.841319,122342.958,1,0.058,0.1,0.193,0.02,0.099,0.01313,0.0,3,0.098,0.165,0.603,0.067,0.154,0.030400000000000003,0.0,1,0.022,0.162,4.566,0.454,0.11,0.10814000000000001,0.0,40657.536818,40464.746968,52,25417.359163,24754.104522,1,0.0,0.0,0.0,0.262,0.0,0.262,2000.0,1251.852,16199.059,7.728
804,2026-04-04T01:44:33.845046,2026-04-04T01:46:36.178907,122333.665,1,0.063,0.108,0.225,0.023,0.108,0.014870000000000001,0.0,3,0.096,0.158,0.243,0.025,0.159,0.017030000000000003,0.0,1,0.037,0.107,0.183,0.021,0.109,0.014660000000000001,0.0,43478.306255,43293.057633,381,25293.047377,23239.400998,1,0.0,0.0,0.0,0.781,0.0,0.781,2000.0,1248.18,16199.059,7.705
805,2026-04-04T01:46:38.180662,2026-04-04T01:48:41.752332,123571.559,1,0.06,0.107,0.195,0.02,0.1095,0.013430000000000001,0.0,3,0.084,0.158,0.319,0.034,0.1585,0.02289,0.0,1,0.064,0.107,0.17,0.017,0.11,0.012700000000000001,0.0,42331.42596,42133.589983,52,26251.943971,26128.521294,785,0.0,0.0,0.0,0.781,0.0,0.781,2000.0,1251.41,16199.059,7.725
806,2026-04-04T01:48:43.754008,2026-04-04T01:50:52.598701,128844.477,1,0.067,0.108,0.202,0.02,0.11,0.012950000000000001,0.0,3,0.036,0.173,1.842,0.171,0.159,0.04465999999999999,0.0,1,0.065,0.103,0.145,0.012,0.1065,0.009320000000000002,0.0,28213.478592,28094.328465,4,25633.414728,25516.571809,496,0.0,0.0,0.0,0.515,0.0,0.515,2000.0,1251.289,16199.059,7.724
807,2026-04-04T01:50:54.600696,2026-04-04T01:52:59.692117,125091.22,1,0.017,0.108,0.429,0.04,0.108,0.01871,0.0,3,0.092,0.157,0.369,0.032,0.159,0.020050000000000002,0.0,1,0.063,0.108,0.291,0.026,0.108,0.01429,0.0,42889.55061,41172.264437,6,24437.368295,23208.20499,3,0.0,0.0,0.0,0.783,0.261,0.522,2000.0,1244.309,16199.059,7.681
808,2026-04-04T01:53:01.695200,2026-04-04T01:55:05.668806,123973.441,1,0.065,0.11,0.432,0.036,0.11,0.014710000000000003,0.0,3,0.096,0.154,0.264,0.024,0.1555,0.016030000000000003,0.0,1,0.068,0.112,0.339,0.034,0.11,0.019710000000000002,0.0,43244.382125,39362.443812,95,24917.646564,23153.33122,0,0.0,0.0,0.0,0.522,0.0,0.522,2000.0,1262.129,16199.059,7.791
809,2026-04-04T01:55:07.671201,2026-04-04T01:57:12.059548,124388.175,1,0.06,0.108,0.416,0.036,0.1085,0.01755,0.0,3,0.084,0.157,0.47,0.041,0.159,0.022130000000000004,0.0,1,0.065,0.108,0.251,0.022,0.11,0.013980000000000001,0.0,42084.673689,40779.880783,909,25096.031436,23712.773819,1794,0.0,0.0,0.0,0.521,0.26,0.26,2000.0,1255.742,16199.059,7.752
810,2026-04-04T01:57:14.061855,2026-04-04T01:59:16.475652,122413.549,1,0.067,0.106,0.196,0.019,0.1075,0.0123,0.0,3,0.09,0.154,0.283,0.03,0.158,0.020100000000000003,0.0,1,0.063,0.106,0.206,0.019,0.107,0.012230000000000001,0.0,42429.770759,42235.768897,55,26263.613879,23893.775095,2,0.0,0.0,0.0,0.262,0.262,0.0,2000.0,1249.684,16199.059,7.715
811,2026-04-04T01:59:18.478609,2026-04-04T02:01:21.019314,122540.62,1,0.032,0.107,0.36,0.033,0.108,0.016460000000000002,0.0,3,0.097,0.155,0.277,0.031,0.1575,0.020670000000000004,0.0,1,0.065,0.107,0.156,0.016,0.109,0.01178,0.0,41125.269865,40927.915822,240,27670.239835,26612.370598,1212,0.0,0.0,0.0,0.522,0.261,0.261,2000.0,1258.879,16199.059,7.771
812,2026-04-04T02:01:23.019731,2026-04-04T02:03:11.463890,108444.077,1,0.064,0.105,0.197,0.021,0.108,0.015600000000000001,0.0,3,0.074,0.161,0.269,0.032,0.161,0.02075,0.0,1,0.059,0.106,0.167,0.017,0.11,0.011880000000000002,0.0,31291.332757,31144.21705,847,,,,0.0,0.0,0.0,0.524,0.262,0.262,2000.0,1257.719,16199.059,7.764
813,2026-04-04T02:03:13.470042,2026-04-04T02:05:15.554029,122083.755,1,0.065,0.109,0.658,0.058,0.105,0.0207,0.0,3,0.097,0.158,0.398,0.038,0.1585,0.023340000000000003,0.0,1,0.061,0.107,0.199,0.017,0.11,0.011720000000000001,0.0,43185.381486,42999.820088,9,24920.503988,24805.372001,47,0.0,0.0,0.0,0.26,0.0,0.26,2000.0,1241.086,16199.059,7.661
814,2026-04-04T02:05:17.555968,2026-04-04T02:07:20.116529,122560.462,1,0.035,0.103,0.223,0.021,0.107,0.013770000000000001,0.0,3,0.086,0.159,0.426,0.044,0.159,0.02299,0.0,1,0.065,0.111,0.157,0.019,0.112,0.01383,0.0,36895.26506,36736.665534,95,23085.699027,22987.064944,454,0.0,0.0,0.0,0.0,0.0,0.0,2000.0,1260.293,16199.059,7.78
815,2026-04-04T02:07:22.119523,2026-04-04T02:09:27.484498,125364.863,1,0.063,0.11,0.587,0.055,0.1055,0.02074,0.0,3,0.097,0.166,1.226,0.111,0.155,0.03355,0.0,1,0.049,0.112,0.459,0.04,0.1105,0.01762,0.0,40162.003716,39576.853201,900,24669.581209,21669.793397,943,0.0,0.0,0.0,0.262,0.0,0.262,2000.0,1255.105,16199.059,7.748
816,2026-04-04T02:09:30.232124,2026-04-04T02:11:44.156034,133923.633,1,0.064,0.105,0.153,0.017,0.106,0.011090000000000001,0.0,3,0.092,0.154,0.219,0.026,0.1565,0.01856,0.0,1,0.018,0.115,0.799,0.074,0.1065,0.026170000000000002,0.0,42635.833231,41224.330833,5,20318.506166,17582.580678,2,0.0,0.0,0.0,0.261,0.0,0.261,2000.0,1248.012,16199.059,7.704
817,2026-04-04T02:11:46.157292,2026-04-04T02:13:53.652279,127494.9,1,0.048,0.106,0.207,0.022,0.1075,0.014580000000000001,0.0,3,0.028,0.23,7.253,0.709,0.157,0.15546000000000001,0.0,1,0.054,0.106,0.2,0.021,0.1085,0.01454,0.0,40071.963668,39388.834108,6,25559.487928,25447.133838,0,0.0,0.0,0.0,1.124,0.375,0.749,2000.0,1262.691,16199.059,7.795
818,2026-04-04T02:13:55.655311,2026-04-04T02:16:04.468249,128812.83,1,0.048,0.103,0.188,0.018,0.1055,0.01276,0.0,3,0.079,0.164,0.369,0.036,0.161,0.022760000000000002,0.0,1,0.033,0.107,0.154,0.017,0.109,0.012080000000000002,0.0,44246.123368,44026.087344,3,24343.420747,24229.252136,271,0.0,0.0,0.0,0.261,0.0,0.261,2000.0,1274.879,16199.059,7.87
819,2026-04-04T02:16:06.470971,2026-04-04T02:18:05.487050,119015.543,1,0.054,0.106,0.188,0.021,0.1055,0.01443,0.0,3,0.084,0.159,0.486,0.041,0.1595,0.02134,0.0,1,0.045,0.106,0.194,0.021,0.108,0.01427,0.0,43443.165612,43257.345811,100,21912.002833,21814.118621,1698,0.0,0.0,0.0,0.0,0.0,0.0,2000.0,1243.57,16199.059,7.677
820,2026-04-04T02:18:07.487665,2026-04-04T02:20:09.107070,121619.322,1,0.051,0.108,0.402,0.036,0.1065,0.017490000000000002,0.0,3,0.082,0.169,1.121,0.103,0.161,0.03298,0.0,1,0.064,0.105,0.164,0.019,0.106,0.014260000000000002,0.0,44881.486996,44689.044737,56,10355.023234,10306.460467,230,0.0,0.0,0.0,0.0,0.0,0.0,2000.0,1255.598,16199.059,7.751
821,2026-04-04T02:20:11.114206,2026-04-04T02:22:10.427761,119313.337,1,0.061,0.112,0.369,0.038,0.108,0.019860000000000003,0.0,3,0.09,0.155,0.288,0.03,0.1575,0.019880000000000002,0.0,1,0.026,0.107,0.188,0.019,0.1085,0.01322,0.0,42982.862038,39808.415932,3,22930.024912,22822.526495,724,0.0,0.0,0.0,1.039,0.0,1.039,2000.0,1262.684,16199.059,7.795
822,2026-04-04T02:22:12.432003,2026-04-04T02:24:14.972817,122540.575,1,0.052,0.105,0.162,0.016,0.109,0.011650000000000002,0.0,3,0.058,0.154,0.258,0.032,0.1575,0.02314,0.0,1,0.047,0.106,0.161,0.019,0.11,0.013270000000000002,0.0,41782.106487,39821.888636,52,24234.944605,24128.394686,48,0.0,0.0,0.0,0.521,0.0,0.521,2000.0,1260.348,16199.059,7.78
823,2026-04-04T02:24:16.975216,2026-04-04T02:26:19.322542,122347.07,1,0.056,0.105,0.225,0.022,0.106,0.01395,0.0,3,0.082,0.156,0.267,0.031,0.16,0.02075,0.0,1,0.057,0.109,0.217,0.022,0.1085,0.01362,0.0,42075.042766,41896.860108,48,25617.056625,25511.817372,1197,0.0,0.0,0.0,0.26,0.0,0.26,2000.0,1248.484,16199.059,7.707
824,2026-04-04T02:26:21.323616,2026-04-04T02:28:34.421893,133098.115,1,0.015,0.108,0.306,0.03,0.109,0.01601,0.0,3,0.094,0.167,0.437,0.048,0.1555,0.03019000000000001,0.0,1,0.069,0.115,0.473,0.043,0.111,0.01917,0.0,39301.748381,39128.814116,54,29474.607689,28631.095556,1690,0.0,0.0,0.0,0.0,0.0,0.0,2000.0,1267.508,16199.059,7.825
825,2026-04-04T02:28:36.425804,2026-04-04T02:30:38.554853,122128.918,1,0.034,0.105,0.512,0.044,0.104,0.01648,0.0,3,0.094,0.151,0.265,0.027,0.1535,0.019540000000000002,0.0,1,0.054,0.102,0.155,0.018,0.1065,0.013260000000000001,0.0,43986.890128,41554.400484,7,24477.91011,24376.001012,1164,0.0,0.0,0.0,0.261,0.0,0.261,2000.0,1252.824,16199.059,7.734
826,2026-04-04T02:30:40.560402,2026-04-04T02:32:43.136865,122576.259,1,0.064,0.109,0.203,0.022,0.109,0.014150000000000001,0.0,3,0.041,0.172,1.617,0.154,0.1565,0.04852999999999999,0.0,1,0.042,0.109,0.291,0.03,0.1095,0.016450000000000003,0.0,43752.514655,42692.98326,4,26385.326882,26267.233856,0,0.0,0.0,0.0,0.0,0.0,0.0,2000.0,1244.371,16199.059,7.682
827,2026-04-04T02:32:45.140368,2026-04-04T02:34:37.303839,112163.336,1,0.064,0.11,0.663,0.059,0.106,0.02044,0.0,3,0.032,0.152,0.361,0.037,0.157,0.022160000000000003,0.0,1,0.066,0.112,0.371,0.035,0.1095,0.01644,0.0,35583.969844,35425.822923,148,,,,0.0,0.0,0.0,0.0,0.0,0.0,2000.0,1254.473,16199.059,7.744
828,2026-04-04T02:34:39.306504,2026-04-04T02:36:42.403702,123096.974,1,0.03,0.102,0.15,0.02,0.108,0.014730000000000002,0.0,3,0.094,0.171,1.233,0.117,0.1545,0.042940000000000006,0.0,1,0.048,0.108,0.16,0.019,0.109,0.013760000000000001,0.0,44112.173202,43195.225361,58,26024.425573,24547.753523,4,0.0,0.0,0.0,0.521,0.0,0.521,2000.0,1251.93,16199.059,7.728
829,2026-04-04T02:36:44.406156,2026-04-04T02:38:46.173610,121767.371,1,0.037,0.103,0.147,0.017,0.106,0.01247,0.0,3,0.068,0.156,0.575,0.049,0.1575,0.022080000000000002,0.0,1,0.039,0.112,0.385,0.042,0.108,0.01964,0.0,41996.48287,41820.772997,52,22802.479294,22708.099088,0,0.0,0.0,0.0,0.261,0.0,0.261,2000.0,1252.469,16199.059,7.732
830,2026-04-04T02:38:48.177145,2026-04-04T02:40:53.679727,125502.377,1,0.032,0.108,0.256,0.026,0.109,0.01855,0.0,3,0.078,0.152,0.692,0.064,0.149,0.03574,0.0,1,0.05,0.091,0.141,0.021,0.093,0.01719,0.0,40710.953291,40540.505169,60,22238.874771,22142.209362,91,0.0,0.0,0.0,0.0,0.0,0.0,2000.0,1253.344,16199.059,7.737
831,2026-04-04T02:40:55.683357,2026-04-04T02:43:01.578510,125894.921,1,0.062,0.112,0.297,0.03,0.11,0.015870000000000002,0.0,3,0.089,0.158,0.262,0.032,0.1595,0.02117,0.0,1,0.064,0.108,0.2,0.018,0.111,0.012850000000000002,0.0,43038.079438,39211.704912,51,23639.033519,23539.528562,640,0.0,0.0,0.0,0.262,0.0,0.262,2000.0,1247.059,16199.059,7.698
832,2026-04-04T02:43:03.583741,2026-04-04T02:45:15.260969,131677.068,1,0.05,0.103,0.151,0.019,0.105,0.01443,0.0,3,0.087,0.158,0.245,0.027,0.161,0.017490000000000002,0.0,1,0.043,0.107,0.178,0.02,0.1095,0.01374,0.0,41486.801574,39907.211117,3,26280.425224,26163.01972,2171,0.0,0.0,0.0,0.0,0.0,0.0,2000.0,1267.883,16199.059,7.827
833,2026-04-04T02:45:17.265366,2026-04-04T02:47:11.992247,114726.688,1,0.036,0.109,0.592,0.054,0.106,0.02042,0.0,3,0.095,0.151,0.192,0.02,0.1575,0.015670000000000003,0.0,1,0.069,0.114,0.653,0.057,0.11,0.017780000000000004,0.0,35837.599786,35394.928078,50,,,,0.0,0.0,0.0,0.261,0.0,0.261,2000.0,1259.285,16199.059,7.774
834,2026-04-04T02:47:13.995352,2026-04-04T02:49:14.720054,120724.494,1,0.046,0.113,0.428,0.049,0.109,0.02136,0.0,3,0.086,0.163,0.308,0.039,0.1625,0.023960000000000002,0.0,1,0.048,0.114,0.436,0.041,0.113,0.01776,0.0,42321.848739,42142.273984,867,25186.904624,23924.723941,0,0.0,0.0,0.0,0.0,0.0,0.0,2000.0,1252.008,16199.059,7.729
835,2026-04-04T02:49:16.722457,2026-04-04T02:51:18.192929,121470.198,1,0.068,0.106,0.158,0.019,0.107,0.014490000000000001,0.0,3,0.096,0.159,0.288,0.032,0.1575,0.021540000000000004,0.0,1,0.067,0.112,0.161,0.017,0.112,0.01202,0.0,34392.347935,34234.826985,336,23331.561266,23226.765112,720,0.0,0.0,0.0,0.521,0.0,0.521,2000.0,1244.148,16199.059,7.68
836,2026-04-04T02:51:20.195742,2026-04-04T02:53:23.916866,123721.04,1,0.018,0.102,0.294,0.029,0.1025,0.01624,0.0,3,0.095,0.154,0.388,0.036,0.155,0.019710000000000002,0.0,1,0.044,0.107,0.163,0.018,0.11,0.012110000000000003,0.0,8952.608494,8513.69247,450,24924.216165,24816.394398,1670,0.0,0.0,0.0,0.962,0.321,0.641,2000.0,1263.711,16199.059,7.801
837,2026-04-04T02:53:25.921414,2026-04-04T02:55:41.020866,135099.375,1,0.016,0.109,0.431,0.041,0.107,0.01888,0.0,3,0.092,0.155,0.296,0.027,0.156,0.017200000000000003,0.0,1,0.019,0.105,0.185,0.023,0.11,0.015380000000000001,0.0,42073.83852,41898.390041,7,25710.389339,23814.099946,1,0.0,0.0,0.0,0.521,0.0,0.521,2000.0,1264.316,16199.059,7.805
838,2026-04-04T02:55:43.024951,2026-04-04T02:57:50.941995,127916.86,1,0.065,0.108,0.417,0.035,0.109,0.01515,0.0,3,0.036,0.21,3.88,0.397,0.159,0.10833,0.0,1,0.064,0.11,0.389,0.033,0.109,0.015430000000000001,0.0,40428.95028,37323.851458,4,21539.209306,21452.740946,0,0.0,0.0,0.0,0.262,0.0,0.262,2000.0,1259.57,16199.059,7.776
839,2026-04-04T02:57:52.945436,2026-04-04T02:59:53.528322,120582.694,1,0.057,0.112,0.406,0.047,0.109,0.02067,0.0,3,0.08,0.152,0.217,0.021,0.1575,0.014950000000000003,0.0,1,0.064,0.107,0.152,0.014,0.1105,0.010810000000000002,0.0,40775.747207,40591.33437,4,23724.767409,22272.344459,2,0.0,0.0,0.0,0.521,0.26,0.26,2000.0,1253.793,16199.059,7.74
840,2026-04-04T02:59:55.529349,2026-04-04T03:01:56.507655,120978.131,1,0.065,0.106,0.278,0.025,0.1065,0.014960000000000001,0.0,3,0.092,0.16,0.607,0.051,0.1565,0.021990000000000003,0.0,1,0.051,0.103,0.182,0.018,0.107,0.013450000000000002,0.0,42468.243847,42270.877403,100,25135.624342,25028.976931,0,0.0,0.0,0.0,0.0,0.0,0.0,2000.0,1248.656,16199.059,7.708
841,2026-04-04T03:01:58.527357,2026-04-04T03:04:06.562791,128035.083,1,0.047,0.102,0.15,0.017,0.107,0.012660000000000001,0.0,3,0.091,0.157,0.251,0.03,0.159,0.020110000000000003,0.0,1,0.017,0.127,1.621,0.17,0.1055,0.05093,0.0,43808.256591,40224.894944,7,,,,0.0,0.0,0.0,0.779,0.26,0.519,2000.0,1268.219,16199.059,7.829
842,2026-04-04T03:04:08.563217,2026-04-04T03:06:16.008288,127445.023,1,0.063,0.105,0.183,0.019,0.105,0.01336,0.0,3,0.091,0.151,0.428,0.049,0.1505,0.02776,0.0,1,0.042,0.104,0.169,0.022,0.1055,0.01842,0.0,42119.406956,41946.143494,320,6082.98086,3371.768441,1,0.0,0.0,0.0,0.521,0.0,0.521,2000.0,1246.422,16199.059,7.694
843,2026-04-04T03:06:18.012769,2026-04-04T03:08:22.522415,124509.499,1,0.02,0.103,0.167,0.022,0.1075,0.01614,0.0,3,0.093,0.154,0.233,0.025,0.158,0.017800000000000003,0.0,1,0.06,0.109,0.197,0.022,0.11,0.014330000000000002,0.0,42946.235198,42763.627198,50,24835.070562,22609.110393,373,0.0,0.0,0.0,0.26,0.0,0.26,2000.0,1256.809,16199.059,7.759
844,2026-04-04T03:08:24.525657,2026-04-04T03:10:32.300377,127774.506,1,0.047,0.186,5.313,0.539,0.11,0.15223,0.0,3,0.05,0.157,0.298,0.036,0.159,0.022230000000000003,0.0,1,0.028,0.11,0.352,0.034,0.11,0.01827,0.0,41872.301184,41691.553395,482,28028.100468,27886.032303,976,0.0,0.0,0.0,0.0,0.0,0.0,2000.0,1256.965,16199.059,7.759
845,2026-04-04T03:10:34.303939,2026-04-04T03:12:39.630298,125326.27,1,0.07,0.111,0.214,0.022,0.11,0.013890000000000001,0.0,3,0.046,0.157,0.482,0.051,0.156,0.022640000000000004,0.0,1,0.064,0.109,0.173,0.017,0.109,0.0121,0.0,42228.783335,42048.125641,50,20791.227769,20696.502251,91,0.0,0.0,0.0,0.26,0.0,0.26,2000.0,1246.344,16199.059,7.694
846,2026-04-04T03:12:41.635382,2026-04-04T03:14:57.738349,136102.757,1,0.051,0.105,0.247,0.026,0.105,0.01535,0.0,3,0.096,0.196,2.279,0.29,0.158,0.08445,0.0,1,0.044,0.105,0.164,0.017,0.11,0.012230000000000001,0.0,41464.764467,41290.034117,8,24896.677922,22916.873012,0,0.0,0.0,0.0,0.783,0.261,0.522,2000.0,1251.629,16199.059,7.727
847,2026-04-04T03:14:59.741733,2026-04-04T03:17:03.959179,124217.241,1,0.063,0.104,0.151,0.014,0.1075,0.010950000000000001,0.0,3,0.073,0.152,0.278,0.027,0.1585,0.018730000000000004,0.0,1,0.022,0.122,0.75,0.09,0.106,0.0397,0.0,41684.669289,41393.552934,5,23953.444982,23852.749162,0,0.0,0.0,0.0,0.261,0.0,0.261,2000.0,1255.742,16199.059,7.752
848,2026-04-04T03:17:05.963636,2026-04-04T03:19:14.527731,128563.899,1,0.051,0.103,0.146,0.018,0.106,0.013710000000000002,0.0,3,0.07,0.154,0.26,0.03,0.1555,0.022910000000000003,0.0,1,0.02,0.132,1.811,0.179,0.11,0.050280000000000005,0.0,42075.002203,41899.991688,6,22555.404655,22115.461133,1,0.0,0.0,0.0,0.781,0.0,0.781,2000.0,1253.0,16199.059,7.735
849,2026-04-04T03:19:16.531605,2026-04-04T03:21:24.483940,127952.261,1,0.068,0.105,0.15,0.015,0.107,0.01107,0.0,3,0.05,0.168,0.471,0.063,0.162,0.03264,0.0,1,0.066,0.117,0.421,0.045,0.112,0.019870000000000002,0.0,35223.213495,32120.817725,356,23940.772875,21973.861112,0,0.0,0.0,0.0,0.0,0.0,0.0,2000.0,1257.785,16199.059,7.765
850,2026-04-04T03:21:26.486015,2026-04-04T03:23:37.960075,131473.817,1,0.017,0.105,0.162,0.023,0.108,0.01511,0.0,3,0.09,0.158,0.258,0.03,0.1605,0.020720000000000002,0.0,1,0.024,0.108,0.185,0.021,0.1095,0.01367,0.0,43238.999974,43023.409393,4,24589.044286,23121.015831,271,0.0,0.0,0.0,0.0,0.0,0.0,2000.0,1260.234,16199.059,7.78
851,2026-04-04T03:23:39.966191,2026-04-04T03:25:42.091283,122124.877,1,0.067,0.108,0.339,0.029,0.108,0.0146,0.0,3,0.074,0.154,0.405,0.038,0.1555,0.023080000000000003,0.0,1,0.067,0.108,0.224,0.024,0.1075,0.014480000000000002,0.0,42121.247131,41943.628888,10,24103.254963,24002.740196,138,0.0,0.0,0.0,0.521,0.0,0.521,2000.0,1255.016,16199.059,7.747
852,2026-04-04T03:25:44.094530,2026-04-04T03:27:57.383852,133289.122,1,0.047,0.105,0.231,0.024,0.1065,0.014400000000000001,0.0,3,0.058,0.16,0.596,0.05,0.158,0.020890000000000002,0.0,1,0.036,0.114,0.437,0.037,0.112,0.015500000000000002,0.0,43257.348701,43074.860051,58,23144.479739,23046.257419,135,0.0,0.0,0.0,0.522,0.261,0.261,2000.0,1259.285,16199.059,7.774
853,2026-04-04T03:27:59.647571,2026-04-04T03:30:14.646285,134998.547,1,0.043,0.107,0.176,0.018,0.109,0.012050000000000002,0.0,3,0.076,0.154,0.277,0.031,0.159,0.021500000000000002,0.0,1,0.045,0.124,0.854,0.107,0.107,0.04063,0.0,42565.718012,42376.022758,10,21632.536888,18647.291995,45,0.0,0.0,0.0,0.0,0.0,0.0,2000.0,1244.594,16199.059,7.683
854,2026-04-04T03:30:16.649247,2026-04-04T03:32:16.583807,119934.393,1,0.06,0.104,0.215,0.02,0.105,0.013080000000000001,0.0,3,0.091,0.157,0.286,0.03,0.156,0.019490000000000004,0.0,1,0.065,0.108,0.3,0.026,0.109,0.01339,0.0,40001.899305,37552.035215,2,,,,0.0,0.0,0.0,0.261,0.0,0.261,2000.0,1261.027,16199.059,7.785
855,2026-04-04T03:32:18.586392,2026-04-04T03:34:24.036165,125449.579,1,0.055,0.117,1.251,0.115,0.108,0.028470000000000002,0.0,3,0.096,0.153,0.361,0.03,0.157,0.018120000000000004,0.0,1,0.069,0.112,0.321,0.026,0.112,0.012910000000000001,0.0,30951.150154,30824.329249,956,23384.202178,23268.574103,534,0.0,0.0,0.0,0.522,0.261,0.261,2000.0,1247.383,16199.059,7.7
856,2026-04-04T03:34:26.040235,2026-04-04T03:36:32.939411,126898.964,1,0.039,0.105,0.424,0.036,0.1065,0.015470000000000001,0.0,3,0.094,0.155,0.252,0.026,0.1605,0.019440000000000002,0.0,1,0.036,0.11,0.268,0.026,0.11,0.01558,0.0,41136.61101,37817.47201,3,25802.591871,25673.195109,0,0.0,0.0,0.0,0.779,0.26,0.519,2000.0,1248.086,16199.059,7.705
857,2026-04-04T03:36:34.942774,2026-04-04T03:38:41.839394,126896.365,1,0.041,0.104,0.152,0.018,0.1075,0.013470000000000001,0.0,3,0.069,0.159,0.371,0.037,0.159,0.019220000000000004,0.0,1,0.051,0.117,0.493,0.056,0.111,0.02365,0.0,42432.032198,42244.036252,6,19857.954208,18489.398973,1,0.0,0.0,0.0,0.779,0.26,0.519,2000.0,1253.578,16199.059,7.739
858,2026-04-04T03:38:43.843228,2026-04-04T03:40:44.255796,120412.385,1,0.038,0.105,0.173,0.019,0.106,0.01286,0.0,3,0.063,0.156,0.414,0.045,0.1555,0.024530000000000003,0.0,1,0.041,0.108,0.22,0.025,0.1095,0.01616,0.0,42501.672707,42319.224648,9,26069.801361,25950.758334,366,0.0,0.0,0.0,0.0,0.0,0.0,2000.0,1263.262,16199.059,7.798
859,2026-04-04T03:40:46.258799,2026-04-04T03:42:51.861940,125603.05,1,0.066,0.107,0.399,0.034,0.105,0.01549,0.0,3,0.036,0.167,1.179,0.121,0.158,0.038990000000000004,0.0,1,0.035,0.109,0.188,0.023,0.109,0.01533,0.0,37358.206501,37201.08089,4,24727.205394,22861.963649,541,0.0,0.0,0.0,0.0,0.0,0.0,2000.0,1274.082,16199.059,7.865
860,2026-04-04T03:42:53.863831,2026-04-04T03:44:56.915838,123051.784,1,0.061,0.107,0.223,0.022,0.108,0.0146,0.0,3,0.093,0.156,0.244,0.027,0.1575,0.01836,0.0,1,0.065,0.11,0.215,0.02,0.11,0.01293,0.0,44966.81392,44757.670493,11,26013.169942,23817.89166,688,0.0,0.0,0.0,0.26,0.26,0.0,2000.0,1255.094,16199.059,7.748
861,2026-04-04T03:44:58.918183,2026-04-04T03:47:04.212713,125294.26,1,0.068,0.109,0.322,0.034,0.107,0.01805,0.0,3,0.094,0.151,0.51,0.043,0.153,0.02135,0.0,1,0.022,0.109,0.206,0.021,0.111,0.013670000000000002,0.0,41862.539988,41686.840884,68,23267.660988,23171.206329,0,0.0,0.0,0.0,0.26,0.0,0.26,2000.0,1234.953,16199.059,7.624
862,2026-04-04T03:47:06.216048,2026-04-04T03:49:06.367636,120151.245,1,0.068,0.107,0.164,0.017,0.109,0.012280000000000001,0.0,3,0.092,0.165,0.57,0.058,0.161,0.02376,0.0,1,0.02,0.104,0.159,0.019,0.1085,0.013960000000000002,0.0,42135.455504,41951.554903,9,18771.859833,18690.825499,1138,0.0,0.0,0.0,0.521,0.0,0.521,2000.0,1253.137,16199.059,7.736
863,2026-04-04T03:49:08.369405,2026-04-04T03:51:18.319769,129950.106,1,0.063,0.106,0.234,0.023,0.107,0.014620000000000001,0.0,3,0.034,0.148,0.331,0.042,0.1525,0.027420000000000003,0.0,1,0.04,0.113,0.704,0.062,0.109,0.019590000000000003,0.0,37176.737226,35289.554547,3,25504.930102,25395.786796,0,0.0,0.0,0.0,0.519,0.0,0.519,2000.0,1255.57,16199.059,7.751
864,2026-04-04T03:51:20.325591,2026-04-04T03:53:20.519689,120193.877,1,0.058,0.11,0.257,0.029,0.107,0.01634,0.0,3,0.091,0.159,0.464,0.041,0.1585,0.020940000000000004,0.0,1,0.065,0.111,0.369,0.032,0.109,0.01701,0.0,45466.218299,45262.323906,99,24488.313738,23493.637226,316,0.0,0.0,0.0,0.0,0.0,0.0,2000.0,1260.969,16199.059,7.784
865,2026-04-04T03:53:22.520386,2026-04-04T03:55:25.926054,123405.588,1,0.016,0.125,1.224,0.14,0.108,0.04591,0.0,3,0.088,0.152,0.22,0.025,0.16,0.018460000000000004,0.0,1,0.061,0.113,0.193,0.02,0.113,0.01327,0.0,43442.896268,39987.875579,100,22304.958484,22202.353631,1188,0.0,0.0,0.0,0.0,0.0,0.0,2000.0,1262.059,16199.059,7.791
866,2026-04-04T03:55:27.930162,2026-04-04T03:57:32.917129,124986.785,1,0.049,0.106,0.219,0.021,0.109,0.014530000000000001,0.0,3,0.097,0.161,0.453,0.04,0.1595,0.021070000000000002,0.0,1,0.021,0.107,0.168,0.02,0.11,0.01298,0.0,44960.089071,41603.582951,425,25095.032374,23720.014445,1,0.0,0.0,0.0,0.26,0.0,0.26,2000.0,1243.762,16199.059,7.678
867,2026-04-04T03:57:34.920745,2026-04-04T03:59:37.134827,122213.925,1,0.062,0.106,0.187,0.019,0.1075,0.012920000000000001,0.0,3,0.093,0.156,0.266,0.028,0.1575,0.017950000000000004,0.0,1,0.027,0.106,0.158,0.021,0.1095,0.0149,0.0,41702.807669,41533.269304,399,20303.886618,20223.332152,8,0.0,0.0,0.0,0.521,0.0,0.521,2000.0,1254.641,16199.059,7.745
868,2026-04-04T03:59:39.135868,2026-04-04T04:01:40.327143,121191.019,1,0.064,0.104,0.216,0.018,0.106,0.011680000000000001,0.0,3,0.056,0.176,1.837,0.169,0.16,0.04428999999999999,0.0,1,0.064,0.111,0.197,0.02,0.111,0.01268,0.0,42377.770856,42005.109083,98,25375.607733,23862.095925,1064,0.0,0.0,0.0,0.262,0.0,0.262,2000.0,1250.613,16199.059,7.72
869,2026-04-04T04:01:42.327865,2026-04-04T04:03:40.961187,118633.07,1,0.068,0.107,0.154,0.017,0.1085,0.01132,0.0,3,0.08,0.153,0.284,0.032,0.157,0.02116,0.0,1,0.056,0.113,0.374,0.033,0.111,0.01699,0.0,42321.38549,41623.907255,53,25580.878472,25459.595647,0,0.0,0.0,0.0,0.26,0.0,0.26,2000.0,1258.277,16199.059,7.768
870,2026-04-04T04:03:42.965016,2026-04-04T04:05:43.012418,120047.323,1,0.052,0.105,0.184,0.018,0.105,0.012110000000000001,0.0,3,0.055,0.164,1.433,0.13,0.156,0.03232,0.0,1,0.036,0.112,0.287,0.028,0.1095,0.01506,0.0,42962.084626,42774.666448,55,25269.342427,25162.521204,0,0.0,0.0,0.0,0.261,0.261,0.0,2000.0,1257.559,16199.059,7.763
871,2026-04-04T04:05:45.015443,2026-04-04T04:07:36.634350,111618.65,1,0.063,0.106,0.158,0.017,0.108,0.01277,0.0,3,0.034,0.157,0.317,0.034,0.161,0.020670000000000004,0.0,1,0.052,0.105,0.184,0.016,0.107,0.011140000000000002,0.0,37942.844078,32512.002599,329,,,,0.0,0.0,0.0,0.258,0.0,0.258,2000.0,1255.215,16199.059,7.749
872,2026-04-04T04:07:38.636671,2026-04-04T04:09:40.299680,121662.822,1,0.056,0.104,0.185,0.023,0.115,0.02087,0.0,3,0.092,0.15,0.219,0.024,0.1505,0.01751,0.0,1,0.051,0.119,0.441,0.065,0.1095,0.030659999999999996,0.0,42180.195957,35832.392533,14,26223.789606,24783.731595,0,0.0,0.0,0.0,0.0,0.0,0.0,2000.0,1249.344,16199.059,7.712
873,2026-04-04T04:09:42.302079,2026-04-04T04:11:40.795633,118493.419,1,0.065,0.107,0.175,0.021,0.107,0.01448,0.0,3,0.037,0.156,0.254,0.029,0.1585,0.019410000000000004,0.0,1,0.048,0.106,0.18,0.021,0.108,0.01443,0.0,41649.433442,41470.021506,57,23053.646603,22950.806578,1,0.0,0.0,0.0,0.783,0.261,0.522,2000.0,1270.754,16199.059,7.845
874,2026-04-04T04:11:42.798000,2026-04-04T04:13:41.432792,118634.551,1,0.036,0.104,0.209,0.021,0.1045,0.0135,0.0,3,0.095,0.16,0.478,0.043,0.16,0.022330000000000003,0.0,1,0.053,0.105,0.201,0.02,0.106,0.01391,0.0,40645.389437,40471.364103,62,25424.949296,25107.852259,3,0.0,0.0,0.0,0.0,0.0,0.0,2000.0,1257.266,16199.059,7.761
875,2026-04-04T04:13:43.436019,2026-04-04T04:15:49.423854,125987.62,1,0.017,0.103,0.171,0.02,0.1065,0.014040000000000002,0.0,3,0.095,0.16,0.278,0.031,0.161,0.021540000000000004,0.0,1,0.055,0.11,0.248,0.026,0.111,0.014430000000000002,0.0,41216.476416,37808.903536,54,26353.462671,24853.119876,235,0.0,0.0,0.0,0.261,0.261,0.0,2000.0,1264.133,16199.059,7.804
876,2026-04-04T04:15:51.427721,2026-04-04T04:17:50.323994,118896.046,1,0.034,0.106,0.225,0.023,0.106,0.015309999999999999,0.0,3,0.096,0.16,0.313,0.033,0.1585,0.02032,0.0,1,0.062,0.108,0.17,0.02,0.11,0.01544,0.0,41295.255091,41121.110619,4,23202.495286,23106.90365,1,0.0,0.0,0.0,0.524,0.0,0.524,2000.0,1251.617,16199.059,7.726
877,2026-04-04T04:17:52.330173,2026-04-04T04:19:53.409270,121078.87,1,0.056,0.11,0.855,0.077,0.105,0.02144,0.0,3,0.073,0.155,0.319,0.029,0.1595,0.018370000000000004,0.0,1,0.043,0.106,0.246,0.022,0.1065,0.013920000000000002,0.0,47893.326763,46823.974124,14,26600.921147,25161.505092,758,0.0,0.0,0.0,1.18,0.885,0.295,2000.0,1274.316,16199.059,7.867
878,2026-04-04T04:19:55.412353,2026-04-04T04:22:04.325186,128912.601,1,0.063,0.107,0.188,0.023,0.109,0.01675,0.0,3,0.073,0.159,0.235,0.027,0.161,0.018920000000000003,0.0,1,0.063,0.112,0.424,0.038,0.11,0.016200000000000003,0.0,42022.42081,41826.244336,489,24890.728793,24787.631356,34,0.0,0.0,0.0,0.777,0.259,0.518,2000.0,1252.793,16199.059,7.734
879,2026-04-04T04:22:06.327687,2026-04-04T04:24:12.355281,126027.359,1,0.038,0.105,0.334,0.028,0.1055,0.01339,0.0,3,0.094,0.153,0.224,0.025,0.156,0.01786,0.0,1,0.019,0.109,0.234,0.024,0.111,0.01507,0.0,41260.260235,37639.350217,14,2131.037594,2019.090878,0,0.0,0.0,0.0,0.521,0.0,0.521,2000.0,1256.062,16199.059,7.754
880,2026-04-04T04:24:14.357706,2026-04-04T04:26:11.780613,117422.83,1,0.018,0.123,1.907,0.18,0.105,0.04035,0.0,3,0.029,0.203,4.596,0.444,0.159,0.09933,0.0,1,0.034,0.114,0.549,0.059,0.1085,0.021210000000000003,0.0,38920.90855,38220.559411,51,,,,0.0,0.0,0.0,0.781,0.26,0.521,2000.0,1255.289,16199.059,7.749
881,2026-04-04T04:26:13.785363,2026-04-04T04:28:18.651835,124866.26,1,0.021,0.109,0.231,0.024,0.109,0.015,0.0,3,0.048,0.161,0.625,0.061,0.1605,0.02628,0.0,1,0.029,0.111,0.426,0.039,0.111,0.01675,0.0,42359.538765,40715.190475,102,25402.887983,25296.386642,571,0.0,0.0,0.0,0.524,0.0,0.524,2000.0,1252.902,16199.059,7.734
882,2026-04-04T04:28:20.658185,2026-04-04T04:30:12.683069,112024.555,1,0.066,0.126,1.642,0.158,0.1045,0.04625,0.0,3,0.047,0.158,0.304,0.036,0.1575,0.021330000000000002,0.0,1,0.065,0.108,0.163,0.017,0.112,0.011950000000000002,0.0,41661.700837,38720.322275,506,,,,0.0,0.0,0.0,0.0,0.0,0.0,2000.0,1262.344,16199.059,7.793
883,2026-04-04T04:30:14.689009,2026-04-04T04:32:20.055919,125366.722,1,0.066,0.107,0.19,0.02,0.109,0.013940000000000001,0.0,3,0.035,0.161,0.748,0.078,0.1575,0.03079,0.0,1,0.047,0.109,0.189,0.019,0.1115,0.01225,0.0,17744.075074,15646.673316,2,24054.138601,23961.286956,28,0.0,0.0,0.0,0.519,0.26,0.26,2000.0,1260.691,16199.059,7.782
884,2026-04-04T04:32:22.059365,2026-04-04T04:34:25.908615,123848.995,1,0.041,0.105,0.305,0.026,0.106,0.01493,0.0,3,0.079,0.162,0.333,0.034,0.161,0.021820000000000003,0.0,1,0.039,0.107,0.205,0.021,0.109,0.0137,0.0,32398.621156,31428.206113,5,24156.212345,22857.451584,0,0.0,0.0,0.0,0.519,0.26,0.26,2000.0,1253.625,16199.059,7.739
885,2026-04-04T04:34:27.913192,2026-04-04T04:36:33.036434,125123.011,1,0.06,0.106,0.183,0.018,0.1075,0.01204,0.0,3,0.064,0.156,0.277,0.028,0.159,0.018890000000000004,0.0,1,0.023,0.125,1.201,0.115,0.112,0.034999999999999996,0.0,43756.494519,42436.369996,1,26191.927683,26081.276383,0,0.0,0.0,0.0,1.309,0.262,1.047,2000.0,1253.773,16199.059,7.74
886,2026-04-04T04:36:35.039404,2026-04-04T04:38:38.672564,123633.079,1,0.067,0.107,0.185,0.021,0.1095,0.015540000000000002,0.0,3,0.093,0.16,0.454,0.047,0.1595,0.02612,0.0,1,0.068,0.116,0.982,0.088,0.108,0.022900000000000004,0.0,42303.238275,42137.569457,54,25025.172173,24927.581248,1000,0.0,0.0,0.0,0.519,0.0,0.519,2000.0,1259.719,16199.059,7.776
887,2026-04-04T04:38:40.679855,2026-04-04T04:40:42.120339,121440.294,1,0.067,0.11,0.299,0.029,0.109,0.01552,0.0,3,0.049,0.192,2.785,0.271,0.157,0.07841,0.0,1,0.04,0.111,0.301,0.032,0.108,0.016630000000000002,0.0,43656.930384,39698.047251,230,22052.62278,21959.942963,417,0.0,0.0,0.0,0.262,0.0,0.262,2000.0,1246.461,16199.059,7.695
888,2026-04-04T04:40:44.123442,2026-04-04T04:42:44.676478,120552.959,1,0.067,0.105,0.212,0.017,0.105,0.01054,0.0,3,0.071,0.156,0.449,0.039,0.156,0.019710000000000005,0.0,1,0.063,0.111,0.208,0.022,0.1095,0.01442,0.0,45421.806399,45209.209938,56,24699.04424,24591.514968,186,0.0,0.0,0.0,0.519,0.26,0.26,2000.0,1250.176,16199.059,7.718
889,2026-04-04T04:42:46.683085,2026-04-04T04:44:52.400139,125716.582,1,0.05,0.112,0.681,0.061,0.107,0.022240000000000003,0.0,3,0.039,0.195,4.224,0.408,0.156,0.09022,0.0,1,0.07,0.113,0.273,0.028,0.112,0.016370000000000003,0.0,38533.487475,38370.694532,345,27445.980028,27330.341978,4,0.0,0.0,0.0,1.042,0.521,0.521,2000.0,1262.402,16199.059,7.793
890,2026-04-04T04:44:54.403943,2026-04-04T04:47:00.061578,125657.506,1,0.043,0.104,0.173,0.019,0.107,0.01374,0.0,3,0.079,0.153,0.256,0.031,0.1595,0.023490000000000004,0.0,1,0.044,0.109,0.219,0.024,0.109,0.01476,0.0,40629.914061,40457.461396,3,22335.088107,20614.959049,0,0.0,0.0,0.0,20.408,10.204,10.204,2000.0,1260.789,16199.059,7.783
891,2026-04-04T04:47:02.063964,2026-04-04T04:49:06.520659,124456.514,1,0.044,0.106,0.299,0.027,0.107,0.01641,0.0,3,0.094,0.152,0.259,0.028,0.159,0.02126,0.0,1,0.057,0.107,0.187,0.022,0.108,0.01467,0.0,41705.841893,39348.108732,5,24184.594789,22954.837845,2,0.0,0.0,0.0,0.779,0.0,0.779,2000.0,1254.426,16199.059,7.744
892,2026-04-04T04:49:08.524955,2026-04-04T04:51:14.868951,126343.814,1,0.065,0.111,0.619,0.053,0.108,0.017830000000000002,0.0,3,0.033,0.238,5.746,0.606,0.1575,0.16337,0.0,1,0.061,0.107,0.191,0.017,0.11,0.011560000000000003,0.0,39296.610367,39125.456725,8,25157.666975,25039.753767,2041,0.0,0.0,0.0,0.521,0.0,0.521,2000.0,1252.957,16199.059,7.735
893,2026-04-04T04:51:16.870645,2026-04-04T04:53:16.205932,119335.094,1,0.057,0.108,0.428,0.037,0.107,0.01573,0.0,3,0.093,0.154,0.26,0.028,0.1575,0.019540000000000005,0.0,1,0.045,0.105,0.16,0.017,0.106,0.012140000000000001,0.0,43090.325823,42899.408406,52,26947.724117,26832.101925,0,0.0,0.0,0.0,0.26,0.0,0.26,2000.0,1252.512,16199.059,7.732
894,2026-04-04T04:53:18.209969,2026-04-04T04:55:19.766062,121555.881,1,0.067,0.106,0.184,0.018,0.106,0.01289,0.0,3,0.091,0.212,4.817,0.475,0.156,0.11288,0.0,1,0.063,0.112,0.419,0.035,0.111,0.01488,0.0,43162.649045,42948.52778,193,26012.695501,24181.46416,2,0.0,0.0,0.0,0.26,0.0,0.26,2000.0,1250.582,16199.059,7.72
895,2026-04-04T04:55:21.767851,2026-04-04T04:57:32.155117,130387.172,1,0.017,0.128,2.452,0.236,0.106,0.055510000000000004,0.0,3,0.09,0.162,0.45,0.044,0.161,0.02291,0.0,1,0.055,0.12,0.449,0.051,0.1125,0.024459999999999996,0.0,31767.026332,29533.393722,55,23952.67939,22695.793462,831,0.0,0.0,0.0,0.787,0.262,0.525,2000.0,1262.637,16199.059,7.795
896,2026-04-04T04:57:34.155374,2026-04-04T04:59:36.059800,121904.367,1,0.04,0.104,0.217,0.021,0.106,0.0132,0.0,3,0.095,0.165,0.408,0.041,0.158,0.025630000000000003,0.0,1,0.018,0.117,1.246,0.116,0.11,0.028480000000000005,0.0,41922.907441,41743.070345,8,20957.129186,19438.687166,930,0.0,0.0,0.0,0.0,0.0,0.0,2000.0,1261.012,16199.059,7.784
897,2026-04-04T04:59:38.062537,2026-04-04T05:01:37.991817,119929.065,1,0.037,0.103,0.21,0.024,0.104,0.01663,0.0,3,0.074,0.154,0.254,0.03,0.159,0.021830000000000002,0.0,1,0.061,0.107,0.162,0.016,0.109,0.011300000000000001,0.0,43144.797972,42959.633084,56,17990.337475,17916.70637,46,0.0,0.0,0.0,0.262,0.0,0.262,2000.0,1253.488,16199.059,7.738
898,2026-04-04T05:01:39.994478,2026-04-04T05:03:39.792453,119797.747,1,0.028,0.105,0.194,0.021,0.1065,0.014920000000000001,0.0,3,0.076,0.154,0.464,0.046,0.153,0.023940000000000003,0.0,1,0.053,0.107,0.188,0.019,0.1085,0.012400000000000001,0.0,41609.684385,41414.687813,107,21841.927795,21744.339137,270,0.0,0.0,0.0,0.261,0.0,0.261,2000.0,1251.34,16199.059,7.725
899,2026-04-04T05:03:41.795377,2026-04-04T05:05:46.217335,124421.682,1,0.06,0.107,0.219,0.023,0.107,0.01426,0.0,3,0.05,0.159,0.476,0.044,0.1585,0.024630000000000003,0.0,1,0.066,0.108,0.217,0.024,0.109,0.01533,0.0,41591.231056,41421.929535,102,24007.760102,23904.142033,45,0.0,0.0,0.0,0.777,0.0,0.777,2000.0,1259.914,16199.059,7.778
900,2026-04-04T05:05:48.220853,2026-04-04T05:07:46.828127,118607.107,1,0.06,0.105,0.165,0.019,0.104,0.01426,0.0,3,0.085,0.151,0.48,0.041,0.153,0.021040000000000003,0.0,1,0.044,0.11,0.276,0.026,0.1105,0.01484,0.0,38781.278469,38615.257368,54,26137.009727,26024.097417,0,0.0,0.0,0.0,0.261,0.0,0.261,2000.0,1259.031,16199.059,7.772
901,2026-04-04T05:07:48.829974,2026-04-04T05:09:54.531782,125701.581,1,0.064,0.105,0.2,0.018,0.105,0.012,0.0,3,0.095,0.153,0.226,0.026,0.156,0.018850000000000002,0.0,1,0.064,0.11,0.177,0.018,0.11,0.012560000000000002,0.0,33721.361126,30800.707625,1723,26972.078106,26836.753313,2,0.0,0.0,0.0,0.0,0.0,0.0,2000.0,1268.191,16199.059,7.829
902,2026-04-04T05:09:56.535670,2026-04-04T05:11:59.707630,123171.742,1,0.064,0.112,0.631,0.055,0.107,0.018260000000000002,0.0,3,0.094,0.16,0.313,0.029,0.156,0.0193,0.0,1,0.062,0.112,0.225,0.024,0.111,0.015330000000000002,0.0,41717.942418,41275.275063,11,26481.379039,26359.351958,293,0.0,0.0,0.0,2.5,1.562,0.938,2000.0,1251.352,16199.059,7.725
903,2026-04-04T05:12:01.714875,2026-04-04T05:14:12.075724,130360.631,1,0.066,0.108,0.308,0.026,0.109,0.01471,0.0,3,0.047,0.161,0.378,0.038,0.161,0.022910000000000003,0.0,1,0.029,0.14,2.57,0.259,0.103,0.07600000000000001,0.0,41803.016975,41142.503385,56,25377.248106,25268.904692,391,0.0,0.0,0.0,0.521,0.26,0.26,2000.0,1251.691,16199.059,7.727
904,2026-04-04T05:14:14.080258,2026-04-04T05:16:15.211911,121131.426,1,0.033,0.106,0.181,0.021,0.11,0.014400000000000001,0.0,3,0.092,0.172,1.298,0.117,0.159,0.03689999999999999,0.0,1,0.067,0.112,0.352,0.033,0.11,0.01687,0.0,41758.352821,41557.98581,2,25885.157717,25776.488873,509,0.0,0.0,0.0,0.522,0.261,0.261,2000.0,1259.18,16199.059,7.773
905,2026-04-04T05:16:17.214470,2026-04-04T05:18:07.610525,110395.987,1,0.06,0.102,0.154,0.017,0.105,0.01337,0.0,3,0.093,0.158,0.524,0.044,0.1585,0.021020000000000004,0.0,1,0.064,0.108,0.203,0.019,0.11,0.01267,0.0,33079.370837,32936.131843,85,,,,0.0,0.0,0.0,0.261,0.0,0.261,2000.0,1247.734,16199.059,7.703
906,2026-04-04T05:18:09.614275,2026-04-04T05:20:12.088221,122473.712,1,0.042,0.108,0.231,0.025,0.108,0.015210000000000001,0.0,3,0.094,0.19,2.27,0.225,0.158,0.06715,0.0,1,0.062,0.132,2.295,0.218,0.11,0.04815,0.0,43488.686065,40410.785481,4,25398.771097,25291.620307,1,0.0,0.0,0.0,0.522,0.0,0.522,2000.0,1249.16,16199.059,7.711
907,2026-04-04T05:20:14.091403,2026-04-04T05:22:14.506034,120414.543,1,0.033,0.106,0.182,0.02,0.108,0.014150000000000001,0.0,3,0.093,0.152,0.244,0.026,0.155,0.018680000000000002,0.0,1,0.048,0.111,0.168,0.02,0.1105,0.01386,0.0,42639.291232,42435.648239,100,24565.942596,23149.654452,0,0.0,0.0,0.0,0.519,0.0,0.519,2000.0,1255.043,16199.059,7.748
908,2026-04-04T05:22:16.511793,2026-04-04T05:24:20.096137,123584.043,1,0.065,0.104,0.147,0.016,0.1055,0.01166,0.0,3,0.093,0.194,2.257,0.265,0.159,0.07771,0.0,1,0.065,0.112,0.307,0.029,0.111,0.01464,0.0,39955.409127,36380.175085,3,25468.092316,24120.188102,1087,0.0,0.0,0.0,0.519,0.26,0.26,2000.0,1250.5,16199.059,7.72
909,2026-04-04T05:24:22.099587,2026-04-04T05:26:24.294316,122194.471,1,0.016,0.111,1.223,0.113,0.1045,0.02608,0.0,3,0.093,0.156,0.26,0.027,0.1585,0.018580000000000003,0.0,1,0.063,0.107,0.203,0.019,0.11,0.01335,0.0,42595.090247,42415.869279,60,25117.831798,25015.168047,0,0.0,0.0,0.0,0.261,0.261,0.0,2000.0,1261.676,16199.059,7.789
910,2026-04-04T05:26:26.297979,2026-04-04T05:28:26.040162,119742.045,1,0.019,0.107,0.373,0.039,0.1035,0.018510000000000002,0.0,3,0.094,0.156,0.286,0.031,0.159,0.02084,0.0,1,0.069,0.108,0.182,0.017,0.112,0.01191,0.0,41658.145926,39491.929811,3,22458.950755,22362.05751,0,0.0,0.0,0.0,0.0,0.0,0.0,2000.0,1262.105,16199.059,7.791
911,2026-04-04T05:28:28.042409,2026-04-04T05:30:28.799278,120756.8,1,0.068,0.104,0.191,0.017,0.106,0.01197,0.0,3,0.04,0.154,0.233,0.031,0.157,0.021820000000000003,0.0,1,0.018,0.11,0.246,0.029,0.1105,0.01679,0.0,42331.014887,39971.218939,2,25404.589392,25283.885595,447,0.0,0.0,0.0,2.111,1.055,1.055,2000.0,1256.23,16199.059,7.755
912,2026-04-04T05:30:30.802173,2026-04-04T05:32:38.048692,127246.215,1,0.032,0.11,0.474,0.044,0.1075,0.019280000000000002,0.0,3,0.093,0.157,0.28,0.029,0.156,0.018650000000000003,0.0,1,0.063,0.133,2.209,0.212,0.111,0.05016,0.0,42315.867581,42115.987566,7,24961.691344,24856.277438,45,0.0,0.0,0.0,0.0,0.0,0.0,2000.0,1256.91,16199.059,7.759
913,2026-04-04T05:32:40.051620,2026-04-04T05:34:43.300631,123248.849,1,0.035,0.106,0.162,0.018,0.108,0.013490000000000002,0.0,3,0.034,0.169,0.746,0.102,0.156,0.040690000000000004,0.0,1,0.062,0.111,0.212,0.022,0.111,0.0147,0.0,43866.760226,41061.4213,57,21392.251204,21302.897359,1,0.0,0.0,0.0,0.261,0.0,0.261,2000.0,1256.316,16199.059,7.755
914,2026-04-04T05:34:45.303621,2026-04-04T05:36:51.292458,125988.601,1,0.054,0.108,0.408,0.037,0.1065,0.01784,0.0,3,0.097,0.158,0.24,0.029,0.16,0.021060000000000002,0.0,1,0.058,0.107,0.278,0.026,0.107,0.015470000000000001,0.0,41599.219666,41417.98501,780,25432.163846,23357.775035,2,0.0,0.0,0.0,0.262,0.0,0.262,2000.0,1256.574,16199.059,7.757
915,2026-04-04T05:36:53.295858,2026-04-04T05:38:59.945528,126649.547,1,0.017,0.141,3.044,0.296,0.1085,0.07057,0.0,3,0.068,0.156,0.243,0.027,0.162,0.019490000000000004,0.0,1,0.033,0.156,2.982,0.304,0.108,0.09392,0.0,42189.748739,42008.447725,7,25371.853316,25264.097702,0,0.0,0.0,0.0,0.522,0.261,0.261,2000.0,1257.672,16199.059,7.764
916,2026-04-04T05:39:01.949539,2026-04-04T05:41:03.395964,121446.277,1,0.029,0.104,0.176,0.02,0.1055,0.01414,0.0,3,0.093,0.159,0.268,0.028,0.16,0.01983,0.0,1,0.046,0.11,0.205,0.02,0.11,0.013090000000000001,0.0,42655.286823,42482.4063,336,24930.060452,24809.934999,0,0.0,0.0,0.0,0.519,0.0,0.519,2000.0,1247.07,16199.059,7.698
917,2026-04-04T05:41:05.398932,2026-04-04T05:43:07.083315,121684.327,1,0.029,0.101,0.271,0.022,0.103,0.01277,0.0,3,0.069,0.156,0.274,0.032,0.158,0.021310000000000003,0.0,1,0.046,0.114,0.48,0.054,0.1095,0.02142,0.0,43922.205688,43743.071079,2,22305.612241,20935.494403,366,0.0,0.0,0.0,0.0,0.0,0.0,2000.0,1273.219,16199.059,7.86
918,2026-04-04T05:43:09.088325,2026-04-04T05:45:14.982447,125893.924,1,0.043,0.104,0.179,0.018,0.107,0.01246,0.0,3,0.04,0.154,0.233,0.028,0.158,0.019250000000000003,0.0,1,0.036,0.106,0.236,0.021,0.109,0.013200000000000002,0.0,42285.028449,39608.146042,147,13873.853575,13128.886057,0,0.0,0.0,0.0,0.0,0.0,0.0,2000.0,1264.781,16199.059,7.808
919,2026-04-04T05:45:16.988206,2026-04-04T05:47:20.184637,123196.164,1,0.063,0.11,0.385,0.039,0.106,0.017980000000000003,0.0,3,0.075,0.163,0.411,0.04,0.16,0.02382,0.0,1,0.065,0.109,0.164,0.016,0.1115,0.012100000000000001,0.0,45033.854044,43387.773754,52,25328.134972,23830.617521,47,0.0,0.0,0.0,0.261,0.0,0.261,2000.0,1266.039,16199.059,7.816
920,2026-04-04T05:47:22.186891,2026-04-04T05:49:35.973279,133786.293,1,0.016,0.11,0.848,0.077,0.107,0.022840000000000003,0.0,3,0.095,0.17,0.504,0.061,0.1615,0.029130000000000003,0.0,1,0.025,0.108,0.18,0.022,0.1095,0.014730000000000002,0.0,43737.528554,43556.97027,5,24936.755646,24826.320363,631,0.0,0.0,0.0,0.262,0.0,0.262,2000.0,1254.5,16199.059,7.744
921,2026-04-04T05:49:37.976076,2026-04-04T05:51:40.452729,122476.578,1,0.04,0.103,0.161,0.018,0.105,0.01288,0.0,3,0.092,0.186,2.766,0.262,0.16,0.06387,0.0,1,0.047,0.112,0.404,0.043,0.11,0.020210000000000002,0.0,42238.045728,42058.798852,50,21089.04321,20992.213917,497,0.0,0.0,0.0,0.0,0.0,0.0,2000.0,1274.656,16199.059,7.869
922,2026-04-04T05:51:42.455487,2026-04-04T05:53:51.216399,128760.699,1,0.05,0.105,0.162,0.02,0.1075,0.01429,0.0,3,0.094,0.207,2.736,0.313,0.159,0.10647,0.0,1,0.066,0.112,0.377,0.036,0.1115,0.016350000000000003,0.0,42514.809984,41950.410776,9,23712.446191,23610.028269,0,0.0,0.0,0.0,0.0,0.0,0.0,2000.0,1260.207,16199.059,7.78
923,2026-04-04T05:53:53.220253,2026-04-04T05:56:03.439970,130219.489,1,0.041,0.117,1.549,0.145,0.106,0.03270000000000001,0.0,3,0.095,0.156,0.241,0.022,0.1595,0.016370000000000003,0.0,1,0.058,0.125,2.035,0.192,0.107,0.04014,0.0,42475.291855,42287.744218,59,24632.585769,24515.331611,0,0.0,0.0,0.0,0.0,0.0,0.0,2000.0,1259.688,16199.059,7.776
924,2026-04-04T05:56:05.442140,2026-04-04T05:58:06.650106,121207.927,1,0.042,0.104,0.205,0.022,0.106,0.014950000000000001,0.0,3,0.099,0.158,0.473,0.038,0.1605,0.01801,0.0,1,0.038,0.104,0.204,0.02,0.108,0.01365,0.0,41974.270619,41794.696496,6,22567.730011,20372.11649,0,0.0,0.0,0.0,0.0,0.0,0.0,2000.0,1254.578,16199.059,7.745
925,2026-04-04T05:58:08.652221,2026-04-04T06:00:08.098649,119446.22,1,0.048,0.105,0.164,0.018,0.1065,0.01293,0.0,3,0.07,0.155,0.26,0.029,0.1595,0.020940000000000004,0.0,1,0.053,0.111,0.306,0.029,0.112,0.015090000000000001,0.0,41643.258867,41415.828753,9,4502.577615,4110.030151,0,0.0,0.0,0.0,0.261,0.0,0.261,2000.0,1254.504,16199.059,7.744
926,2026-04-04T06:00:10.101839,2026-04-04T06:02:13.392355,123290.32,1,0.033,0.102,0.154,0.019,0.1065,0.0149,0.0,3,0.089,0.158,0.275,0.028,0.159,0.018460000000000004,0.0,1,0.064,0.11,0.207,0.021,0.109,0.01339,0.0,42442.251557,42263.931381,55,24771.134118,22847.521531,3,0.0,0.0,0.0,0.522,0.0,0.522,2000.0,1247.383,16199.059,7.7
927,2026-04-04T06:02:15.395443,2026-04-04T06:04:20.832980,125437.469,1,0.048,0.105,0.186,0.021,0.105,0.01487,0.0,3,0.095,0.152,0.264,0.028,0.153,0.019280000000000002,0.0,1,0.064,0.108,0.193,0.021,0.109,0.014240000000000001,0.0,42089.288251,38034.584777,50,23270.303628,23172.734082,172,0.0,0.0,0.0,0.262,0.0,0.262,2000.0,1241.918,16199.059,7.667
928,2026-04-04T06:04:22.839717,2026-04-04T06:06:24.610203,121770.299,1,0.017,0.122,1.046,0.132,0.106,0.03983,0.0,3,0.094,0.155,0.319,0.033,0.158,0.021740000000000002,0.0,1,0.065,0.108,0.221,0.021,0.1095,0.013560000000000001,0.0,22149.494808,20258.957863,1,25102.961428,24976.793622,694,0.0,0.0,0.0,1.364,0.909,0.455,2000.0,1239.406,16199.059,7.651
929,2026-04-04T06:06:26.612035,2026-04-04T06:08:35.522134,128910.021,1,0.014,0.172,2.795,0.367,0.1065,0.13701,0.0,3,0.077,0.16,0.488,0.049,0.1585,0.02397,0.0,1,0.02,0.165,3.688,0.4,0.112,0.11003,0.0,42526.748113,42326.355625,308,22626.708922,22530.341243,721,0.0,0.0,0.0,0.521,0.0,0.521,2000.0,1253.852,16199.059,7.74
930,2026-04-04T06:08:37.525762,2026-04-04T06:10:44.120239,126594.258,1,0.056,0.105,0.156,0.018,0.107,0.01344,0.0,3,0.092,0.164,0.492,0.044,0.161,0.02364,0.0,1,0.04,0.12,1.293,0.119,0.11,0.030629999999999994,0.0,41075.540193,37560.22827,8,24503.900551,24401.18497,0,0.0,0.0,0.0,0.0,0.0,0.0,2000.0,1258.449,16199.059,7.769
931,2026-04-04T06:10:46.120768,2026-04-04T06:12:53.568292,127447.295,1,0.062,0.108,0.387,0.032,0.1075,0.01477,0.0,3,0.091,0.154,0.234,0.025,0.1575,0.018070000000000003,0.0,1,0.052,0.117,0.437,0.055,0.111,0.02314,0.0,41406.065573,41222.229575,55,26594.567683,24596.949961,0,0.0,0.0,0.0,0.882,0.294,0.588,2000.0,1260.785,16199.059,7.783
932,2026-04-04T06:12:55.573514,2026-04-04T06:15:02.980285,127406.677,1,0.044,0.11,0.406,0.043,0.108,0.01899,0.0,3,0.093,0.156,0.456,0.04,0.156,0.02227,0.0,1,0.063,0.107,0.175,0.016,0.1095,0.01131,0.0,42435.594889,42261.062063,56,20540.388887,19098.990394,0,0.0,0.0,0.0,0.261,0.261,0.0,2000.0,1267.141,16199.059,7.822
933,2026-04-04T06:15:04.983799,2026-04-04T06:17:09.231329,124247.242,1,0.062,0.109,0.213,0.021,0.1095,0.014400000000000001,0.0,3,0.093,0.159,0.38,0.04,0.159,0.023080000000000003,0.0,1,0.062,0.112,0.277,0.027,0.11,0.01597,0.0,41679.143046,41506.441811,6,22760.440046,22665.312509,200,0.0,0.0,0.0,0.522,0.0,0.522,2000.0,1259.719,16199.059,7.776
934,2026-04-04T06:17:11.231939,2026-04-04T06:19:23.770712,132538.689,1,0.042,0.114,0.71,0.069,0.1075,0.023540000000000002,0.0,3,0.075,0.203,5.016,0.484,0.1565,0.09952,0.0,1,0.062,0.107,0.21,0.02,0.109,0.013880000000000002,0.0,41332.648903,40429.946155,51,24990.956868,23650.638563,274,0.0,0.0,0.0,0.521,0.0,0.521,2000.0,1253.789,16199.059,7.74
935,2026-04-04T06:19:25.773546,2026-04-04T06:21:33.435417,127661.656,1,0.015,0.115,1.593,0.15,0.1055,0.03424000000000001,0.0,3,0.094,0.166,1.32,0.12,0.16,0.03477,0.0,1,0.066,0.111,0.344,0.038,0.108,0.01914,0.0,43056.072866,36532.74274,50,25212.061351,23893.330254,0,0.0,0.0,0.0,1.042,0.521,0.521,2000.0,1262.602,16199.059,7.794
936,2026-04-04T06:21:35.438715,2026-04-04T06:23:40.396064,124957.196,1,0.051,0.103,0.149,0.018,0.108,0.013760000000000001,0.0,3,0.093,0.158,0.232,0.028,0.161,0.01998,0.0,1,0.068,0.113,0.972,0.088,0.106,0.02329,0.0,41649.541851,41459.15743,100,23526.934277,23424.127868,91,0.0,0.0,0.0,0.262,0.0,0.262,2000.0,1255.805,16199.059,7.752
937,2026-04-04T06:23:42.398208,2026-04-04T06:25:50.943926,128545.492,1,0.042,0.109,0.397,0.041,0.107,0.01908,0.0,3,0.085,0.186,2.941,0.287,0.1525,0.07576,0.0,1,0.066,0.107,0.186,0.019,0.109,0.013460000000000001,0.0,38362.113964,35869.520174,53,25468.286881,25358.939516,0,0.0,0.0,0.0,0.26,0.0,0.26,2000.0,1250.094,16199.059,7.717
938,2026-04-04T06:25:52.946695,2026-04-04T06:27:56.787558,123840.786,1,0.038,0.108,0.44,0.04,0.108,0.01827,0.0,3,0.093,0.158,0.249,0.029,0.161,0.020850000000000004,0.0,1,0.038,0.106,0.275,0.025,0.107,0.01443,0.0,33519.46363,33349.67893,10,21823.080923,18387.658532,0,0.0,0.0,0.0,0.0,0.0,0.0,2000.0,1260.938,16199.059,7.784
939,2026-04-04T06:27:58.791783,2026-04-04T06:30:06.248370,127456.376,1,0.027,0.107,0.224,0.024,0.106,0.016370000000000003,0.0,3,0.096,0.158,0.261,0.03,0.16,0.02031,0.0,1,0.048,0.109,0.372,0.032,0.107,0.01568,0.0,43803.931162,43581.075886,99,24683.296498,22421.724778,119,0.0,0.0,0.0,0.777,0.259,0.518,2000.0,1242.953,16199.059,7.673
940,2026-04-04T06:30:08.251339,2026-04-04T06:32:15.836528,127585.107,1,0.057,0.105,0.172,0.019,0.108,0.014430000000000002,0.0,3,0.029,0.19,2.097,0.238,0.152,0.08185,0.0,1,0.063,0.104,0.219,0.02,0.107,0.013430000000000001,0.0,41866.553408,41689.430192,6,24574.043781,24455.965189,596,0.0,0.0,0.0,0.262,0.0,0.262,2000.0,1252.656,16199.059,7.733
941,2026-04-04T06:32:17.839469,2026-04-04T06:34:36.199791,138360.242,1,0.016,0.104,0.459,0.045,0.104,0.0214,0.0,3,0.088,0.153,0.27,0.029,0.1585,0.020220000000000005,0.0,1,0.063,0.11,0.182,0.018,0.111,0.01222,0.0,41517.335988,41347.438034,7,24356.404955,24252.391204,0,0.0,0.0,0.0,0.26,0.26,0.0,2000.0,1256.547,16199.059,7.757
942,2026-04-04T06:34:38.202888,2026-04-04T06:36:42.026554,123823.421,1,0.041,0.105,0.191,0.02,0.11,0.013430000000000001,0.0,3,0.033,0.186,2.924,0.284,0.1565,0.07082,0.0,1,0.066,0.105,0.177,0.017,0.109,0.011380000000000001,0.0,42375.580458,40272.456755,102,11914.513945,11255.075842,1308,0.0,0.0,0.0,0.777,0.259,0.518,2000.0,1245.059,16199.059,7.686
943,2026-04-04T06:36:44.034841,2026-04-04T06:38:42.627943,118592.552,1,0.065,0.106,0.275,0.023,0.107,0.013290000000000001,0.0,3,0.094,0.152,0.216,0.024,0.1565,0.018490000000000003,0.0,1,0.067,0.105,0.161,0.016,0.107,0.01209,0.0,42639.166547,42439.981776,18,24039.35094,23936.179766,1503,0.0,0.0,0.0,0.519,0.26,0.26,2000.0,1272.211,16199.059,7.854
944,2026-04-04T06:38:44.634089,2026-04-04T06:40:47.224224,122589.919,1,0.061,0.104,0.177,0.018,0.105,0.0129,0.0,3,0.093,0.15,0.269,0.03,0.148,0.02075,0.0,1,0.063,0.108,0.217,0.022,0.11,0.014280000000000001,0.0,42082.430846,39526.344873,2,24914.848088,24809.861739,810,0.0,0.0,0.0,0.783,0.261,0.522,2000.0,1264.371,16199.059,7.805
945,2026-04-04T06:40:49.226614,2026-04-04T06:42:51.278774,122052.076,1,0.028,0.108,0.482,0.044,0.106,0.01848,0.0,3,0.089,0.154,0.264,0.031,0.159,0.021840000000000002,0.0,1,0.064,0.107,0.187,0.018,0.11,0.01297,0.0,42222.165328,42044.258206,7,24669.846461,24552.630372,547,0.0,0.0,0.0,0.262,0.0,0.262,2000.0,1257.672,16199.059,7.764
946,2026-04-04T06:42:53.290003,2026-04-04T06:44:54.512060,121221.848,1,0.029,0.111,0.408,0.05,0.1085,0.02248,0.0,3,0.08,0.154,0.219,0.022,0.157,0.015160000000000003,0.0,1,0.044,0.107,0.197,0.02,0.109,0.013890000000000001,0.0,40807.418801,37888.996766,23,22476.148865,22319.017526,39,0.0,0.0,0.0,1.596,0.798,0.798,2000.0,1240.633,16199.059,7.659
947,2026-04-04T06:44:56.515728,2026-04-04T06:46:57.590959,121075.163,1,0.059,0.101,0.278,0.023,0.1035,0.01428,0.0,3,0.094,0.158,0.239,0.031,0.162,0.0238,0.0,1,0.064,0.108,0.153,0.018,0.1105,0.01322,0.0,41331.426739,41157.250491,869,27013.204209,26310.89302,1,0.0,0.0,0.0,0.262,0.0,0.262,2000.0,1251.859,16199.059,7.728
948,2026-04-04T06:46:59.760828,2026-04-04T06:48:59.837034,120075.798,1,0.053,0.106,0.167,0.021,0.1075,0.01502,0.0,3,0.081,0.154,0.404,0.037,0.155,0.022390000000000004,0.0,1,0.022,0.106,0.164,0.023,0.1085,0.01708,0.0,43884.949816,43704.124202,99,27000.402694,26882.62105,402,0.0,0.0,0.0,0.261,0.0,0.261,2000.0,1257.457,16199.059,7.763
949,2026-04-04T06:49:01.840881,2026-04-04T06:51:06.676679,124835.581,1,0.052,0.103,0.189,0.019,0.1055,0.01371,0.0,3,0.069,0.16,0.442,0.039,0.16,0.020880000000000003,0.0,1,0.043,0.11,0.228,0.025,0.109,0.014580000000000001,0.0,41617.169905,41397.728963,784,23407.376018,23237.650783,0,0.0,0.0,0.0,0.521,0.26,0.26,2000.0,1260.727,16199.059,7.783
950,2026-04-04T06:51:08.679936,2026-04-04T06:53:11.819587,123139.431,1,0.044,0.104,0.171,0.021,0.105,0.01447,0.0,3,0.047,0.16,0.405,0.042,0.159,0.022230000000000003,0.0,1,0.041,0.104,0.198,0.019,0.105,0.01176,0.0,43892.368668,40332.006617,12,25004.825864,24890.514949,501,0.0,0.0,0.0,0.522,0.261,0.261,2000.0,1255.941,16199.059,7.753
951,2026-04-04T06:53:13.823175,2026-04-04T06:55:15.888737,122065.444,1,0.065,0.107,0.284,0.025,0.108,0.014690000000000002,0.0,3,0.093,0.184,2.938,0.277,0.16,0.05911999999999999,0.0,1,0.064,0.112,0.313,0.031,0.11,0.01598,0.0,38803.341365,35308.00778,100,25052.926688,24934.386331,3,0.0,0.0,0.0,1.036,0.0,1.036,2000.0,1263.473,16199.059,7.8
952,2026-04-04T06:55:17.891429,2026-04-04T06:57:18.703838,120812.202,1,0.052,0.113,0.536,0.052,0.107,0.023240000000000004,0.0,3,0.083,0.156,0.258,0.027,0.159,0.01913,0.0,1,0.069,0.113,0.381,0.035,0.11,0.016020000000000003,0.0,42376.184287,40839.140622,49,23184.053111,23064.78922,660,0.0,0.0,0.0,0.262,0.0,0.262,2000.0,1267.363,16199.059,7.824
953,2026-04-04T06:57:20.706297,2026-04-04T06:59:25.487119,124780.602,1,0.022,0.118,1.306,0.122,0.108,0.0325,0.0,3,0.093,0.157,0.226,0.024,0.158,0.016700000000000003,0.0,1,0.016,0.096,0.223,0.028,0.101,0.02104,0.0,32823.430105,30998.689957,39,25775.095158,25662.922106,90,0.0,0.0,0.0,0.521,0.0,0.521,2000.0,1242.098,16199.059,7.668
954,2026-04-04T06:59:27.488455,2026-04-04T07:01:29.159758,121671.091,1,0.044,0.108,0.23,0.027,0.109,0.018170000000000002,0.0,3,0.073,0.153,0.23,0.029,0.156,0.021330000000000002,0.0,1,0.043,0.103,0.216,0.019,0.104,0.012240000000000001,0.0,42188.522994,42005.764309,6,25306.135796,25193.438258,0,0.0,0.0,0.0,1.351,0.811,0.541,2000.0,1250.25,16199.059,7.718
955,2026-04-04T07:01:31.159968,2026-04-04T07:03:35.488137,124328.116,1,0.06,0.107,0.244,0.023,0.107,0.01515,0.0,3,0.077,0.156,0.504,0.045,0.156,0.024160000000000004,0.0,1,0.02,0.123,1.798,0.17,0.108,0.0395,0.0,41930.251949,40369.454046,5,19511.962327,18431.083946,135,0.0,0.0,0.0,0.522,0.0,0.522,2000.0,1264.047,16199.059,7.803
956,2026-04-04T07:03:37.490837,2026-04-04T07:05:36.779262,119288.344,1,0.065,0.106,0.156,0.019,0.1075,0.01416,0.0,3,0.073,0.156,0.303,0.035,0.154,0.023370000000000002,0.0,1,0.037,0.105,0.154,0.019,0.109,0.013960000000000002,0.0,42193.833266,42015.891393,1121,25945.287372,25838.37613,1,0.0,0.0,0.0,0.262,0.0,0.262,2000.0,1250.508,16199.059,7.72
957,2026-04-04T07:05:38.780409,2026-04-04T07:07:40.588519,121808.019,1,0.059,0.107,0.176,0.02,0.107,0.01535,0.0,3,0.039,0.185,3.258,0.31,0.1585,0.06608,0.0,1,0.05,0.108,0.162,0.017,0.11,0.011370000000000002,0.0,42704.718452,42522.715532,952,24120.604054,23134.575875,1,0.0,0.0,0.0,0.262,0.0,0.262,2000.0,1243.113,16199.059,7.674
958,2026-04-04T07:07:42.590747,2026-04-04T07:09:45.007310,122416.474,1,0.055,0.108,0.198,0.023,0.109,0.015240000000000002,0.0,3,0.071,0.156,0.353,0.036,0.1575,0.021830000000000002,0.0,1,0.06,0.105,0.206,0.023,0.1095,0.01704,0.0,43608.461434,39989.486833,9,22255.77411,22159.679744,0,0.0,0.0,0.0,0.519,0.26,0.26,2000.0,1241.133,16199.059,7.662
959,2026-04-04T07:09:47.011941,2026-04-04T07:11:51.492778,124480.774,1,0.062,0.102,0.16,0.017,0.106,0.01323,0.0,3,0.093,0.155,0.752,0.069,0.1535,0.028810000000000002,0.0,1,0.063,0.11,0.183,0.02,0.111,0.01437,0.0,40215.879961,35580.390465,228,25747.229413,24340.439362,628,0.0,0.0,0.0,0.262,0.0,0.262,2000.0,1260.035,16199.059,7.778
960,2026-04-04T07:11:53.495622,2026-04-04T07:13:53.102434,119606.743,1,0.062,0.103,0.469,0.04,0.103,0.01617,0.0,3,0.096,0.156,0.218,0.024,0.159,0.01716,0.0,1,0.038,0.106,0.163,0.02,0.108,0.01437,0.0,40292.737021,39923.996636,16,26105.64744,25983.44302,92,0.0,0.0,0.0,0.26,0.0,0.26,2000.0,1259.195,16199.059,7.773
961,2026-04-04T07:13:55.107725,2026-04-04T07:15:56.931108,121823.201,1,0.04,0.105,0.312,0.028,0.1045,0.01531,0.0,3,0.093,0.146,0.203,0.022,0.153,0.01795,0.0,1,0.064,0.107,0.163,0.017,0.1095,0.011600000000000001,0.0,43334.092311,41609.617287,6,22848.346409,22754.760692,1297,0.0,0.0,0.0,0.779,0.0,0.779,2000.0,1245.078,16199.059,7.686
962,2026-04-04T07:15:58.955971,2026-04-04T07:17:59.659803,120703.798,1,0.05,0.104,0.246,0.024,0.1065,0.01566,0.0,3,0.096,0.155,0.244,0.027,0.16,0.02034,0.0,1,0.067,0.109,0.207,0.022,0.109,0.015260000000000001,0.0,42006.927229,41828.587034,334,24410.528622,22848.619705,0,0.0,0.0,0.0,1.828,0.783,1.044,2000.0,1249.617,16199.059,7.714
963,2026-04-04T07:18:01.664715,2026-04-04T07:20:10.408227,128743.313,1,0.068,0.109,0.335,0.03,0.1065,0.015400000000000002,0.0,3,0.092,0.155,0.275,0.026,0.1585,0.017890000000000003,0.0,1,0.022,0.172,3.317,0.386,0.105,0.13288999999999998,0.0,41101.189514,39551.192154,102,21567.702787,19780.990956,722,0.0,0.0,0.0,0.262,0.0,0.262,2000.0,1250.676,16199.059,7.721
964,2026-04-04T07:20:12.413962,2026-04-04T07:22:13.616201,121202.157,1,0.044,0.107,0.316,0.031,0.104,0.01821,0.0,3,0.094,0.164,0.757,0.071,0.157,0.029390000000000003,0.0,1,0.041,0.108,0.229,0.023,0.1095,0.013710000000000002,0.0,41633.838548,41464.839889,104,22684.943622,21103.611931,1,0.0,0.0,0.0,0.262,0.0,0.262,2000.0,1252.387,16199.059,7.731
965,2026-04-04T07:22:15.618410,2026-04-04T07:24:25.194167,129575.513,1,0.049,0.111,0.426,0.037,0.109,0.017320000000000002,0.0,3,0.097,0.152,0.26,0.022,0.158,0.015380000000000003,0.0,1,0.054,0.113,0.258,0.027,0.1095,0.01711,0.0,36697.081747,33496.83912,856,23870.47172,22504.079099,0,0.0,0.0,0.0,0.26,0.0,0.26,2000.0,1252.062,16199.059,7.729
966,2026-04-04T07:24:27.199563,2026-04-04T07:26:39.604876,132405.092,1,0.017,0.125,2.423,0.232,0.1085,0.04746,0.0,3,0.089,0.159,0.375,0.041,0.154,0.026210000000000004,0.0,1,0.016,0.106,0.222,0.023,0.109,0.013810000000000001,0.0,41728.250998,41549.300487,7,23315.898114,21914.440133,0,0.0,0.0,0.0,0.26,0.0,0.26,2000.0,1252.66,16199.059,7.733
967,2026-04-04T07:26:41.607730,2026-04-04T07:28:42.834165,121226.303,1,0.053,0.106,0.187,0.022,0.105,0.01509,0.0,3,0.038,0.164,0.896,0.081,0.1585,0.028520000000000004,0.0,1,0.031,0.109,0.296,0.027,0.1105,0.014750000000000001,0.0,41986.122908,38708.468361,53,15446.075833,14589.45187,923,0.0,0.0,0.0,0.522,0.0,0.522,2000.0,1243.934,16199.059,7.679
968,2026-04-04T07:28:44.840664,2026-04-04T07:30:45.695206,120854.287,1,0.045,0.107,0.523,0.046,0.102,0.0186,0.0,3,0.088,0.152,0.328,0.033,0.1535,0.022730000000000004,0.0,1,0.063,0.11,0.369,0.039,0.109,0.017900000000000003,0.0,41690.421956,38569.029171,64,25273.449462,23192.940108,823,0.0,0.0,0.0,0.779,0.26,0.519,2000.0,1256.336,16199.059,7.756
969,2026-04-04T07:30:47.700944,2026-04-04T07:32:50.231118,122529.97,1,0.053,0.103,0.158,0.019,0.105,0.01446,0.0,3,0.092,0.157,0.341,0.032,0.158,0.019280000000000002,0.0,1,0.067,0.105,0.151,0.017,0.106,0.01225,0.0,41350.065279,41153.103289,1,23714.663976,23614.232072,0,0.0,0.0,0.0,1.042,0.521,0.521,2000.0,1251.484,16199.059,7.726
970,2026-04-04T07:32:52.231329,2026-04-04T07:34:53.695432,121464.052,1,0.065,0.108,0.342,0.03,0.106,0.015260000000000001,0.0,3,0.094,0.162,0.336,0.042,0.155,0.025500000000000005,0.0,1,0.057,0.111,0.353,0.041,0.108,0.01965,0.0,42287.742405,42099.583767,9,24435.457976,24322.765874,0,0.0,0.0,0.0,0.262,0.0,0.262,2000.0,1250.996,16199.059,7.723
971,2026-04-04T07:34:55.698949,2026-04-04T07:37:03.084673,127385.514,1,0.026,0.144,2.465,0.278,0.108,0.07662,0.0,3,0.095,0.157,0.739,0.062,0.155,0.020810000000000002,0.0,1,0.065,0.108,0.189,0.021,0.109,0.014360000000000001,0.0,41646.768553,41443.423796,54,24967.539334,24854.734743,1136,0.0,0.0,0.0,100.0,50.0,50.0,2000.0,1252.453,16199.059,7.732
972,2026-04-04T07:37:05.088158,2026-04-04T07:39:06.652051,121563.76,1,0.064,0.106,0.346,0.029,0.106,0.014230000000000001,0.0,3,0.095,0.154,0.294,0.03,0.155,0.020130000000000002,0.0,1,0.036,0.107,0.211,0.021,0.11,0.01438,0.0,41312.667414,41136.417537,11,17894.016275,17823.224924,271,0.0,0.0,0.0,0.26,0.0,0.26,2000.0,1257.688,16199.059,7.764
973,2026-04-04T07:39:08.654102,2026-04-04T07:41:10.046479,121392.333,1,0.061,0.108,0.396,0.034,0.1045,0.0172,0.0,3,0.066,0.158,0.482,0.047,0.155,0.02484,0.0,1,0.062,0.108,0.371,0.03,0.11,0.013670000000000002,0.0,43916.303457,40082.772032,54,20263.807113,20170.008712,2,0.0,0.0,0.0,0.522,0.0,0.522,2000.0,1247.5,16199.059,7.701
974,2026-04-04T07:41:12.052673,2026-04-04T07:43:18.763662,126710.758,1,0.054,0.103,0.173,0.016,0.103,0.01073,0.0,3,0.053,0.165,1.449,0.137,0.154,0.04036000000000001,0.0,1,0.05,0.106,0.162,0.016,0.11,0.010990000000000002,0.0,36665.90182,36494.409179,102,26921.828048,26112.15215,420,0.0,0.0,0.0,0.26,0.0,0.26,2000.0,1261.645,16199.059,7.788
975,2026-04-04T07:43:20.769032,2026-04-04T07:45:31.731755,130962.53,1,0.065,0.103,0.182,0.02,0.104,0.014329999999999999,0.0,3,0.094,0.157,0.446,0.039,0.157,0.021820000000000003,0.0,1,0.063,0.105,0.201,0.02,0.106,0.014020000000000001,0.0,41672.509812,38074.595853,3,26702.740016,26588.575258,2,0.0,0.0,0.0,0.522,0.0,0.522,2000.0,1252.719,16199.059,7.733
976,2026-04-04T07:45:33.734142,2026-04-04T07:47:35.392223,121657.862,1,0.037,0.105,0.205,0.021,0.108,0.014590000000000002,0.0,3,0.095,0.156,0.294,0.029,0.158,0.020030000000000003,0.0,1,0.037,0.109,0.432,0.037,0.1095,0.01623,0.0,41990.582213,41808.370968,100,21793.866957,21701.966456,882,0.0,0.0,0.0,0.0,0.0,0.0,2000.0,1253.359,16199.059,7.737
977,2026-04-04T07:47:37.395507,2026-04-04T07:49:42.691982,125296.395,1,0.066,0.105,0.167,0.017,0.1065,0.011720000000000001,0.0,3,0.056,0.175,0.772,0.093,0.154,0.04941999999999999,0.0,1,0.067,0.105,0.177,0.017,0.108,0.012,0.0,41844.976714,41647.734988,99,18074.556,18003.220782,540,0.0,0.0,0.0,0.26,0.0,0.26,2000.0,1255.617,16199.059,7.751
978,2026-04-04T07:49:44.697122,2026-04-04T07:51:44.838056,120140.685,1,0.065,0.103,0.188,0.018,0.107,0.012740000000000001,0.0,3,0.073,0.161,0.433,0.051,0.154,0.030090000000000002,0.0,1,0.065,0.108,0.182,0.019,0.109,0.0138,0.0,41739.490688,41526.646095,7,24545.952296,24443.488425,991,0.0,0.0,0.0,0.521,0.26,0.26,2000.0,1259.438,16199.059,7.775
979,2026-04-04T07:51:46.842342,2026-04-04T07:53:47.258777,120416.312,1,0.059,0.105,0.151,0.016,0.109,0.012180000000000002,0.0,3,0.073,0.159,0.488,0.049,0.154,0.026170000000000002,0.0,1,0.068,0.112,0.218,0.023,0.1105,0.01469,0.0,43708.404644,43526.490902,2,30594.210169,30450.092395,321,0.0,0.0,0.0,0.781,0.0,0.781,2000.0,1258.906,16199.059,7.771
980,2026-04-04T07:53:49.263650,2026-04-04T07:55:48.367987,119104.145,1,0.055,0.104,0.19,0.02,0.1035,0.01473,0.0,3,0.084,0.15,0.268,0.026,0.151,0.01793,0.0,1,0.052,0.108,0.269,0.027,0.109,0.015170000000000001,0.0,37874.104481,35862.467604,7,23258.875539,23160.478026,1,0.0,0.0,0.0,0.524,0.262,0.262,2000.0,1256.891,16199.059,7.759
981,2026-04-04T07:55:50.371187,2026-04-04T07:57:56.178377,125806.933,1,0.021,0.105,0.654,0.059,0.107,0.02163,0.0,3,0.06,0.151,0.369,0.033,0.155,0.020100000000000003,0.0,1,0.056,0.11,0.376,0.034,0.1065,0.017120000000000003,0.0,42499.906111,39277.284987,5,26348.190805,26226.885141,498,0.0,0.0,0.0,0.519,0.0,0.519,2000.0,1255.375,16199.059,7.75
982,2026-04-04T07:57:58.191575,2026-04-04T08:00:02.400602,124208.727,1,0.043,0.105,0.267,0.025,0.105,0.01517,0.0,3,0.095,0.154,0.241,0.028,0.157,0.021240000000000002,0.0,1,0.017,0.111,0.561,0.067,0.105,0.025220000000000003,0.0,41828.492926,41635.65015,10,24905.453381,24788.285636,2,0.0,0.0,0.0,0.261,0.0,0.261,2000.0,1257.438,16199.059,7.762
983,2026-04-04T08:00:04.404029,2026-04-04T08:02:08.052159,123648.042,1,0.052,0.11,0.389,0.036,0.107,0.019790000000000002,0.0,3,0.094,0.159,0.492,0.042,0.158,0.021840000000000002,0.0,1,0.068,0.107,0.153,0.016,0.108,0.01259,0.0,42016.362857,41818.36209,1,23332.096923,21486.26459,45,0.0,0.0,0.0,0.0,0.0,0.0,2000.0,1263.77,16199.059,7.801
984,2026-04-04T08:02:10.055457,2026-04-04T08:04:15.039524,124983.989,1,0.041,0.106,0.402,0.035,0.1075,0.01751,0.0,3,0.039,0.174,1.733,0.164,0.158,0.04755999999999999,0.0,1,0.051,0.107,0.168,0.02,0.109,0.01425,0.0,41972.139901,41797.685801,50,9819.436033,9409.032614,19,0.0,0.0,0.0,0.0,0.0,0.0,2000.0,1251.027,16199.059,7.723
985,2026-04-04T08:04:17.044032,2026-04-04T08:06:21.603897,124559.636,1,0.044,0.16,3.194,0.41,0.1015,0.11458,0.0,3,0.098,0.159,0.226,0.024,0.161,0.016270000000000003,0.0,1,0.042,0.111,0.431,0.042,0.107,0.0173,0.0,36707.502444,36556.437273,4,25165.388033,25053.321315,4,0.0,0.0,0.0,0.262,0.0,0.262,2000.0,1249.148,16199.059,7.711
986,2026-04-04T08:06:24.264064,2026-04-04T08:08:27.415042,123150.942,1,0.049,0.104,0.178,0.019,0.1055,0.01406,0.0,3,0.088,0.167,1.545,0.14,0.159,0.033710000000000004,0.0,1,0.065,0.109,0.179,0.02,0.109,0.0143,0.0,39233.378974,37152.188871,12,22042.166162,21939.157707,2,0.0,0.0,0.0,0.779,0.26,0.519,2000.0,1252.801,16199.059,7.734
987,2026-04-04T08:08:29.418066,2026-04-04T08:10:29.986565,120568.422,1,0.064,0.105,0.248,0.023,0.107,0.01371,0.0,3,0.093,0.155,0.297,0.03,0.155,0.01981,0.0,1,0.042,0.108,0.246,0.026,0.108,0.01692,0.0,45187.034313,44998.366219,6,26848.495831,24439.954979,0,0.0,0.0,0.0,0.26,0.0,0.26,2000.0,1268.207,16199.059,7.829
988,2026-04-04T08:10:31.990081,2026-04-04T08:12:34.382559,122392.211,1,0.027,0.103,0.157,0.02,0.1075,0.01514,0.0,3,0.089,0.163,0.496,0.051,0.161,0.02441,0.0,1,0.065,0.112,0.277,0.025,0.11,0.01609,0.0,41441.038308,41254.30408,54,19130.133864,19042.722275,0,0.0,0.0,0.0,0.0,0.0,0.0,2000.0,1256.809,16199.059,7.759
989,2026-04-04T08:12:36.384301,2026-04-04T08:14:43.032201,126647.829,1,0.059,0.108,0.384,0.034,0.105,0.01722,0.0,3,0.075,0.154,0.454,0.04,0.151,0.023410000000000004,0.0,1,0.048,0.106,0.311,0.029,0.1035,0.01634,0.0,41841.739058,39697.341752,102,23063.440585,21533.107034,250,0.0,0.0,0.0,0.0,0.0,0.0,2000.0,1251.121,16199.059,7.723
990,2026-04-04T08:14:45.035459,2026-04-04T08:16:52.754883,127719.077,1,0.059,0.103,0.286,0.025,0.105,0.01443,0.0,3,0.094,0.162,0.423,0.039,0.161,0.023660000000000004,0.0,1,0.045,0.105,0.161,0.018,0.1075,0.01267,0.0,42512.677727,39483.999967,55,25390.05307,23331.038625,0,0.0,0.0,0.0,0.261,0.0,0.261,2000.0,1253.27,16199.059,7.737
991,2026-04-04T08:16:54.759172,2026-04-04T08:19:00.580050,125820.719,1,0.022,0.119,0.669,0.081,0.1075,0.03584999999999999,0.0,3,0.098,0.166,0.388,0.043,0.162,0.026800000000000004,0.0,1,0.019,0.106,0.377,0.035,0.106,0.0176,0.0,42397.724798,42226.754606,50,25154.822566,25038.187067,1,0.0,0.0,0.0,0.781,0.26,0.521,2000.0,1256.395,16199.059,7.756
992,2026-04-04T08:19:02.583899,2026-04-04T08:21:03.764363,121180.266,1,0.058,0.107,0.201,0.023,0.1085,0.01528,0.0,3,0.078,0.158,0.269,0.034,0.159,0.023530000000000002,0.0,1,0.055,0.107,0.637,0.055,0.1055,0.01702,0.0,41832.261837,41650.812238,681,24664.23232,23149.388727,2015,0.0,0.0,0.0,0.0,0.0,0.0,2000.0,1243.754,16199.059,7.678
993,2026-04-04T08:21:05.769730,2026-04-04T08:23:15.779954,130009.995,1,0.066,0.106,0.178,0.019,0.1095,0.013380000000000001,0.0,3,0.095,0.156,0.381,0.034,0.159,0.0204,0.0,1,0.03,0.104,0.225,0.023,0.109,0.01564,0.0,43640.086675,43437.261683,368,20502.106797,20401.293734,0,0.0,0.0,0.0,0.26,0.0,0.26,2000.0,1259.699,16199.059,7.776
994,2026-04-04T08:23:17.782801,2026-04-04T08:25:21.017915,123234.422,1,0.061,0.112,0.651,0.058,0.1075,0.02125,0.0,3,0.085,0.159,0.345,0.034,0.159,0.021650000000000003,0.0,1,0.037,0.106,0.16,0.018,0.109,0.01283,0.0,36999.539931,36612.876674,102,25002.662874,21616.931792,2,0.0,0.0,0.0,0.0,0.0,0.0,2000.0,1260.969,16199.059,7.784
995,2026-04-04T08:25:23.021754,2026-04-04T08:27:23.360530,120338.561,1,0.064,0.106,0.235,0.023,0.108,0.013940000000000001,0.0,3,0.054,0.156,0.273,0.03,0.1595,0.02093,0.0,1,0.037,0.107,0.161,0.021,0.109,0.015300000000000001,0.0,35185.636251,35037.558444,53,26264.593981,24311.28446,47,0.0,0.0,0.0,0.862,0.575,0.287,2000.0,1267.156,16199.059,7.822
996,2026-04-04T08:27:25.363552,2026-04-04T08:29:32.302568,126938.852,1,0.066,0.101,0.148,0.017,0.1035,0.01351,0.0,3,0.096,0.162,0.423,0.044,0.1575,0.025050000000000003,0.0,1,0.046,0.104,0.19,0.019,0.106,0.013340000000000001,0.0,42854.975422,42649.190673,58,27059.599117,26943.330751,29,0.0,0.0,0.0,0.258,0.258,0.0,2000.0,1258.09,16199.059,7.766
997,2026-04-04T08:29:34.303351,2026-04-04T08:31:36.159279,121855.757,1,0.036,0.092,0.247,0.023,0.0905,0.01455,0.0,3,0.054,0.144,0.524,0.054,0.132,0.030329999999999996,0.0,1,0.061,0.105,1.1,0.101,0.092,0.0286,0.0,41675.165521,41479.957817,52,21067.338011,20960.028079,47,0.0,0.0,0.0,0.515,0.0,0.515,2000.0,1250.703,16199.059,7.721
998,2026-04-04T08:31:38.159534,2026-04-04T08:33:48.229067,130069.474,1,0.027,0.095,0.59,0.055,0.086,0.02185,0.0,3,0.031,0.14,0.825,0.097,0.1255,0.03812,0.0,1,0.038,0.092,0.153,0.019,0.087,0.01509,0.0,40787.138085,37805.843742,63,24863.252312,24760.128789,39,0.0,0.0,0.0,0.0,0.0,0.0,2000.0,1259.707,16199.059,7.776
999,2026-04-04T08:33:50.233834,2026-04-04T08:35:56.975119,126741.122,1,0.041,0.156,4.119,0.421,0.08549999999999999,0.12221,0.0,3,0.076,0.135,0.274,0.031,0.1295,0.023010000000000003,0.0,1,0.056,0.092,0.342,0.03,0.08549999999999999,0.01599,0.0,21690.221998,19724.398598,236,23770.202932,23670.587153,705,0.0,0.0,0.0,0.775,0.258,0.517,2000.0,1246.164,16199.059,7.693
1000,2026-04-04T08:35:59.393489,2026-04-04T08:38:06.154712,126760.93,1,0.046,0.097,0.175,0.023,0.09,0.017410000000000002,0.0,3,0.071,0.135,0.367,0.04,0.124,0.02476,0.0,1,0.024,0.102,0.793,0.084,0.088,0.030559999999999997,0.0,41065.487476,39972.204176,55,20881.154052,20795.565758,304,0.0,0.0,0.0,0.262,0.0,0.262,2000.0,1264.82,16199.059,7.808
