iteration,started_at,completed_at,duration_ms,latency_h1_h2_hops,latency_h1_h2_min_ms,latency_h1_h2_avg_ms,latency_h1_h2_max_ms,latency_h1_h2_std_ms,latency_h1_h2_median_ms,jitter_h1_h2_ms,latency_h1_h2_loss_pct,latency_h1_h4_hops,latency_h1_h4_min_ms,latency_h1_h4_avg_ms,latency_h1_h4_max_ms,latency_h1_h4_std_ms,latency_h1_h4_median_ms,jitter_h1_h4_ms,latency_h1_h4_loss_pct,latency_h1_h6_hops,latency_h1_h6_min_ms,latency_h1_h6_avg_ms,latency_h1_h6_max_ms,latency_h1_h6_std_ms,latency_h1_h6_median_ms,jitter_h1_h6_ms,latency_h1_h6_loss_pct,bandwidth_h1_h2_mbps,throughput_h1_h2_mbps,retransmits_h1_h2,bandwidth_h1_h4_mbps,throughput_h1_h4_mbps,retransmits_h1_h4,packetloss_h1_h2_pct,packetloss_h1_h4_pct,packetloss_h1_h6_pct,cpu_total_busy_pct,cpu_user_pct,cpu_system_pct,cpu_sample_window_ms,mem_used_mb,mem_total_mb,mem_utilisation_pct
1,2026-03-30T10:46:18.849624,2026-03-30T10:47:51.494257,92644.591,1,11.074,39.708,88.163,20.284,37.4,18.2102,0.0,3,23.149,44.68,168.2,29.435,29.2,22.27572,0.0,1,12.322,35.613,137.234,27.506,18.0,23.1224,0.0,19.2,18.319,48,13.383,11.734,22,0.0,0.0,0.0,3.96,1.85,1.58,2000.0,1603.72,16199.04,9.9
2,2026-03-30T10:47:53.497399,2026-03-30T10:49:35.437045,101939.518,1,9.994,25.016,97.798,18.812,15.45,14.696142,0.0,3,21.44,37.41,121.734,21.626,28.45,14.8178,0.0,1,11.24,32.201,154.576,25.162,19.55,19.5912,0.0,18.775,12.45,48,15.493,12.026,14,0.0,0.0,0.0,3.5,1.25,1.25,2000.0,1602.41,16199.04,9.89
3,2026-03-30T10:49:37.602405,2026-03-30T10:51:13.951500,96348.937,1,11.378,48.376,188.821,33.897,46.95,26.44666,0.0,3,22.879,53.286,177.612,38.603,30.1,32.48112,0.0,1,13.714,47.603,139.939,28.898,41.95,22.74886,0.0,22.888,20.633,24,14.751,14.082,20,0.0,0.0,0.0,2.38,0.79,1.32,2000.0,1607.2,16199.04,9.92
4,2026-03-30T10:51:15.955209,2026-03-30T10:52:57.001534,101046.236,1,10.92,47.449,278.292,39.307,42.35,27.74588,0.0,3,24.387,86.57,238.625,50.939,77.6,41.98368,0.0,1,12.142,35.8,314.51,47.669,15.7,28.66008,0.0,17.197,13.077,31,16.517,15.451,15,0.0,0.0,0.0,2.91,1.32,1.06,2000.0,1607.7,16199.04,9.92
5,2026-03-30T10:52:59.005806,2026-03-30T10:54:34.521817,95515.904,1,12.028,48.059,158.824,26.386,50.45,20.63944,0.0,3,20.729,34.612,172.379,22.856,26.35,13.7572,0.0,1,10.208,38.395,147.576,27.896,24.4,24.20484,0.0,23.028,18.73,63,12.051,11.362,18,0.0,0.0,0.0,1.94,0.73,0.73,2000.0,1091.08,16199.04,6.74
6,2026-03-30T10:54:36.583241,2026-03-30T10:56:13.165946,96582.606,1,13.487,48.409,145.737,28.286,52.6,23.39892,0.0,3,24.608,88.168,371.051,61.671,77.0,45.6812,0.0,1,11.247,40.943,151.635,31.679,25.9,26.78306,0.0,21.33,20.292,63,13.772,13.247,14,0.0,0.0,0.0,1.85,0.79,1.06,2000.0,1089.42,16199.04,6.73
7,2026-03-30T10:56:15.175462,2026-03-30T10:57:59.226967,104051.414,1,12.439,40.35,183.523,36.913,17.2,29.34648,0.0,3,23.558,88.923,510.878,70.616,77.5,48.65184,0.0,1,12.62,45.989,168.916,29.157,40.7,23.94428,0.0,20.262,16.975,25,16.274,11.857,21,0.0,0.0,0.0,4.55,1.6,2.14,2000.0,1092.74,16199.04,6.75
8,2026-03-30T10:58:01.238453,2026-03-30T10:59:35.655054,94416.496,1,12.384,47.917,259.889,39.2,37.6,28.48856,0.0,3,22.782,43.562,144.591,29.249,27.85,23.4824,0.0,1,11.634,59.65,225.992,38.978,61.7,28.06256,0.0,14.338,13.793,23,13.408,12.643,17,0.0,0.0,0.0,2.62,0.79,1.57,2000.0,1085.47,16199.04,6.7
9,2026-03-30T10:59:37.658796,2026-03-30T11:01:18.829529,101170.627,1,12.56,48.867,180.957,32.284,49.25,26.483,0.0,3,23.029,50.397,155.169,37.62,28.3,31.0233,0.0,1,12.061,57.09,307.816,55.233,48.25,39.2978,0.0,18.605,12.827,30,14.824,13.986,23,0.0,0.0,0.0,2.86,0.78,1.3,2000.0,1089.79,16199.04,6.73
10,2026-03-30T11:01:21.102910,2026-03-30T11:02:58.827631,97724.646,1,12.165,44.913,246.252,42.676,23.5,31.67592,0.0,3,22.384,42.26,178.278,32.436,27.1,24.4093,0.0,1,12.1,42.687,173.688,34.689,28.5,28.32556,0.0,19.208,17.498,26,18.303,17.473,11,0.0,0.0,0.0,1.76,0.76,0.76,2000.0,1089.69,16199.04,6.73
11,2026-03-30T11:03:00.829918,2026-03-30T11:04:49.335478,108505.465,1,11.781,60.211,240.03,36.246,62.55,23.9861,0.0,3,22.89,92.565,323.504,63.925,94.5,51.965,0.0,1,12.086,43.878,223.675,41.993,17.2,33.73008,0.0,22.191,19.615,28,16.483,9.795,13,0.0,0.0,0.0,2.87,0.52,1.57,2000.0,1086.27,16199.04,6.71
12,2026-03-30T11:04:51.338851,2026-03-30T11:06:34.756311,103417.371,1,10.848,28.111,200.44,32.875,14.7,21.16472,0.0,3,22.071,37.104,157.305,26.021,26.6,17.45532,0.0,1,11.769,35.247,356.189,44.331,15.9,25.99904,0.0,20.42,11.599,41,14.218,13.43,11,0.0,0.0,0.0,1.31,0.79,0.26,2000.0,1080.8,16199.04,6.67
13,2026-03-30T11:06:36.763410,2026-03-30T11:08:12.555620,95792.12,1,12.718,41.311,144.632,29.318,34.15,24.33004,0.0,3,23.242,48.542,145.921,33.348,27.85,27.49712,0.0,1,10.941,28.44,160.748,28.045,15.15,20.4564,0.0,26.758,24.764,35,19.573,18.403,14,0.0,0.0,0.0,2.09,0.78,0.78,2000.0,1082.66,16199.04,6.68
14,2026-03-30T11:08:14.565412,2026-03-30T11:09:57.907050,103341.569,1,12.824,65.167,258.913,45.848,61.95,30.3824,0.0,3,23.626,113.12,599.982,129.216,58.25,92.7396,0.0,1,12.481,43.677,273.758,45.064,18.05,33.48316,0.0,22.658,19.757,57,15.492,11.454,21,0.0,0.0,0.0,4.0,2.13,1.07,2000.0,1071.9,16199.04,6.62
15,2026-03-30T11:09:59.923677,2026-03-30T11:11:37.186460,97262.705,1,12.752,51.372,258.413,46.985,33.75,33.61716,0.0,3,23.334,70.736,235.129,49.143,55.4,41.09684,0.0,1,12.581,61.083,231.533,47.716,50.05,37.09512,0.0,14.188,13.266,47,13.142,12.424,23,0.0,0.0,0.0,3.39,1.3,1.56,2000.0,1073.33,16199.04,6.63
16,2026-03-30T11:11:39.189350,2026-03-30T11:13:17.625046,98435.628,1,12.117,56.645,521.332,72.229,24.1,43.81648,0.0,3,23.936,74.55,222.083,48.981,61.1,39.44192,0.0,1,12.227,64.955,283.466,58.164,54.75,42.85396,0.0,20.035,17.221,27,13.797,12.658,26,0.0,0.0,0.0,2.36,0.79,1.31,2000.0,1079.45,16199.04,6.66
17,2026-03-30T11:13:19.634384,2026-03-30T11:14:59.171002,99536.545,1,11.999,50.366,196.764,42.807,38.5,33.7826,0.0,3,22.745,72.604,201.361,45.121,60.55,38.96164,0.0,1,11.33,52.473,232.967,40.311,49.25,29.81664,0.0,23.645,20.796,46,13.485,11.612,16,0.0,0.0,0.0,1.75,0.75,0.75,2000.0,1084.72,16199.04,6.7
18,2026-03-30T11:15:01.219172,2026-03-30T11:16:41.550509,100331.203,1,11.602,32.703,177.594,31.933,14.7,24.55162,0.0,3,21.904,41.294,124.579,28.637,26.25,22.89984,0.0,1,11.473,63.541,284.432,46.835,61.4,32.43568,0.0,19.089,18.297,20,13.567,11.611,13,0.0,0.0,0.0,1.82,0.26,0.78,2000.0,1082.86,16199.04,6.68
19,2026-03-30T11:16:43.555601,2026-03-30T11:18:19.614807,96059.105,1,12.29,39.853,156.4,35.841,19.2,28.0471,0.0,3,25.661,93.938,291.403,47.921,92.8,37.377,0.0,1,11.743,35.377,128.746,28.233,16.65,24.13346,0.0,25.499,19.754,54,17.734,16.854,16,0.0,0.0,0.0,2.35,0.52,1.31,2000.0,1082.52,16199.04,6.68
20,2026-03-30T11:18:21.619130,2026-03-30T11:20:02.122918,100503.713,1,11.365,53.995,273.959,54.504,45.2,36.78712,0.0,3,21.773,76.634,217.554,50.544,67.1,43.92392,0.0,1,11.226,32.555,148.559,29.996,15.8,21.6657,0.0,23.412,21.775,44,15.263,11.423,19,0.0,0.0,0.0,2.08,1.04,0.78,2000.0,1084.87,16199.04,6.7
21,2026-03-30T11:20:04.128318,2026-03-30T11:21:46.192771,102064.364,1,11.533,42.168,202.701,33.585,31.2,26.8259,0.0,3,22.776,86.918,481.495,85.472,53.3,62.23756,0.0,1,11.493,72.937,610.133,109.297,31.3,68.225,0.0,22.315,17.0,26,14.919,14.104,16,0.0,0.0,0.0,2.4,0.8,1.6,2000.0,1083.25,16199.04,6.69
22,2026-03-30T11:21:48.214108,2026-03-30T11:23:22.926906,94712.713,1,11.835,49.936,225.976,39.47,50.7,27.9903,0.0,3,25.294,82.492,246.106,49.196,74.15,38.267,0.0,1,11.081,39.903,175.859,31.661,28.85,24.506,0.0,16.989,16.023,41,13.639,12.756,48,0.0,0.0,0.0,2.09,0.26,1.31,2000.0,1075.94,16199.04,6.64
23,2026-03-30T11:23:24.934459,2026-03-30T11:25:03.746098,98811.551,1,10.917,46.879,326.304,39.714,42.15,25.3811,0.0,3,22.308,52.754,219.121,45.307,27.95,34.5424,0.0,1,12.275,58.391,376.131,60.667,42.2,39.0594,0.0,24.106,20.667,41,15.323,13.987,29,0.0,0.0,0.0,3.99,1.33,1.86,2000.0,1079.68,16199.04,6.67
24,2026-03-30T11:25:05.758501,2026-03-30T11:26:49.747210,103988.605,1,11.847,53.645,208.857,37.268,52.35,30.09186,0.0,3,23.331,75.233,380.446,68.947,45.7,50.68544,0.0,1,10.669,52.548,203.175,39.698,49.25,30.0668,0.0,22.708,16.988,25,22.35,18.787,25,0.0,0.0,0.0,3.15,0.79,1.57,2000.0,1084.3,16199.04,6.69
25,2026-03-30T11:26:51.772932,2026-03-30T11:28:30.933157,99160.143,1,10.64,49.432,250.424,43.232,33.15,33.87696,0.0,3,23.257,58.34,369.254,55.217,28.45,39.96306,0.0,1,11.824,56.268,289.619,45.619,53.0,31.2308,0.0,19.241,15.273,23,19.903,16.704,45,0.0,0.0,0.0,2.09,0.79,0.79,2000.0,1087.38,16199.04,6.71
26,2026-03-30T11:28:32.937461,2026-03-30T11:30:12.690055,99752.23,1,11.871,48.858,338.026,48.621,31.45,34.72556,0.0,3,22.978,75.648,230.656,46.957,60.1,41.01368,0.0,1,12.023,31.127,204.965,35.284,14.85,24.5292,0.0,22.023,19.386,18,17.36,16.53,9,0.0,0.0,0.0,2.09,0.52,1.05,2000.0,1082.34,16199.04,6.68
27,2026-03-30T11:30:14.970952,2026-03-30T11:31:53.752942,98781.565,1,12.284,53.969,203.457,37.952,51.95,29.0443,0.0,3,22.576,81.465,275.887,50.473,80.75,39.037,0.0,1,11.664,50.888,144.775,32.97,55.65,27.89168,0.0,23.534,20.191,89,15.049,12.455,14,0.0,0.0,0.0,2.34,0.78,1.3,2000.0,1086.67,16199.04,6.71
28,2026-03-30T11:31:55.904454,2026-03-30T11:33:38.034691,102130.161,1,12.525,49.999,199.398,40.628,40.3,31.8485,0.0,3,22.831,64.033,284.303,45.782,50.3,36.36478,0.0,1,11.272,37.298,302.022,48.412,15.9,29.1891,0.0,23.74,18.646,26,15.595,14.792,14,0.0,0.0,0.0,2.08,0.52,1.04,2000.0,1086.87,16199.04,6.71
29,2026-03-30T11:33:40.037809,2026-03-30T11:35:19.653046,99615.142,1,10.719,53.517,282.297,57.345,26.1,41.0656,0.0,3,23.966,103.706,464.579,83.714,85.75,57.65944,0.0,1,12.132,87.408,557.793,98.988,60.2,68.8018,0.0,23.987,20.596,62,15.297,12.856,18,0.0,0.0,0.0,3.96,1.06,2.37,2000.0,1084.03,16199.04,6.69
30,2026-03-30T11:35:21.662165,2026-03-30T11:37:00.164216,98501.984,1,11.708,35.422,203.567,32.17,15.9,24.56308,0.0,3,22.395,74.388,263.563,42.886,67.35,34.97836,0.0,1,11.265,52.146,190.568,37.302,52.15,29.33,0.0,22.244,19.289,41,12.799,11.104,14,0.0,0.0,0.0,3.13,1.04,1.57,2000.0,1083.71,16199.04,6.69
31,2026-03-30T11:37:02.172072,2026-03-30T11:38:40.190858,98018.711,1,10.604,41.838,150.208,32.164,31.35,27.26112,0.0,3,23.241,43.671,360.905,47.356,27.75,26.32172,0.0,1,13.397,54.714,138.328,28.24,56.85,21.47164,0.0,23.091,20.724,29,14.835,13.578,18,0.0,0.0,0.0,2.85,0.52,1.55,2000.0,1081.47,16199.04,6.68
32,2026-03-30T11:38:42.221738,2026-03-30T11:40:21.258895,99037.056,1,12.752,64.901,282.648,55.242,61.8,40.76516,0.0,3,23.246,76.13,258.077,45.818,62.8,37.09476,0.0,1,11.439,43.253,282.41,46.973,21.35,32.90258,0.0,22.781,21.263,40,17.193,16.183,34,0.0,0.0,0.0,2.62,1.31,0.79,2000.0,1081.88,16199.04,6.68
33,2026-03-30T11:40:23.532244,2026-03-30T11:42:02.923346,99391.005,1,13.115,45.728,144.837,30.547,48.3,26.9768,0.0,3,22.83,74.142,227.259,53.407,51.45,46.15848,0.0,1,13.142,65.826,261.785,45.738,58.1,33.24092,0.0,16.422,14.635,12,15.723,12.454,31,0.0,0.0,0.0,2.71,1.48,0.74,2000.0,1081.85,16199.04,6.68
34,2026-03-30T11:42:04.929943,2026-03-30T11:43:41.442360,96512.337,1,13.476,72.17,253.406,54.028,59.3,38.79916,0.0,3,25.401,93.564,242.182,53.449,91.75,44.574,0.0,1,12.98,52.97,259.677,45.507,40.9,34.78262,0.0,18.613,16.905,34,10.686,9.151,24,0.0,0.0,0.0,2.93,0.8,1.86,2000.0,1081.81,16199.04,6.68
35,2026-03-30T11:43:43.445993,2026-03-30T11:45:40.612545,117166.486,1,10.818,38.617,93.486,22.517,35.8,19.77256,0.0,3,22.651,34.581,177.555,23.313,27.25,12.88196,0.0,1,12.612,52.809,152.962,27.864,53.75,21.36344,0.0,14.919,8.842,14,25.593,8.927,15,0.0,0.0,0.0,1.35,0.23,0.68,2000.0,1083.27,16199.04,6.69
36,2026-03-30T11:45:42.613601,2026-03-30T11:47:19.945451,97331.796,1,10.627,48.39,119.849,22.353,54.8,18.41112,0.0,3,20.662,72.304,168.502,38.505,67.65,34.44032,0.0,1,10.822,34.999,184.908,28.873,19.1,23.73142,0.0,15.467,11.786,6,20.428,19.282,4,0.0,0.0,0.0,2.01,0.5,1.0,2000.0,1083.94,16199.04,6.69
37,2026-03-30T11:47:22.366027,2026-03-30T11:49:50.051874,147685.798,1,11.676,52.581,136.233,27.957,56.95,22.42148,0.0,3,21.353,114.63,396.784,60.336,105.0,42.87306,0.0,1,11.308,45.707,126.383,23.925,52.3,20.7127,0.0,23.628,6.504,4,,,,0.0,0.0,0.0,0.77,0.26,0.26,2000.0,1083.28,16199.04,6.69
38,2026-03-30T11:49:52.062329,2026-03-30T11:51:34.597121,102534.748,1,10.4,46.788,470.687,70.77,15.35,40.09178,0.0,3,19.388,54.069,158.462,37.764,33.65,32.74294,0.0,1,10.612,42.865,125.263,24.143,44.05,20.933,0.0,23.07,20.465,7,18.288,11.867,3,0.0,0.0,0.0,1.28,0.26,0.77,2000.0,1077.59,16199.04,6.65
39,2026-03-30T11:51:36.606751,2026-03-30T11:53:14.328970,97722.163,1,10.746,41.732,115.416,25.762,47.5,23.2907,0.0,3,21.553,74.389,325.512,43.505,73.3,34.77012,0.0,1,10.566,32.528,315.733,48.037,12.8,29.43672,0.0,22.145,20.816,14,22.232,17.097,13,0.0,0.0,0.0,0.78,0.0,0.78,2000.0,1080.75,16199.04,6.67
40,2026-03-30T11:53:16.331410,2026-03-30T11:55:02.621310,106289.865,1,10.249,35.961,112.326,24.409,30.15,21.35872,0.0,3,18.821,47.294,106.836,30.339,26.75,26.94172,0.0,1,10.651,43.421,127.746,24.939,51.35,22.26126,0.0,20.501,9.812,6,18.42,16.313,10,0.0,0.0,0.0,1.49,0.5,0.74,2000.0,1080.45,16199.04,6.67
41,2026-03-30T11:55:04.629013,2026-03-30T11:56:38.830293,94201.215,1,11.724,55.023,156.351,24.742,62.1,18.4172,0.0,3,20.575,78.536,297.185,40.751,85.25,32.22244,0.0,1,12.917,58.874,125.116,21.999,62.4,14.7679,0.0,20.802,17.115,10,19.714,16.113,12,0.0,0.0,0.0,1.02,0.51,0.51,2000.0,1081.09,16199.04,6.67
42,2026-03-30T11:56:40.840444,2026-03-30T11:58:21.999080,101158.535,1,10.389,40.911,125.04,28.621,33.55,25.42024,0.0,3,20.425,76.581,202.211,42.002,83.2,36.77544,0.0,1,9.885,20.476,107.197,20.908,12.0,14.093936,0.0,14.568,11.615,2,20.922,15.991,3,0.0,0.0,0.0,0.5,0.0,0.5,2000.0,1078.4,16199.04,6.66
43,2026-03-30T11:58:24.177522,2026-03-30T12:00:33.347560,129169.977,1,11.397,50.341,141.426,27.734,61.8,22.7064,0.0,3,20.461,59.619,253.051,49.439,30.65,40.3434,0.0,1,11.06,49.986,146.538,32.61,51.2,25.76898,0.0,,,,16.88,13.017,2,0.0,0.0,0.0,1.77,0.51,0.76,2000.0,1080.13,16199.04,6.67
44,2026-03-30T12:00:35.358435,2026-03-30T12:02:44.235768,128877.261,1,11.537,50.349,144.422,22.961,59.7,18.18256,0.0,3,19.812,32.774,125.436,23.547,23.1,15.99712,0.0,1,10.147,26.131,83.77,21.297,12.75,18.61016,0.0,,,,21.938,20.564,9,0.0,0.0,0.0,0.51,0.25,0.0,2000.0,1073.59,16199.04,6.63
45,2026-03-30T12:02:46.237648,2026-03-30T12:04:23.642472,97404.768,1,9.996,39.851,136.162,26.815,39.45,23.655,0.0,3,20.392,56.047,130.263,32.235,50.3,28.32808,0.0,1,10.716,54.762,153.214,30.33,59.55,22.48618,0.0,24.442,20.843,8,12.566,10.232,7,0.0,0.0,0.0,0.77,0.51,0.26,2000.0,1070.24,16199.04,6.61
46,2026-03-30T12:04:25.645620,2026-03-30T12:06:32.368962,126723.302,1,9.918,32.974,94.707,24.252,18.8,22.01219,0.0,3,18.86,58.659,388.582,47.778,42.0,33.6692,0.0,1,10.352,47.368,415.204,46.227,49.75,27.6086,0.0,22.688,21.628,28,,,,0.0,0.0,0.0,1.42,0.47,0.47,2000.0,1071.58,16199.04,6.62
47,2026-03-30T12:06:34.740601,2026-03-30T12:08:13.506205,98765.566,1,9.659,48.166,148.461,28.78,52.6,24.039196,0.0,3,21.997,116.498,469.147,74.434,104.5,45.62728,0.0,1,10.947,42.774,124.188,25.002,50.85,22.18008,0.0,18.944,16.839,8,18.236,13.826,4,0.0,0.0,0.0,1.53,0.51,0.51,2000.0,1068.34,16199.04,6.6
48,2026-03-30T12:08:15.510285,2026-03-30T12:09:52.853620,97342.907,1,9.209,14.691,104.495,11.788,11.85,5.227402,0.0,3,20.895,102.334,346.294,48.019,104.0,31.8116,0.0,1,10.115,60.478,643.552,62.541,61.9,20.7472,0.0,23.872,18.897,6,21.503,18.964,7,0.0,0.0,0.0,0.98,0.24,0.49,2000.0,1069.59,16199.04,6.6
49,2026-03-30T12:09:54.910714,2026-03-30T12:11:48.181773,113271.023,1,10.053,36.819,105.732,25.464,28.85,23.49274,0.0,3,19.366,40.875,213.817,36.786,23.0,27.1872,0.0,1,9.875,50.095,174.038,29.791,55.4,23.640552,0.0,17.212,7.577,3,10.903,8.034,3,0.0,0.0,0.0,1.03,0.51,0.26,2000.0,1069.16,16199.04,6.6
50,2026-03-30T12:11:50.198053,2026-03-30T12:13:38.101943,107903.824,1,9.874,42.558,121.697,26.127,42.55,22.7423,0.0,3,19.539,57.173,187.565,42.361,26.35,37.86168,0.0,1,9.64,22.713,125.874,21.608,12.2,16.3828,0.0,28.722,14.097,4,14.503,12.469,1,0.0,0.0,0.0,1.27,0.0,1.02,2000.0,1072.4,16199.04,6.62
51,2026-03-30T12:13:40.103454,2026-03-30T12:15:46.732997,126629.479,1,10.046,44.092,162.815,27.618,44.0,22.363,0.0,3,20.167,49.762,155.995,34.905,25.65,30.09876,0.0,1,10.168,48.649,104.04,23.383,53.95,19.66996,0.0,18.158,17.127,7,,,,0.0,0.0,0.0,0.51,0.26,0.26,2000.0,1073.38,16199.04,6.63
52,2026-03-30T12:15:48.743799,2026-03-30T12:17:51.466160,122722.314,1,10.188,34.848,176.219,31.961,13.95,26.89344,0.0,3,19.936,51.408,222.803,42.005,24.55,34.98912,0.0,1,10.657,47.549,141.799,23.727,52.0,19.4917,0.0,21.062,18.167,7,17.608,4.833,2,0.0,0.0,0.0,0.68,0.23,0.23,2000.0,1071.57,16199.04,6.62
53,2026-03-30T12:17:53.491304,2026-03-30T12:19:33.924978,100433.627,1,10.167,43.306,153.245,34.57,40.45,27.441,0.0,3,19.659,38.806,234.421,36.151,23.1,24.5539,0.0,1,10.228,37.131,96.79,25.073,30.8,22.3986,0.0,23.8,19.048,6,21.42,17.071,5,0.0,0.0,0.0,0.77,0.26,0.51,2000.0,1067.93,16199.04,6.59
54,2026-03-30T12:19:35.928201,2026-03-30T12:21:16.485501,100557.246,1,10.057,43.346,138.282,27.06,52.4,23.54868,0.0,3,18.442,50.933,182.333,39.889,24.45,33.58168,0.0,1,9.578,42.433,191.785,34.075,36.1,25.852284,0.0,14.764,13.073,8,26.064,20.522,12,0.0,0.0,0.0,0.67,0.17,0.33,2000.0,1071.39,16199.04,6.61
55,2026-03-30T12:21:18.551896,2026-03-30T12:22:55.237607,96685.654,1,9.831,20.312,100.954,19.108,12.5,13.414464,0.0,3,20.154,68.088,178.275,42.112,56.95,36.8296,0.0,1,11.541,60.054,168.65,29.076,62.3,19.0868,0.0,28.483,27.394,10,24.932,22.216,10,0.0,0.0,0.0,0.97,0.72,0.24,2000.0,1065.31,16199.04,6.58
56,2026-03-30T12:22:57.504177,2026-03-30T12:24:32.404450,94900.208,1,9.584,37.087,169.7,32.509,19.4,26.497848,0.0,3,20.155,65.266,204.101,40.644,60.7,33.1833,0.0,1,9.331,23.762,83.156,20.003,12.75,16.437224,0.0,24.721,22.031,5,26.364,25.255,14,0.0,0.0,0.0,0.74,0.25,0.0,2000.0,1070.99,16199.04,6.61
57,2026-03-30T12:24:34.717819,2026-03-30T12:26:16.127237,101409.362,1,10.93,41.859,104.56,23.132,44.0,20.725,0.0,3,19.614,49.995,206.641,40.553,23.55,33.6762,0.0,1,9.205,33.962,144.05,30.819,14.0,25.351008,0.0,15.076,10.133,1,20.926,17.379,16,0.0,0.0,0.0,0.95,0.48,0.48,2000.0,1075.81,16199.04,6.64
58,2026-03-30T12:26:18.158221,2026-03-30T12:28:10.017424,111859.129,1,10.537,43.438,166.933,28.608,51.6,24.09824,0.0,3,19.406,45.563,152.237,34.502,24.55,28.54996,0.0,1,10.913,41.284,207.192,33.152,35.85,25.7381,0.0,20.945,16.374,9,24.155,11.538,10,0.0,0.0,0.0,1.27,0.25,0.76,2000.0,1069.14,16199.04,6.6
59,2026-03-30T12:28:12.133515,2026-03-30T12:29:58.569670,106436.091,1,9.973,29.014,114.488,28.827,12.15,24.076114,0.0,3,19.322,53.991,160.05,36.086,36.6,32.37754,0.0,1,9.94,24.869,104.582,21.927,12.65,17.956904,0.0,13.778,11.273,14,24.429,19.639,8,0.0,0.0,0.0,1.17,0.23,0.7,2000.0,1070.1,16199.04,6.61
60,2026-03-30T12:30:00.697939,2026-03-30T12:31:47.565755,106867.763,1,10.82,47.122,159.045,28.883,56.7,24.32424,0.0,3,24.146,102.914,256.072,42.534,104.0,29.0817,0.0,1,14.259,58.02,122.927,20.338,61.95,14.17072,0.0,16.528,14.218,3,19.596,12.578,2,0.0,0.0,0.0,1.02,0.51,0.51,2000.0,1070.44,16199.04,6.61
61,2026-03-30T12:31:49.569280,2026-03-30T12:33:23.970134,94400.785,1,10.672,49.749,187.08,31.522,53.6,23.3505,0.0,3,20.301,83.435,405.998,71.842,73.75,51.0515,0.0,1,11.465,52.103,133.333,27.898,56.4,21.57112,0.0,22.127,19.822,5,23.194,21.845,12,0.0,0.0,0.0,0.77,0.26,0.26,2000.0,1070.21,16199.04,6.61
62,2026-03-30T12:33:25.973030,2026-03-30T12:35:05.190269,99217.16,1,10.164,46.023,143.711,28.021,53.65,23.95204,0.0,3,21.081,78.609,186.064,35.199,81.1,29.63352,0.0,1,10.757,49.126,126.103,30.3,59.5,25.44342,0.0,20.167,17.052,6,17.512,14.439,7,0.0,0.0,0.0,1.28,0.26,0.77,2000.0,1069.54,16199.04,6.6
63,2026-03-30T12:35:07.413566,2026-03-30T12:36:52.809118,105395.494,1,10.613,72.208,613.72,84.324,62.3,43.28802,0.0,3,21.56,82.774,314.099,49.049,89.95,37.4965,0.0,1,11.915,49.472,113.814,21.73,54.95,18.1512,0.0,9.849,4.284,5,33.026,29.898,7,0.0,0.0,0.0,1.01,0.25,0.76,2000.0,1077.8,16199.04,6.65
64,2026-03-30T12:36:54.816040,2026-03-30T12:38:30.758581,95942.494,1,9.612,24.827,147.889,23.082,12.55,17.66632,0.0,3,19.374,35.318,136.958,27.762,23.3,19.51044,0.0,1,10.43,44.28,83.238,20.798,52.0,18.90176,0.0,21.369,16.088,6,28.375,25.509,8,0.0,0.0,0.0,1.03,0.26,0.51,2000.0,1074.06,16199.04,6.63
65,2026-03-30T12:38:32.764481,2026-03-30T12:40:09.415027,96650.472,1,10.795,39.235,155.46,28.202,33.5,23.65648,0.0,3,19.791,24.335,95.223,9.205,23.15,2.93432,0.0,1,10.387,33.605,167.099,27.281,14.05,23.31872,0.0,32.359,23.876,9,22.453,17.74,8,0.0,0.0,0.0,0.97,0.24,0.48,2000.0,1079.59,16199.04,6.66
66,2026-03-30T12:40:11.416905,2026-03-30T12:42:19.992568,128575.584,1,9.499,44.569,198.626,40.311,31.75,31.432224,0.0,3,20.763,66.834,231.066,47.724,56.55,40.09472,0.0,1,10.908,32.098,157.031,29.043,14.1,24.04648,0.0,31.282,26.873,3,,,,0.0,0.0,0.0,0.5,0.25,0.25,2000.0,1086.23,16199.04,6.71
67,2026-03-30T12:42:22.001452,2026-03-30T12:44:28.751884,126750.363,1,11.315,43.416,172.489,26.795,44.0,22.284,0.0,3,21.226,64.437,166.723,39.21,51.25,35.90512,0.0,1,10.578,41.264,167.066,26.846,41.45,21.86664,0.0,29.115,23.499,6,,,,0.0,0.0,0.0,0.95,0.24,0.48,2000.0,1079.92,16199.04,6.67
68,2026-03-30T12:44:30.806733,2026-03-30T12:46:35.835996,125029.184,1,11.775,53.541,276.276,34.779,58.2,23.2598,0.0,3,22.77,85.8,196.889,35.372,93.55,29.2148,0.0,1,10.685,48.929,159.819,29.261,53.15,23.8655,0.0,37.237,30.229,5,,,,0.0,0.0,0.0,0.77,0.0,0.51,2000.0,1091.74,16199.04,6.74
69,2026-03-30T12:46:37.866002,2026-03-30T12:48:17.469499,99603.436,1,10.294,45.395,122.237,30.353,51.2,27.51448,0.0,3,20.526,64.75,179.62,41.762,53.1,37.6806,0.0,1,10.176,37.582,93.521,26.892,30.1,24.7861,0.0,31.175,26.681,17,26.654,21.752,2,0.0,0.0,0.0,1.0,0.0,0.75,2000.0,1086.87,16199.04,6.71
70,2026-03-30T12:48:19.492280,2026-03-30T12:49:56.688165,97195.814,1,10.937,53.542,125.459,22.251,61.9,17.1812,0.0,3,24.653,80.997,176.983,30.985,84.4,26.13048,0.0,1,9.92,49.969,125.878,24.811,56.3,20.230368,0.0,24.512,20.302,4,28.444,21.973,8,0.0,0.0,0.0,1.25,0.25,0.75,2000.0,1083.77,16199.04,6.69
71,2026-03-30T12:49:58.701174,2026-03-30T12:52:18.757339,140056.099,1,10.709,49.96,226.654,34.32,52.5,24.8849,0.0,3,20.007,28.368,181.734,22.757,23.35,9.54408,0.0,1,10.493,23.936,84.234,21.338,13.0,17.20576,0.0,20.024,11.314,3,,,,0.0,0.0,0.0,0.77,0.0,0.51,2000.0,1086.01,16199.04,6.7
72,2026-03-30T12:52:20.770228,2026-03-30T12:54:28.122057,127351.788,1,11.069,44.622,157.532,29.509,51.35,24.832,0.0,3,24.752,97.14,230.809,37.254,104.0,28.4712,0.0,1,11.186,53.528,167.763,30.623,61.1,22.53348,0.0,,,,23.051,20.071,8,0.0,0.0,0.0,0.77,0.26,0.51,2000.0,1084.09,16199.04,6.69
73,2026-03-30T12:54:30.125987,2026-03-30T12:56:34.986227,124860.204,1,11.273,45.7,104.651,21.685,52.2,18.7389,0.0,3,19.518,56.881,284.934,47.363,25.4,38.26048,0.0,1,10.914,48.705,150.325,23.311,54.65,19.0604,0.0,,,,26.431,22.937,7,0.0,0.0,0.0,0.51,0.26,0.26,2000.0,1077.61,16199.04,6.65
74,2026-03-30T12:56:36.996041,2026-03-30T12:58:41.613628,124617.528,1,10.334,47.241,187.631,34.467,48.35,27.39544,0.0,3,22.731,97.064,271.997,44.902,102.5,31.379,0.0,1,13.344,54.263,164.702,24.415,61.05,18.00952,0.0,21.039,20.133,12,26.599,8.875,5,0.0,0.0,0.0,0.76,0.25,0.51,2000.0,1068.8,16199.04,6.6
75,2026-03-30T12:58:43.620058,2026-03-30T13:00:20.818604,97198.501,1,10.327,42.012,127.803,26.671,48.2,23.72256,0.0,3,20.408,87.978,233.966,41.809,94.05,33.36422,0.0,1,10.267,41.036,149.052,33.901,22.95,29.0566,0.0,28.02,22.844,7,27.97,24.971,4,0.0,0.0,0.0,0.52,0.26,0.26,2000.0,1080.94,16199.04,6.67
76,2026-03-30T13:00:22.829318,2026-03-30T13:02:21.155923,118326.563,1,11.068,55.247,228.503,37.884,55.85,27.56656,0.0,3,24.748,88.69,248.211,36.134,94.65,28.50912,0.0,1,11.389,63.222,277.599,54.512,61.55,33.3778,0.0,28.924,10.556,1,22.354,21.291,8,0.0,0.0,0.0,1.28,0.26,1.03,2000.0,1078.65,16199.04,6.66
77,2026-03-30T13:02:23.164496,2026-03-30T13:04:03.289420,100124.871,1,11.34,62.823,233.181,35.062,62.25,22.2996,0.0,3,21.484,74.742,219.811,47.543,70.3,40.26004,0.0,1,12.339,66.146,203.787,35.588,62.45,23.7805,0.0,17.653,14.658,11,15.225,13.518,8,0.0,0.0,0.0,1.5,0.75,0.5,2000.0,1071.15,16199.04,6.61
78,2026-03-30T13:04:05.502299,2026-03-30T13:05:43.221759,97719.385,1,10.971,41.228,231.06,33.641,37.7,25.72752,0.0,3,21.11,74.582,180.541,34.642,76.2,29.30968,0.0,1,10.576,42.391,183.687,34.31,30.8,27.69584,0.0,23.014,17.544,6,27.403,26.243,9,0.0,0.0,0.0,0.72,0.24,0.24,2000.0,1075.78,16199.04,6.64
79,2026-03-30T13:05:45.330292,2026-03-30T13:07:23.294706,97964.354,1,11.071,51.559,177.585,28.654,52.45,21.52568,0.0,3,21.313,68.209,181.485,44.822,59.3,38.80328,0.0,1,11.985,73.825,302.47,46.833,63.1,27.51692,0.0,19.477,15.421,9,13.349,10.344,8,0.0,0.0,0.0,1.29,0.26,0.77,2000.0,1079.04,16199.04,6.66
80,2026-03-30T13:07:25.300123,2026-03-30T13:09:15.214485,109914.303,1,11.96,56.893,178.636,30.664,61.9,22.6624,0.0,3,20.776,64.882,249.949,48.192,48.5,40.21102,0.0,1,9.701,17.244,92.931,16.121,11.7,9.58053,0.0,27.666,16.884,0,26.434,21.465,3,0.0,0.0,0.0,1.28,0.51,0.51,2000.0,1072.97,16199.04,6.62
81,2026-03-30T13:09:17.290852,2026-03-30T13:10:57.758101,100467.172,1,11.239,35.348,155.066,28.453,19.65,23.50936,0.0,3,22.242,95.037,241.108,41.926,104.0,32.426,0.0,1,10.9,69.837,338.587,50.122,62.6,31.47376,0.0,16.497,14.091,6,25.004,22.07,4,0.0,0.0,0.0,1.02,0.26,0.51,2000.0,1077.09,16199.04,6.65
82,2026-03-30T13:10:59.765080,2026-03-30T13:12:38.998116,99232.934,1,10.803,35.595,278.678,35.228,14.25,25.9444,0.0,3,21.504,67.682,208.509,46.336,54.9,40.77132,0.0,1,10.671,47.509,219.038,32.737,53.25,25.48732,0.0,22.175,18.431,5,39.868,37.186,12,0.0,0.0,0.0,1.3,0.26,0.78,2000.0,1079.79,16199.04,6.67
83,2026-03-30T13:12:41.130766,2026-03-30T13:14:21.700324,100569.495,1,10.268,35.328,131.209,28.246,15.55,24.53184,0.0,3,20.344,66.026,327.36,52.625,50.65,39.40506,0.0,1,12.546,62.235,179.722,23.934,62.6,13.9724,0.0,16.219,14.318,4,25.504,19.112,14,0.0,0.0,0.0,1.02,0.26,0.51,2000.0,1069.65,16199.04,6.6
84,2026-03-30T13:14:23.706665,2026-03-30T13:16:00.629336,96922.619,1,11.054,50.694,287.375,50.553,42.9,33.25048,0.0,3,19.442,46.744,135.918,33.653,24.55,29.3359,0.0,1,10.973,44.656,179.145,31.964,46.7,26.571,0.0,20.996,19.578,12,36.581,33.064,13,0.0,0.0,0.0,1.1,0.44,0.44,2000.0,1069.58,16199.04,6.6
85,2026-03-30T13:16:02.631092,2026-03-30T13:17:38.021312,95390.164,1,10.197,41.977,93.296,24.061,52.05,22.4238,0.0,3,21.352,83.319,225.068,46.962,94.45,39.5139,0.0,1,10.14,59.167,252.022,49.178,56.65,32.36478,0.0,24.847,21.084,10,22.336,19.705,8,0.0,0.0,0.0,0.92,0.46,0.46,2000.0,1072.54,16199.04,6.62
86,2026-03-30T13:17:40.025196,2026-03-30T13:19:52.674532,132649.277,1,10.437,36.789,123.582,27.034,23.8,24.46492,0.0,3,19.511,65.07,225.976,40.953,53.4,36.20856,0.0,1,10.744,47.27,189.311,37.676,46.95,31.437,0.0,22.049,6.362,13,21.313,12.956,17,0.0,0.0,0.0,1.03,0.26,0.26,2000.0,1068.16,16199.04,6.59
87,2026-03-30T13:19:54.677354,2026-03-30T13:21:40.102066,105424.654,1,9.503,17.37,73.425,14.826,12.1,9.395696,0.0,3,20.856,75.686,187.733,39.551,85.05,35.06152,0.0,1,10.978,42.882,270.913,39.167,32.5,28.12048,0.0,20.14,16.232,13,23.706,17.058,12,0.0,0.0,0.0,1.18,0.47,0.47,2000.0,1070.02,16199.04,6.61
88,2026-03-30T13:21:42.109014,2026-03-30T13:24:17.197382,155088.291,1,10.002,42.55,168.12,29.506,42.6,24.471,0.0,3,18.837,55.535,179.899,41.325,26.15,35.8632,0.0,1,10.88,47.328,119.164,23.997,52.15,20.23132,0.0,,,,,,,0.0,0.0,0.0,0.96,0.24,0.72,2000.0,1080.07,16199.04,6.67
89,2026-03-30T13:24:19.242846,2026-03-30T13:26:00.327781,101084.858,1,11.339,56.898,136.117,27.85,62.3,20.85124,0.0,3,20.786,46.561,192.956,38.921,24.1,31.1161,0.0,1,10.351,38.227,104.466,24.275,37.45,21.99544,0.0,18.139,10.617,39,24.599,22.142,1,0.0,0.0,0.0,1.22,0.24,0.97,2000.0,1065.81,16199.04,6.58
90,2026-03-30T13:26:02.378676,2026-03-30T13:27:43.928773,101550.022,1,10.554,75.637,1854.227,189.495,60.1,57.2014,0.0,3,21.387,62.847,188.889,45.679,28.9,41.3633,0.0,1,11.84,57.415,213.112,37.08,57.5,24.102,0.0,19.598,14.011,6,31.672,23.957,0,0.0,0.0,0.0,1.28,0.26,0.51,2000.0,1069.85,16199.04,6.6
91,2026-03-30T13:27:45.938170,2026-03-30T13:29:55.674434,129736.211,1,11.471,36.94,181.772,30.27,15.8,25.5424,0.0,3,20.583,27.756,126.157,16.51,24.05,7.34918,0.0,1,10.493,32.086,85.588,22.837,15.4,21.0264,0.0,,,,19.507,18.64,9,0.0,0.0,0.0,1.3,0.43,0.43,2000.0,1070.74,16199.04,6.61
92,2026-03-30T13:29:58.501247,2026-03-30T13:32:06.769974,128268.652,1,10.871,42.366,136.288,29.588,37.6,26.10544,0.0,3,20.804,80.449,376.18,69.924,57.6,55.82296,0.0,1,10.871,44.254,167.106,30.786,50.5,26.23146,0.0,,,,22.026,18.274,19,0.0,0.0,0.0,1.8,1.03,0.52,2000.0,1066.84,16199.04,6.59
93,2026-03-30T13:32:08.776379,2026-03-30T13:33:50.485947,101709.518,1,11.158,52.039,236.903,35.192,56.65,25.11352,0.0,3,19.912,23.66,28.969,1.459,23.7,1.13574,0.0,1,10.664,19.874,88.474,18.265,13.1,11.95472,0.0,16.463,14.812,12,27.835,16.396,16,0.0,0.0,0.0,1.02,0.26,0.51,2000.0,1066.16,16199.04,6.58
94,2026-03-30T13:33:52.494629,2026-03-30T13:35:35.501341,103006.672,1,11.047,40.529,167.694,33.985,25.05,28.304,0.0,3,20.209,53.91,293.467,47.657,24.75,37.427,0.0,1,10.79,53.232,236.573,37.46,58.2,25.82292,0.0,26.699,20.234,4,19.64,16.097,6,0.0,0.0,0.0,1.15,0.46,0.46,2000.0,1071.65,16199.04,6.62
95,2026-03-30T13:35:37.617650,2026-03-30T13:37:47.798903,130181.209,1,10.677,41.466,168.157,33.841,30.65,26.73948,0.0,3,20.445,44.284,272.18,37.93,24.0,27.59028,0.0,1,10.137,21.159,83.948,18.553,12.6,13.5596,0.0,24.409,20.811,7,,,,0.0,0.0,0.0,1.53,0.25,1.02,2000.0,1072.5,16199.04,6.62
96,2026-03-30T13:37:50.005832,2026-03-30T13:39:35.829639,105823.758,1,11.028,54.424,250.079,32.168,59.6,20.6852,0.0,3,18.966,44.054,156.504,34.098,24.15,28.0588,0.0,1,9.727,15.827,62.691,12.133,12.2,6.80062,0.0,30.727,27.675,4,31.36,13.114,2,0.0,0.0,0.0,1.02,0.0,0.77,2000.0,1067.39,16199.04,6.59
97,2026-03-30T13:39:37.834317,2026-03-30T13:41:19.419081,101584.721,1,13.396,51.224,127.73,20.395,61.6,17.37998,0.0,3,20.662,69.01,292.502,49.591,56.8,40.9115,0.0,1,11.481,46.836,91.741,18.308,51.4,15.90316,0.0,18.832,16.186,3,28.782,20.819,14,0.0,0.0,0.0,1.79,0.51,1.02,2000.0,1070.57,16199.04,6.61
98,2026-03-30T13:41:21.431636,2026-03-30T13:43:28.057410,126625.717,1,10.225,32.389,114.986,23.798,16.2,20.81104,0.0,3,23.192,72.128,171.125,33.742,76.7,30.16632,0.0,1,10.877,32.237,139.723,25.407,15.0,21.86,0.0,27.894,25.442,3,,,,0.0,0.0,0.0,0.96,0.48,0.24,2000.0,1073.75,16199.04,6.63
99,2026-03-30T13:43:30.116471,2026-03-30T13:45:07.542153,97425.639,1,9.617,45.567,130.235,24.968,52.0,21.692344,0.0,3,19.926,53.458,196.707,43.509,25.0,36.8845,0.0,1,9.454,35.553,124.123,25.832,25.3,22.081624,0.0,17.814,16.385,25,16.293,15.035,11,0.0,0.0,0.0,1.28,0.51,0.26,2000.0,1070.93,16199.04,6.61
100,2026-03-30T13:45:09.550791,2026-03-30T13:47:12.702158,123151.323,1,9.288,48.937,144.4,30.421,59.65,25.079596,0.0,3,19.669,67.179,216.698,46.871,52.5,41.2184,0.0,1,11.178,56.606,232.438,34.235,56.3,22.257,0.0,23.814,21.069,5,,,,0.0,0.0,0.0,1.21,0.24,0.73,2000.0,1071.23,16199.04,6.61
101,2026-03-30T13:47:14.709553,2026-03-30T13:49:04.036111,109326.506,1,10.072,48.563,172.5,30.704,53.2,24.26122,0.0,3,20.969,67.024,156.865,37.624,64.95,33.89536,0.0,1,10.005,33.373,82.328,22.484,23.65,20.75332,0.0,30.975,14.016,0,15.142,11.051,3,0.0,0.0,0.0,1.28,0.26,0.51,2000.0,1075.76,16199.04,6.64
102,2026-03-30T13:49:06.089847,2026-03-30T13:51:14.597086,128507.17,1,10.676,42.146,108.401,27.404,42.75,24.521,0.0,3,19.597,61.473,138.9,36.531,52.95,33.2617,0.0,1,10.219,47.069,563.435,57.416,44.3,26.70026,0.0,25.478,23.426,8,,,,0.0,0.0,0.0,1.03,0.26,0.51,2000.0,1071.34,16199.04,6.61
103,2026-03-30T13:51:16.600288,2026-03-30T13:52:56.733804,100133.455,1,9.535,41.734,142.991,27.424,45.4,23.246566,0.0,3,18.713,22.767,26.526,1.275,22.9,1.00762,0.0,1,9.934,36.325,103.157,24.05,32.25,22.215552,0.0,32.251,28.245,8,26.785,24.004,11,0.0,0.0,0.0,1.77,0.76,0.51,2000.0,1074.2,16199.04,6.63
104,2026-03-30T13:52:58.796373,2026-03-30T13:54:41.531509,102735.084,1,9.59,46.485,159.45,25.234,53.2,21.434468,0.0,3,21.385,75.937,299.694,47.873,63.35,35.77844,0.0,1,12.218,69.081,323.721,53.446,51.8,38.57576,0.0,8.2,6.594,66,5.6,4.535,35,0.0,0.0,0.0,5.57,1.95,2.51,2000.0,1075.84,16199.04,6.64
105,2026-03-30T13:54:43.534577,2026-03-30T13:56:24.248917,100714.267,1,13.588,54.432,182.183,37.624,41.9,29.59616,0.0,3,29.929,70.284,226.274,33.714,65.1,26.04088,0.0,1,11.837,43.504,185.244,35.178,32.3,24.81872,0.0,14.967,13.726,10,13.499,11.029,39,0.0,0.0,0.0,5.48,1.92,2.74,2000.0,1081.01,16199.04,6.67
106,2026-03-30T13:56:26.375690,2026-03-30T13:58:05.233311,98857.453,1,14.665,41.278,150.065,26.836,31.1,20.47424,0.0,3,26.638,70.722,236.686,49.97,47.25,37.23242,0.0,1,14.133,42.938,170.322,31.164,29.0,23.69956,0.0,12.597,11.86,33,8.469,7.275,18,0.0,0.0,0.0,4.95,1.65,2.75,2000.0,1078.52,16199.04,6.66
107,2026-03-30T13:58:07.242406,2026-03-30T13:59:45.381765,98139.276,1,10.402,50.963,197.948,29.059,51.8,21.4158,0.0,3,23.347,46.025,184.933,35.948,29.2,26.4928,0.0,1,12.294,61.712,178.461,33.472,61.45,22.8331,0.0,23.599,20.904,53,14.604,13.669,24,0.0,0.0,0.0,3.19,0.53,2.13,2000.0,1086.55,16199.04,6.71
108,2026-03-30T13:59:47.388668,2026-03-30T14:01:32.973685,105584.929,1,12.988,67.325,272.351,55.35,58.25,38.83046,0.0,3,24.053,78.474,249.497,46.709,66.8,38.3472,0.0,1,11.353,51.759,220.106,37.143,42.8,27.3565,0.0,8.91,8.158,33,5.361,4.243,39,0.0,0.0,0.0,14.91,6.83,4.66,2000.0,1090.72,16199.04,6.73
109,2026-03-30T14:01:34.977815,2026-03-30T14:03:19.893447,104915.496,1,17.533,65.733,214.881,36.863,53.55,26.9083,0.0,3,28.463,68.213,173.129,31.163,60.95,23.79454,0.0,1,15.083,50.016,194.36,34.603,42.9,23.69908,0.0,7.705,6.846,35,7.456,6.593,16,0.0,0.0,0.0,7.58,2.42,3.64,2000.0,1090.1,16199.04,6.73
110,2026-03-30T14:03:21.939405,2026-03-30T14:05:02.200083,100249.476,1,12.413,85.49,618.539,78.105,64.15,50.5379,0.0,3,22.882,36.291,109.333,16.729,30.55,10.67432,0.0,1,12.406,35.651,272.951,42.676,16.15,27.44664,0.0,18.479,13.608,46,12.768,11.442,15,0.0,0.0,0.0,2.86,1.3,1.04,2000.0,1088.57,16199.04,6.72
111,2026-03-30T14:05:04.209775,2026-03-30T14:06:48.464363,104254.444,1,11.473,45.908,313.652,50.423,27.85,32.62542,0.0,3,22.801,54.117,231.738,41.689,31.3,33.3775,0.0,1,11.043,28.181,154.247,30.069,14.4,22.19756,0.0,19.917,12.903,29,15.725,14.141,21,0.0,0.0,0.0,1.98,0.99,0.49,2000.0,1084.07,16199.04,6.69
112,2026-03-30T14:06:50.502514,2026-03-30T14:08:29.870589,99367.985,1,11.973,66.297,578.815,75.785,59.55,39.7278,0.0,3,22.993,39.86,147.08,28.767,26.75,20.9173,0.0,1,11.171,55.966,139.307,32.685,58.9,26.05488,0.0,20.019,17.825,21,17.447,16.772,12,0.0,0.0,0.0,4.18,1.04,2.61,2000.0,1087.33,16199.04,6.71
113,2026-03-30T14:08:32.030004,2026-03-30T14:10:11.390515,99360.422,1,11.611,63.138,321.538,48.099,54.9,34.04952,0.0,3,22.809,80.304,447.731,78.162,49.2,55.5204,0.0,1,11.022,17.152,62.326,11.58,13.5,6.52432,0.0,21.629,20.789,23,23.664,21.102,18,0.0,0.0,0.0,2.43,1.22,0.73,2000.0,1086.43,16199.04,6.71
114,2026-03-30T14:10:13.665946,2026-03-30T14:11:49.134615,95468.596,1,11.474,39.607,197.373,37.956,16.25,29.67848,0.0,3,21.474,70.186,347.947,59.572,40.0,47.89252,0.0,1,11.806,41.378,201.876,30.829,33.55,23.7866,0.0,20.556,19.448,68,11.67,11.107,38,0.0,0.0,0.0,1.28,0.26,1.02,2000.0,1077.68,16199.04,6.65
115,2026-03-30T14:11:51.138387,2026-03-30T14:13:33.834876,102696.377,1,12.483,58.702,234.933,43.558,53.8,32.16034,0.0,3,21.708,57.306,288.507,47.418,30.5,36.0464,0.0,1,12.443,59.695,264.301,43.757,54.7,29.51864,0.0,16.292,11.368,29,16.142,12.344,18,0.0,0.0,0.0,2.9,1.06,1.85,2000.0,1076.08,16199.04,6.64
116,2026-03-30T14:13:35.838271,2026-03-30T14:15:21.402001,105563.618,1,11.906,36.968,277.195,42.374,17.75,27.73508,0.0,3,23.776,84.615,312.24,71.159,55.05,54.70896,0.0,1,12.446,50.056,217.733,40.054,36.95,29.9804,0.0,7.184,6.116,54,4.126,3.394,45,0.0,0.0,0.0,4.75,2.51,1.68,2000.0,1074.63,16199.04,6.63
117,2026-03-30T14:15:23.420929,2026-03-30T14:16:59.525539,96104.51,1,13.58,59.576,206.808,40.996,49.75,30.7876,0.0,3,24.112,76.517,327.06,51.161,63.0,38.60428,0.0,1,11.761,27.495,99.245,23.36,14.65,18.68806,0.0,18.082,17.387,24,18.242,14.365,41,0.0,0.0,0.0,3.5,1.5,1.5,2000.0,1078.82,16199.04,6.66
118,2026-03-30T14:17:01.529494,2026-03-30T14:18:40.379995,98850.363,1,11.899,47.191,198.812,35.18,35.4,29.18524,0.0,3,23.197,78.205,263.65,51.528,64.15,39.90574,0.0,1,12.055,67.773,353.995,53.464,61.35,39.142,0.0,18.738,13.576,31,13.322,12.588,17,0.0,0.0,0.0,1.83,0.52,1.05,2000.0,1079.01,16199.04,6.66
119,2026-03-30T14:18:42.383590,2026-03-30T14:20:25.928473,103544.81,1,11.574,46.465,153.382,32.878,48.0,27.42904,0.0,3,22.299,58.97,306.13,55.951,29.2,41.463,0.0,1,11.248,48.15,178.124,33.72,45.7,27.78782,0.0,20.082,14.174,27,15.749,14.494,17,0.0,0.0,0.0,2.96,1.08,1.35,2000.0,1079.46,16199.04,6.66
120,2026-03-30T14:20:27.954300,2026-03-30T14:22:03.203093,95248.709,1,11.633,70.119,336.937,56.379,61.75,40.6444,0.0,3,25.208,102.524,311.811,59.057,99.0,44.2708,0.0,1,11.676,56.437,354.743,57.939,40.7,39.5028,0.0,21.488,19.757,45,11.797,10.855,25,0.0,0.0,0.0,4.01,1.34,1.87,2000.0,1082.28,16199.04,6.68
121,2026-03-30T14:22:05.212769,2026-03-30T14:23:41.911011,96698.14,1,13.158,52.649,151.99,27.572,53.1,21.751,0.0,3,21.515,45.109,183.871,33.298,27.0,25.82056,0.0,1,11.888,37.931,173.566,29.21,25.6,22.27512,0.0,18.396,17.69,25,14.344,13.635,27,0.0,0.0,0.0,2.14,0.71,1.19,2000.0,1073.45,16199.04,6.63
122,2026-03-30T14:23:44.145422,2026-03-30T14:25:28.150421,104004.89,1,10.507,48.197,226.462,51.219,16.9,38.5312,0.0,3,22.886,58.878,216.293,44.099,29.2,37.47708,0.0,1,11.493,25.995,146.059,29.073,14.55,18.9392,0.0,21.302,15.703,36,16.592,15.721,23,0.0,0.0,0.0,1.25,0.25,1.0,2000.0,1078.6,16199.04,6.66
123,2026-03-30T14:25:30.162334,2026-03-30T14:27:11.999897,101837.468,1,11.716,52.849,281.085,46.797,43.85,32.91356,0.0,3,23.252,63.037,638.871,72.402,29.7,43.09876,0.0,1,12.074,65.02,274.435,52.992,59.0,37.36024,0.0,20.004,15.319,47,8.978,8.282,12,0.0,0.0,0.0,7.1,3.25,2.96,2000.0,1085.2,16199.04,6.7
124,2026-03-30T14:27:14.002537,2026-03-30T14:28:53.587256,99584.626,1,15.909,61.568,297.127,43.68,52.4,29.31752,0.0,3,22.385,78.809,326.054,57.717,68.3,44.92512,0.0,1,11.769,33.23,108.82,25.1,19.35,21.61582,0.0,18.516,17.702,27,14.535,12.015,37,0.0,0.0,0.0,1.83,0.52,1.05,2000.0,1080.29,16199.04,6.67
125,2026-03-30T14:28:55.593124,2026-03-30T14:30:36.630142,101036.933,1,11.734,52.103,462.327,54.972,48.25,31.1605,0.0,3,21.585,58.994,240.674,55.646,26.3,45.5738,0.0,1,11.766,40.932,150.0,29.862,33.85,24.75646,0.0,21.87,20.752,25,13.389,9.88,19,0.0,0.0,0.0,4.39,0.78,2.33,2000.0,1081.42,16199.04,6.68
126,2026-03-30T14:30:38.685751,2026-03-30T14:32:17.089308,98403.483,1,11.441,55.824,228.051,39.855,54.85,29.79448,0.0,3,23.322,65.744,419.55,97.31,26.65,61.3692,0.0,1,11.475,42.668,157.519,33.844,24.55,28.17068,0.0,20.431,19.67,17,23.026,20.723,21,0.0,0.0,0.0,2.05,0.77,0.77,2000.0,1081.34,16199.04,6.68
127,2026-03-30T14:32:19.090554,2026-03-30T14:34:10.151206,111060.202,1,11.509,26.188,112.138,22.595,14.45,17.87776,0.0,3,22.202,63.724,230.366,42.484,45.45,37.17676,0.0,1,11.441,44.972,118.238,28.254,44.7,24.9,0.0,25.641,11.537,52,15.447,14.675,13,0.0,0.0,0.0,1.75,1.0,0.5,2000.0,1078.6,16199.04,6.66
128,2026-03-30T14:34:12.190472,2026-03-30T14:35:49.981242,97790.684,1,10.832,23.003,112.949,19.931,14.7,14.29784,0.0,3,22.406,74.886,244.761,53.129,66.4,43.373,0.0,1,10.872,49.413,208.195,40.986,44.55,32.66804,0.0,25.763,19.456,37,16.827,15.194,24,0.0,0.0,0.0,2.6,0.78,1.3,2000.0,1084.22,16199.04,6.69
129,2026-03-30T14:35:51.986111,2026-03-30T14:37:29.586257,97600.031,1,11.371,47.469,258.325,37.483,35.95,27.36044,0.0,3,22.93,52.107,254.254,40.512,32.85,29.27526,0.0,1,12.224,43.727,196.816,36.157,32.1,27.63648,0.0,21.852,20.733,23,16.55,13.125,20,0.0,0.0,0.0,2.08,0.52,1.3,2000.0,1083.44,16199.04,6.69
130,2026-03-30T14:37:31.686583,2026-03-30T14:39:12.350679,100664.013,1,11.074,42.358,192.119,34.375,31.8,25.3469,0.0,3,24.573,71.977,238.949,41.243,66.55,31.2612,0.0,1,11.642,35.665,145.97,27.632,17.95,23.4044,0.0,23.326,20.783,51,16.779,13.697,15,0.0,0.0,0.0,3.66,1.57,1.57,2000.0,1087.48,16199.04,6.71
131,2026-03-30T14:39:14.485929,2026-03-30T14:40:49.241336,94755.31,1,11.975,48.143,150.697,28.951,54.65,24.15552,0.0,3,23.738,80.202,185.475,36.556,80.9,29.958,0.0,1,11.563,49.596,212.563,38.762,46.8,30.26008,0.0,23.243,20.969,83,19.917,18.734,15,0.0,0.0,0.0,3.2,1.87,0.8,2000.0,1084.15,16199.04,6.69
132,2026-03-30T14:40:51.441367,2026-03-30T14:42:32.045276,100603.806,1,11.629,60.165,292.955,47.143,60.65,30.03762,0.0,3,22.811,47.432,146.934,32.062,27.95,26.99872,0.0,1,11.958,55.669,223.325,32.427,59.55,23.27026,0.0,23.288,21.059,44,17.597,13.095,11,0.0,0.0,0.0,2.09,0.52,1.31,2000.0,1092.7,16199.04,6.75
133,2026-03-30T14:42:34.051393,2026-03-30T14:44:09.934701,95883.176,1,11.585,56.317,321.559,58.358,46.25,37.70226,0.0,3,22.288,72.535,286.777,46.576,66.15,36.00806,0.0,1,16.11,68.45,336.623,46.146,62.1,27.0744,0.0,21.935,20.275,12,20.002,17.876,47,0.0,0.0,0.0,2.72,0.99,1.23,2000.0,1096.48,16199.04,6.77
134,2026-03-30T14:44:11.940022,2026-03-30T14:45:46.766053,94825.943,1,11.085,28.926,142.516,24.399,15.15,19.2589,0.0,3,22.263,59.945,172.618,40.094,38.65,35.28038,0.0,1,11.704,46.058,232.19,44.308,30.7,31.31008,0.0,21.106,19.668,44,16.831,16.047,15,0.0,0.0,0.0,3.09,0.77,1.55,2000.0,1096.86,16199.04,6.77
135,2026-03-30T14:45:48.766996,2026-03-30T14:47:28.766179,99999.088,1,11.244,31.08,187.509,32.474,15.15,23.024,0.0,3,22.23,33.984,298.779,33.351,26.4,13.998,0.0,1,12.016,51.206,172.015,36.588,47.8,29.78272,0.0,19.906,18.763,22,15.708,12.452,69,0.0,0.0,0.0,2.39,1.06,0.8,2000.0,1096.27,16199.04,6.77
136,2026-03-30T14:47:30.771814,2026-03-30T14:49:10.758930,99987.029,1,11.477,48.669,257.9,44.215,40.5,32.39754,0.0,3,24.098,59.596,237.567,41.785,40.55,34.30332,0.0,1,12.897,56.085,209.411,36.742,54.3,27.78776,0.0,20.238,17.655,42,16.325,14.156,29,0.0,0.0,0.0,1.55,0.77,0.52,2000.0,1090.63,16199.04,6.73
137,2026-03-30T14:49:12.761386,2026-03-30T14:50:51.185617,98424.134,1,11.813,41.532,166.816,38.2,25.85,29.0844,0.0,3,23.762,78.751,170.014,46.058,92.7,42.03632,0.0,1,11.3,60.166,175.468,30.606,62.6,21.48396,0.0,23.551,19.407,42,15.857,14.596,18,0.0,0.0,0.0,0.77,0.26,0.26,2000.0,1093.58,16199.04,6.75
138,2026-03-30T14:50:53.192297,2026-03-30T14:52:31.347574,98155.186,1,11.791,39.681,242.152,45.237,14.8,32.5846,0.0,3,22.843,104.236,376.42,93.698,74.45,73.7164,0.0,1,12.986,62.162,195.2,34.364,61.2,25.54724,0.0,17.89,17.209,35,15.759,14.11,27,0.0,0.0,0.0,0.78,0.0,0.0,2000.0,1096.03,16199.04,6.77
139,2026-03-30T14:52:33.357916,2026-03-30T14:54:14.238282,100880.278,1,12.018,45.231,189.536,37.764,29.65,31.0556,0.0,3,22.22,34.165,124.669,20.543,26.1,13.41368,0.0,1,12.702,67.807,299.225,46.185,61.65,31.9222,0.0,21.531,19.902,54,15.07,12.059,14,0.0,0.0,0.0,1.0,0.0,0.75,2000.0,1092.36,16199.04,6.74
140,2026-03-30T14:54:16.277765,2026-03-30T14:56:03.044759,106766.818,1,11.256,34.988,188.889,35.761,14.5,27.0954,0.0,3,28.497,103.477,252.105,45.751,103.0,33.29914,0.0,1,11.246,18.799,83.639,14.398,13.65,9.06196,0.0,19.695,11.993,21,15.023,13.068,19,0.0,0.0,0.0,1.54,0.26,0.51,2000.0,1092.97,16199.04,6.75
141,2026-03-30T14:56:05.049904,2026-03-30T14:57:38.990336,93940.351,1,11.379,40.082,165.153,31.061,23.0,27.03578,0.0,3,21.234,61.688,237.541,49.586,32.15,39.77902,0.0,1,11.086,35.644,161.995,32.358,19.8,24.56476,0.0,19.875,19.01,28,14.964,14.179,30,0.0,0.0,0.0,0.78,0.26,0.0,2000.0,1087.2,16199.04,6.71
142,2026-03-30T14:57:40.992971,2026-03-30T14:59:21.965463,100972.412,1,11.891,42.884,128.286,29.183,40.75,25.79972,0.0,3,22.344,68.528,194.318,40.414,61.2,33.11038,0.0,1,11.045,49.65,476.18,65.669,26.85,37.08752,0.0,24.433,19.565,73,15.272,14.695,11,0.0,0.0,0.0,1.03,0.26,0.51,2000.0,1087.52,16199.04,6.71
143,2026-03-30T14:59:23.974262,2026-03-30T15:01:02.363012,98388.656,1,11.974,60.492,207.845,35.253,59.75,23.74624,0.0,3,22.289,79.476,269.485,57.402,62.75,46.77374,0.0,1,11.388,40.916,206.0,40.805,14.85,32.67832,0.0,22.849,20.961,57,16.308,13.94,11,0.0,0.0,0.0,0.77,0.0,0.51,2000.0,1086.91,16199.04,6.71
144,2026-03-30T15:01:04.442084,2026-03-30T15:02:46.590612,102148.443,1,12.12,73.899,417.294,63.152,62.25,39.19666,0.0,3,22.292,67.327,630.306,85.076,30.35,48.28272,0.0,1,11.15,42.653,177.555,33.615,30.85,27.2444,0.0,22.824,17.981,35,12.142,8.375,25,0.0,0.0,0.0,0.75,0.25,0.25,2000.0,1090.13,16199.04,6.73
145,2026-03-30T15:02:48.593783,2026-03-30T15:04:26.269912,97676.044,1,11.513,32.633,148.217,29.415,15.45,24.08092,0.0,3,22.077,66.521,275.753,54.894,35.95,46.64928,0.0,1,10.189,37.007,108.113,23.981,25.7,21.5934,0.0,27.705,21.56,33,16.792,15.254,20,0.0,0.0,0.0,2.62,1.05,1.31,2000.0,1094.67,16199.04,6.76
146,2026-03-30T15:04:28.280047,2026-03-30T15:06:05.667974,97387.834,1,11.37,35.127,194.377,35.187,14.8,26.994,0.0,3,22.619,44.577,134.779,27.6,28.7,22.29308,0.0,1,11.936,45.79,104.305,26.521,49.8,23.36926,0.0,22.4,19.381,32,14.05,13.407,18,0.0,0.0,0.0,2.31,0.77,1.28,2000.0,1093.09,16199.04,6.75
147,2026-03-30T15:06:07.710147,2026-03-30T15:07:47.494933,99784.697,1,11.208,38.725,205.574,35.645,19.7,26.89446,0.0,3,23.324,52.34,165.962,36.837,27.5,31.7342,0.0,1,11.603,37.864,156.108,29.721,23.7,24.6774,0.0,22.663,17.2,61,19.833,17.72,36,0.0,0.0,0.0,1.66,0.47,0.95,2000.0,1096.25,16199.04,6.77
148,2026-03-30T15:07:49.498096,2026-03-30T15:09:31.696360,102198.181,1,11.483,36.304,117.353,23.615,32.5,20.9055,0.0,3,21.917,36.541,218.0,30.113,25.45,18.235,0.0,1,11.31,57.308,380.459,47.538,57.65,30.1755,0.0,25.285,19.34,26,17.594,16.744,14,0.0,0.0,0.0,1.06,0.53,0.53,2000.0,1097.84,16199.04,6.78
149,2026-03-30T15:09:33.698055,2026-03-30T15:11:15.689308,101991.155,1,11.599,29.819,239.089,31.982,14.45,21.21736,0.0,3,22.236,67.876,235.428,53.117,40.7,44.78772,0.0,1,11.442,42.344,165.09,27.762,41.15,23.589,0.0,19.987,15.033,39,14.708,12.428,19,0.0,0.0,0.0,3.7,1.59,1.85,2000.0,1097.08,16199.04,6.77
150,2026-03-30T15:11:17.694298,2026-03-30T15:12:54.591460,96897.08,1,11.758,51.064,154.936,33.281,51.5,27.21374,0.0,3,21.181,41.384,197.016,32.54,25.45,22.86206,0.0,1,10.906,38.423,124.766,26.657,28.85,22.92162,0.0,20.918,15.715,41,14.935,14.322,11,0.0,0.0,0.0,2.07,0.52,1.3,2000.0,1090.79,16199.04,6.73
151,2026-03-30T15:12:56.611827,2026-03-30T15:14:40.088920,103477.019,1,11.962,50.916,236.63,39.322,46.5,30.55202,0.0,3,23.28,63.988,256.424,47.511,43.9,38.6128,0.0,1,11.816,29.573,175.345,29.304,14.75,21.8896,0.0,22.518,14.458,33,11.87,11.042,26,0.0,0.0,0.0,2.09,0.26,1.57,2000.0,1096.57,16199.04,6.77
152,2026-03-30T15:14:42.094521,2026-03-30T15:16:25.231649,103137.048,1,11.758,39.371,182.964,34.384,22.7,27.45204,0.0,3,22.855,61.247,200.501,46.014,32.7,38.77812,0.0,1,12.421,42.104,171.371,32.728,29.9,26.5536,0.0,20.901,18.604,28,21.997,15.434,30,0.0,0.0,0.0,3.05,1.02,1.52,2000.0,1096.47,16199.04,6.77
153,2026-03-30T15:16:27.248322,2026-03-30T15:18:01.627821,94379.41,1,12.532,72.056,416.833,64.418,61.7,42.55032,0.0,3,22.563,59.843,282.156,50.01,28.4,41.03684,0.0,1,11.097,42.049,131.089,28.935,37.95,25.8686,0.0,23.367,20.698,59,15.911,14.783,20,0.0,0.0,0.0,2.11,0.79,0.53,2000.0,1092.25,16199.04,6.74
154,2026-03-30T15:18:03.630804,2026-03-30T15:19:39.831542,96200.656,1,11.392,38.861,101.586,24.008,34.7,21.15808,0.0,3,22.87,65.674,230.622,41.424,52.2,34.72354,0.0,1,12.852,59.694,182.707,28.615,62.45,21.25834,0.0,16.677,15.962,27,13.716,13.119,24,0.0,0.0,0.0,2.09,0.78,1.04,2000.0,1093.13,16199.04,6.75
155,2026-03-30T15:19:41.868120,2026-03-30T15:21:22.234575,100366.365,1,12.623,70.23,204.285,44.162,63.05,33.1352,0.0,3,21.902,39.151,218.514,35.088,26.15,21.68624,0.0,1,11.544,34.07,153.225,32.925,15.5,26.1252,0.0,23.414,20.499,29,19.012,17.175,20,0.0,0.0,0.0,3.83,1.28,1.79,2000.0,1087.21,16199.04,6.71
156,2026-03-30T15:21:24.289711,2026-03-30T15:23:05.806602,101516.793,1,11.81,70.185,277.466,60.152,52.7,44.66392,0.0,3,23.286,90.997,622.374,117.919,43.65,73.69984,0.0,1,12.243,33.26,163.946,31.133,15.85,23.91066,0.0,24.787,19.211,18,16.205,13.394,19,0.0,0.0,0.0,1.81,0.78,1.03,2000.0,1094.59,16199.04,6.76
157,2026-03-30T15:23:07.809701,2026-03-30T15:24:46.851988,99042.21,1,11.13,47.758,207.685,36.383,49.45,26.99264,0.0,3,23.9,73.651,189.387,37.498,74.85,31.702,0.0,1,11.867,60.958,513.053,65.644,60.35,29.3301,0.0,20.452,15.61,29,17.244,16.431,12,0.0,0.0,0.0,4.08,1.36,2.17,2000.0,1093.97,16199.04,6.75
158,2026-03-30T15:24:48.868506,2026-03-30T15:26:26.716818,97848.227,1,10.582,38.377,148.903,26.906,33.25,21.3075,0.0,3,20.426,79.236,245.316,59.806,61.0,49.57164,0.0,1,11.559,46.453,132.787,29.933,45.95,25.23116,0.0,21.57,17.236,57,14.085,11.352,31,0.0,0.0,0.0,2.57,0.77,1.29,2000.0,1086.22,16199.04,6.71
159,2026-03-30T15:26:28.734256,2026-03-30T15:28:08.519722,99785.382,1,11.244,50.57,202.217,34.83,51.25,26.40268,0.0,3,21.645,66.091,296.176,54.232,34.35,42.30704,0.0,1,11.335,84.177,292.828,57.697,62.6,43.7342,0.0,21.78,16.121,41,19.273,16.418,77,0.0,0.0,0.0,2.6,0.78,1.3,2000.0,1083.14,16199.04,6.69
160,2026-03-30T15:28:10.521585,2026-03-30T15:29:56.615654,106093.991,1,12.292,54.004,195.408,40.122,53.0,32.27106,0.0,3,22.25,63.518,215.974,47.279,37.3,38.75992,0.0,1,11.127,46.635,275.556,52.974,17.1,38.94664,0.0,22.906,15.036,42,17.494,14.12,17,0.0,0.0,0.0,1.73,0.5,0.99,2000.0,1079.12,16199.04,6.66
161,2026-03-30T15:29:58.630018,2026-03-30T15:31:35.742243,97112.134,1,13.161,54.425,237.235,35.748,51.45,26.23832,0.0,3,22.258,26.802,117.801,9.357,25.6,2.60108,0.0,1,12.275,47.373,132.891,27.825,46.35,22.93624,0.0,18.476,17.766,26,14.123,13.454,16,0.0,0.0,0.0,3.51,0.54,2.43,2000.0,1067.98,16199.04,6.59
162,2026-03-30T15:31:37.778065,2026-03-30T15:33:13.810517,96032.359,1,11.994,57.753,243.408,34.703,60.45,24.30496,0.0,3,23.222,96.053,437.355,78.525,82.45,59.51312,0.0,1,12.502,66.003,199.387,41.467,61.9,31.05088,0.0,20.203,19.294,34,16.324,12.828,17,0.0,0.0,0.0,2.05,0.77,0.77,2000.0,1079.02,16199.04,6.66
163,2026-03-30T15:33:15.847093,2026-03-30T15:34:54.966125,99118.944,1,10.899,49.31,221.78,36.415,42.75,28.15528,0.0,3,23.638,71.868,264.856,58.856,49.7,45.69052,0.0,1,11.581,44.656,218.335,41.26,20.6,32.746,0.0,20.924,19.854,23,15.11,12.784,33,0.0,0.0,0.0,1.87,0.7,0.7,2000.0,1079.48,16199.04,6.66
164,2026-03-30T15:34:57.217939,2026-03-30T15:36:38.942768,101724.746,1,12.014,45.718,220.415,35.705,37.45,26.8471,0.0,3,22.51,82.27,655.339,69.58,77.05,38.2374,0.0,1,11.951,31.245,151.427,26.052,15.5,20.9076,0.0,20.15,14.123,36,19.229,17.253,10,0.0,0.0,0.0,2.35,0.52,1.57,2000.0,1087.14,16199.04,6.71
165,2026-03-30T15:36:40.982342,2026-03-30T15:38:17.457796,96475.359,1,12.591,56.55,175.502,34.857,59.75,27.5933,0.0,3,21.859,86.884,334.564,62.054,85.0,49.65,0.0,1,11.251,38.132,129.563,26.923,26.85,24.0119,0.0,21.952,20.33,40,17.8,16.82,20,0.0,0.0,0.0,2.34,0.78,1.3,2000.0,1072.5,16199.04,6.62
166,2026-03-30T15:38:19.468463,2026-03-30T15:39:59.779762,100311.227,1,10.974,48.521,214.567,36.814,41.9,29.64816,0.0,3,22.242,61.457,248.639,40.488,48.8,32.8492,0.0,1,11.07,51.778,314.258,51.011,43.9,33.7721,0.0,21.804,20.669,50,18.509,14.383,41,0.0,0.0,0.0,2.34,0.78,1.04,2000.0,1077.78,16199.04,6.65
167,2026-03-30T15:40:01.785631,2026-03-30T15:41:37.812263,96026.555,1,12.029,64.628,206.832,38.998,61.75,27.7264,0.0,3,23.594,83.743,240.252,48.6,82.9,40.60624,0.0,1,11.587,60.775,229.941,40.394,56.2,28.81636,0.0,20.841,19.958,47,17.07,16.072,53,0.0,0.0,0.0,2.36,0.52,1.57,2000.0,1080.82,16199.04,6.67
168,2026-03-30T15:41:39.989837,2026-03-30T15:43:45.329398,125339.435,1,12.27,58.554,212.47,35.906,61.9,25.73666,0.0,3,23.058,67.082,310.845,53.765,50.6,40.48628,0.0,1,10.348,65.983,396.079,54.642,62.35,32.79864,0.0,,,,26.553,21.702,9,0.0,0.0,0.0,1.03,0.26,0.51,2000.0,1079.62,16199.04,6.66
169,2026-03-30T15:43:47.330740,2026-03-30T15:45:49.618349,122287.557,1,10.168,40.268,131.285,29.165,35.1,25.64034,0.0,3,17.82,42.564,168.503,35.918,23.95,28.09984,0.0,1,11.34,60.934,269.321,46.592,55.3,27.1488,0.0,36.677,29.612,0,,,,0.0,0.0,0.0,1.8,0.52,1.03,2000.0,1078.61,16199.04,6.66
170,2026-03-30T15:45:51.693930,2026-03-30T15:47:45.078600,113384.607,1,10.058,31.646,253.738,32.767,13.6,24.04464,0.0,3,21.298,47.438,131.707,35.615,24.05,30.3123,0.0,1,10.422,34.571,106.287,23.485,29.0,20.03838,0.0,28.986,10.039,12,19.266,18.142,12,0.0,0.0,0.0,1.44,0.72,0.48,2000.0,1079.03,16199.04,6.66
171,2026-03-30T15:47:47.230542,2026-03-30T15:49:30.217992,102987.39,1,11.014,50.796,172.952,28.13,53.9,21.10144,0.0,3,21.622,104.452,352.659,64.935,103.0,43.87538,0.0,1,10.836,51.315,303.532,48.184,52.85,32.79008,0.0,22.571,16.393,8,13.043,8.199,0,0.0,0.0,0.0,0.98,0.49,0.49,2000.0,1077.2,16199.04,6.65
172,2026-03-30T15:49:32.237654,2026-03-30T15:51:10.464113,98226.399,1,9.899,36.776,161.235,30.851,14.45,25.89208,0.0,3,19.483,70.482,189.967,38.437,72.55,33.04032,0.0,1,11.198,48.33,108.708,23.889,53.6,19.8514,0.0,18.509,16.418,17,27.67,23.544,14,0.0,0.0,0.0,1.53,0.51,0.77,2000.0,1073.09,16199.04,6.62
173,2026-03-30T15:51:12.465746,2026-03-30T15:52:55.563889,103098.093,1,11.681,64.166,713.75,73.886,62.35,28.6026,0.0,3,20.79,57.181,166.838,41.374,33.95,36.74334,0.0,1,9.804,34.896,189.501,29.282,18.7,23.6396,0.0,16.817,12.937,10,23.821,17.789,4,0.0,0.0,0.0,0.99,0.5,0.5,2000.0,1074.57,16199.04,6.63
174,2026-03-30T15:52:57.729385,2026-03-30T15:54:58.386645,120657.212,1,9.783,49.208,162.479,27.673,59.8,22.48424,0.0,3,21.051,48.493,177.212,32.404,30.5,27.04414,0.0,1,10.243,24.859,95.223,21.167,13.05,17.75728,0.0,31.319,27.654,2,19.029,6.678,9,0.0,0.0,0.0,2.02,0.76,0.76,2000.0,1079.18,16199.04,6.66
175,2026-03-30T15:55:00.646671,2026-03-30T15:56:38.662530,98015.806,1,9.06,54.614,247.73,45.292,57.05,33.788416,0.0,3,22.107,79.036,188.972,40.004,86.05,33.733,0.0,1,14.148,79.749,293.634,52.411,62.55,38.41888,0.0,26.978,22.577,11,24.945,21.907,10,0.0,0.0,0.0,2.06,0.77,1.03,2000.0,1079.64,16199.04,6.66
176,2026-03-30T15:56:40.683421,2026-03-30T15:58:18.583037,97899.562,1,11.195,47.791,145.093,22.72,53.05,19.06568,0.0,3,22.005,69.944,266.34,45.114,64.0,36.51184,0.0,1,10.699,41.491,145.256,31.433,32.9,26.92646,0.0,30.173,25.891,6,28.536,25.181,8,0.0,0.0,0.0,1.29,0.51,0.51,2000.0,1078.08,16199.04,6.66
177,2026-03-30T15:58:20.585727,2026-03-30T15:59:59.858079,99272.3,1,11.371,60.407,122.04,25.378,63.1,18.7695,0.0,3,18.201,57.548,232.092,42.151,38.7,35.54758,0.0,1,10.042,51.066,198.616,34.033,52.65,24.39068,0.0,20.152,16.535,5,24.771,23.81,11,0.0,0.0,0.0,1.55,0.52,1.03,2000.0,1078.53,16199.04,6.66
178,2026-03-30T16:00:01.861290,2026-03-30T16:02:39.472261,157610.898,1,8.656,64.782,379.797,47.263,61.85,28.844316,0.0,3,19.48,51.7,219.334,41.351,24.95,35.1584,0.0,1,9.124,16.057,63.244,11.552,12.8,6.219016,0.0,,,,,,,0.0,0.0,0.0,1.28,0.26,0.77,2000.0,1078.4,16199.04,6.66
179,2026-03-30T16:02:41.475038,2026-03-30T16:04:18.666849,97191.726,1,9.246,48.814,249.399,43.605,38.3,31.07136,0.0,3,20.712,39.48,126.653,29.022,24.35,22.917,0.0,1,10.844,48.783,148.022,27.066,54.3,21.36042,0.0,25.559,23.687,6,24.612,19.552,7,0.0,0.0,0.0,1.53,0.51,0.51,2000.0,1076.32,16199.04,6.64
180,2026-03-30T16:04:20.668473,2026-03-30T16:05:57.214619,96546.068,1,10.819,48.823,115.911,25.1,56.2,21.5268,0.0,3,20.566,61.74,157.422,40.897,47.65,37.22216,0.0,1,9.834,25.797,84.164,20.006,13.5,17.177082,0.0,31.03,22.855,10,28.932,26.303,7,0.0,0.0,0.0,1.25,0.25,0.5,2000.0,1077.47,16199.04,6.65
181,2026-03-30T16:05:59.233719,2026-03-30T16:07:57.340944,118107.161,1,10.977,42.627,80.493,22.42,48.25,20.326,0.0,3,19.716,51.44,167.398,42.34,24.45,36.41088,0.0,1,9.698,12.218,14.602,0.903,12.15,0.73908,0.0,25.832,22.207,6,16.421,5.897,9,0.0,0.0,0.0,1.29,0.77,0.51,2000.0,1081.06,16199.04,6.67
182,2026-03-30T16:07:59.343035,2026-03-30T16:10:06.420021,127076.924,1,10.957,39.044,115.698,26.837,30.7,23.99394,0.0,3,21.523,80.767,231.169,50.206,78.65,39.74832,0.0,1,10.679,41.971,137.805,26.729,46.85,23.03504,0.0,,,,31.854,29.389,8,0.0,0.0,0.0,0.26,0.0,0.26,2000.0,1078.09,16199.04,6.66
183,2026-03-30T16:10:08.427822,2026-03-30T16:11:57.598409,109170.514,1,10.943,55.161,193.265,31.194,59.75,23.6828,0.0,3,20.45,49.455,208.955,40.863,25.1,33.48848,0.0,1,10.396,37.172,116.744,28.372,20.9,25.06436,0.0,33.077,18.285,9,25.456,18.179,12,0.0,0.0,0.0,0.52,0.52,0.0,2000.0,1079.63,16199.04,6.66
184,2026-03-30T16:11:59.602207,2026-03-30T16:13:40.939752,101337.492,1,9.731,29.017,125.142,27.988,13.1,23.002286,0.0,3,25.881,106.556,409.308,60.568,104.0,37.6708,0.0,1,12.871,71.96,265.43,37.504,62.8,25.10178,0.0,26.396,23.674,4,23.647,17.58,2,0.0,0.0,0.0,0.98,0.25,0.74,2000.0,1080.31,16199.04,6.67
185,2026-03-30T16:13:42.941792,2026-03-30T16:15:18.991165,96049.298,1,11.306,52.648,131.36,25.315,56.7,19.02192,0.0,3,20.081,78.476,272.97,57.714,70.85,46.73728,0.0,1,9.769,18.986,105.481,16.906,12.5,11.008674,0.0,45.051,37.757,0,43.206,40.168,2,0.0,0.0,0.0,0.0,0.0,0.0,2000.0,1066.82,16199.04,6.59
186,2026-03-30T16:15:21.000885,2026-03-30T16:17:14.339383,113338.457,1,9.648,51.862,166.894,24.822,56.2,18.39219,0.0,3,18.019,40.408,184.12,38.055,22.7,27.97452,0.0,1,10.24,41.261,378.975,44.439,29.1,27.5575,0.0,39.555,26.258,4,24.063,8.701,0,0.0,0.0,0.0,0.0,0.0,0.0,2000.0,1069.41,16199.04,6.6
187,2026-03-30T16:17:16.350493,2026-03-30T16:18:59.563422,103212.894,1,10.563,43.147,219.99,31.201,40.8,24.971,0.0,3,19.486,32.661,126.467,24.506,22.7,16.39384,0.0,1,9.071,13.463,52.606,6.192,12.3,2.632708,0.0,75.177,65.936,0,51.368,41.679,0,0.0,0.0,0.0,0.72,0.24,0.48,2000.0,1072.98,16199.04,6.62
188,2026-03-30T16:19:01.661409,2026-03-30T16:21:08.793224,127131.755,1,9.764,27.22,103.681,24.891,12.9,21.143776,0.0,3,17.565,41.071,142.133,32.201,23.55,26.4736,0.0,1,10.72,41.674,88.363,21.917,41.5,19.42744,0.0,,,,54.876,43.582,1,0.0,0.0,0.0,0.25,0.0,0.25,2000.0,1066.21,16199.04,6.58
189,2026-03-30T16:21:10.799072,2026-03-30T16:23:26.412969,135613.855,1,9.966,32.435,158.336,29.293,13.5,24.97191,0.0,3,25.202,92.942,220.077,34.83,103.0,26.09776,0.0,1,10.835,62.155,134.231,24.981,62.4,16.9779,0.0,,,,31.367,22.01,3,0.0,0.0,0.0,0.48,0.0,0.48,2000.0,1079.5,16199.04,6.66
190,2026-03-30T16:23:28.489745,2026-03-30T16:25:05.420775,96930.97,1,11.184,57.674,167.145,26.497,62.5,18.5301,0.0,3,19.411,46.927,226.059,43.785,23.1,35.3278,0.0,1,10.389,71.218,313.673,45.883,62.9,30.40512,0.0,46.173,30.18,0,71.317,63.493,0,0.0,0.0,0.0,0.77,0.26,0.51,2000.0,1066.25,16199.04,6.58
191,2026-03-30T16:25:07.423578,2026-03-30T16:27:17.888250,130464.626,1,9.168,12.117,15.439,1.151,12.0,0.905488,0.0,3,19.148,22.398,25.596,1.667,22.5,1.395,0.0,1,9.042,20.74,114.608,21.468,12.3,14.31304,0.0,68.201,60.12,0,,,,0.0,0.0,0.0,0.51,0.26,0.26,2000.0,1075.56,16199.04,6.64
192,2026-03-30T16:27:19.890158,2026-03-30T16:28:57.738485,97848.277,1,10.824,46.636,126.901,24.542,52.0,20.4382,0.0,3,20.95,85.019,188.121,37.302,96.05,30.96164,0.0,1,9.462,28.815,125.636,23.418,13.9,20.17007,0.0,55.973,53.023,2,31.228,24.062,1,0.0,0.0,0.0,0.26,0.26,0.0,2000.0,1079.37,16199.04,6.66
193,2026-03-30T16:28:59.748976,2026-03-30T16:30:50.291450,110542.425,1,9.547,32.74,167.237,29.278,13.25,24.61615,0.0,3,18.644,71.839,139.654,33.765,73.9,29.50744,0.0,1,9.952,20.994,83.15,19.059,13.0,13.78171,0.0,38.354,20.611,1,34.036,21.647,2,0.0,0.0,0.0,0.0,0.0,0.0,2000.0,1078.47,16199.04,6.66
194,2026-03-30T16:30:52.314564,2026-03-30T16:32:56.694019,124379.402,1,11.045,48.266,100.476,23.242,53.9,19.69246,0.0,3,20.668,88.15,389.17,68.496,92.45,51.757,0.0,1,9.746,50.827,107.471,20.88,55.65,17.19392,0.0,,,,38.458,32.833,0,0.0,0.0,0.0,0.77,0.0,0.51,2000.0,1084.08,16199.04,6.69
195,2026-03-30T16:32:58.701899,2026-03-30T16:35:18.228006,139526.063,1,14.019,57.515,148.934,23.942,61.9,17.29408,0.0,3,18.476,53.69,181.187,40.117,25.25,34.85504,0.0,1,11.447,52.704,154.961,26.855,54.3,21.13344,0.0,,,,77.916,72.489,2,0.0,0.0,0.0,0.2,0.0,0.2,2000.0,1085.49,16199.04,6.7
196,2026-03-30T16:35:20.348912,2026-03-30T16:37:01.901601,101552.647,1,10.349,30.935,123.186,25.501,14.2,21.2228,0.0,3,19.412,37.516,126.501,31.939,23.3,23.68756,0.0,1,10.636,45.31,163.426,27.093,52.2,22.5992,0.0,62.712,54.72,0,49.718,30.329,1,0.0,0.0,0.0,0.51,0.0,0.26,2000.0,1082.9,16199.04,6.68
197,2026-03-30T16:37:03.905190,2026-03-30T16:38:46.047840,102142.596,1,9.215,27.977,95.969,21.965,13.5,18.345504,0.0,3,17.597,56.41,205.522,47.613,24.15,41.5662,0.0,1,10.832,50.176,151.355,28.064,54.45,22.3091,0.0,53.027,48.211,2,66.83,34.189,0,0.0,0.0,0.0,0.45,0.22,0.22,2000.0,1076.37,16199.04,6.64
198,2026-03-30T16:38:48.213658,2026-03-30T16:40:26.566038,98352.333,1,8.825,16.951,62.756,13.877,12.3,8.226896,0.0,3,19.643,62.429,168.37,37.049,55.75,32.20532,0.0,1,10.755,49.937,94.206,20.292,54.9,16.8912,0.0,44.634,37.429,1,54.624,38.874,2,0.0,0.0,0.0,0.47,0.23,0.23,2000.0,1092.93,16199.04,6.75
199,2026-03-30T16:40:28.569145,2026-03-30T16:42:55.925480,147356.29,1,9.8,21.872,81.951,17.271,12.8,13.51888,0.0,3,18.438,55.04,192.547,37.805,38.95,32.62152,0.0,1,9.978,48.591,123.549,25.636,52.35,20.919032,0.0,,,,47.384,19.122,1,0.0,0.0,0.0,0.2,0.0,0.2,2000.0,1074.0,16199.04,6.63
200,2026-03-30T16:42:57.933830,2026-03-30T16:45:14.555889,136622.02,1,10.987,56.291,190.315,31.177,59.95,21.22468,0.0,3,20.556,71.72,231.286,47.318,69.0,39.329,0.0,1,9.592,46.64,119.676,26.678,52.2,22.84932,0.0,,,,35.529,27.978,0,0.0,0.0,0.0,0.0,0.0,0.0,2000.0,1097.49,16199.04,6.78
201,2026-03-30T16:45:16.702187,2026-03-30T16:47:16.266318,119564.082,1,9.781,16.876,63.849,13.831,12.3,8.5098,0.0,3,19.665,78.363,230.072,42.914,77.5,34.27814,0.0,1,9.072,17.717,84.173,15.627,12.4,9.488802,0.0,52.271,44.132,0,76.418,42.753,0,0.0,0.0,0.0,0.26,0.0,0.26,2000.0,1092.81,16199.04,6.75
202,2026-03-30T16:47:18.342934,2026-03-30T16:49:04.424625,106081.649,1,10.525,58.523,210.237,36.403,62.1,25.79692,0.0,3,20.882,81.574,305.037,44.345,89.65,34.31654,0.0,1,9.895,48.804,499.43,59.291,26.85,35.9543,0.0,27.157,17.139,1,47.649,39.765,0,0.0,0.0,0.0,0.26,0.26,0.0,2000.0,1087.75,16199.04,6.71
203,2026-03-30T16:49:06.434099,2026-03-30T16:50:45.972092,99537.939,1,12.644,55.797,187.934,30.251,59.6,21.84032,0.0,3,17.686,44.596,178.102,38.981,23.5,30.21174,0.0,1,9.64,41.693,116.055,27.338,42.15,24.549774,0.0,50.724,43.365,0,58.097,29.282,1,0.0,0.0,0.0,0.26,0.0,0.26,2000.0,1092.69,16199.04,6.75
204,2026-03-30T16:50:47.980739,2026-03-30T16:52:27.602176,99621.386,1,11.47,50.895,147.456,26.445,55.2,20.674,0.0,3,17.961,36.513,146.975,29.261,22.95,21.163,0.0,1,9.278,47.337,188.522,33.137,48.35,25.3322,0.0,59.086,48.909,0,56.07,36.488,1,0.0,0.0,0.0,0.51,0.25,0.25,2000.0,1079.13,16199.04,6.66
205,2026-03-30T16:52:29.603197,2026-03-30T16:54:00.672886,91069.639,1,12.561,50.935,115.937,23.098,56.35,18.92352,0.0,3,23.439,75.843,157.304,31.191,78.9,27.331,0.0,1,11.378,54.165,122.705,24.123,61.7,18.10748,0.0,75.871,65.672,0,80.603,72.582,0,0.0,0.0,0.0,0.26,0.0,0.26,2000.0,1079.93,16199.04,6.67
206,2026-03-30T16:54:02.701774,2026-03-30T16:56:38.179119,155477.302,1,9.403,18.174,242.205,31.292,12.5,10.9887,0.0,3,18.597,72.329,160.436,36.623,70.5,32.24412,0.0,1,10.515,67.055,188.971,32.886,62.4,21.02104,0.0,,,,,,,0.0,0.0,0.0,0.42,0.0,0.42,2000.0,1084.88,16199.04,6.7
207,2026-03-30T16:56:40.601146,2026-03-30T16:58:25.334159,104732.976,1,11.07,63.027,192.818,32.302,62.75,19.1032,0.0,3,16.815,34.852,313.927,42.58,22.7,21.90056,0.0,1,10.689,46.721,193.677,34.618,50.45,26.04834,0.0,49.46,28.213,0,64.5,40.107,1,0.0,0.0,0.0,0.26,0.26,0.0,2000.0,1079.11,16199.04,6.66
208,2026-03-30T16:58:27.344243,2026-03-30T17:00:07.808290,100464.007,1,11.548,48.207,100.59,19.632,52.1,16.71828,0.0,3,19.56,74.705,199.711,37.65,73.3,32.32992,0.0,1,10.281,24.993,209.541,29.06,12.9,19.2579,0.0,45.935,38.216,0,28.965,24.43,3,0.0,0.0,0.0,0.69,0.46,0.23,2000.0,1079.82,16199.04,6.67
209,2026-03-30T17:00:10.013848,2026-03-30T17:01:48.925916,98912.023,1,10.206,43.274,147.842,33.534,41.45,28.12784,0.0,3,18.603,50.383,203.692,44.847,23.5,36.80056,0.0,1,9.884,47.68,126.595,22.841,52.4,19.081904,0.0,43.405,36.85,0,48.629,42.143,3,0.0,0.0,0.0,0.51,0.0,0.51,2000.0,1077.54,16199.04,6.65
210,2026-03-30T17:01:50.927532,2026-03-30T17:03:33.076614,102149.03,1,9.36,31.109,120.728,25.745,13.45,23.016604,0.0,3,19.856,61.752,200.925,40.757,50.9,35.6607,0.0,1,10.288,41.433,123.514,28.05,39.7,25.179,0.0,63.686,54.545,0,56.672,43.149,0,0.0,0.0,0.0,0.5,0.25,0.25,2000.0,1075.31,16199.04,6.64
211,2026-03-30T17:03:35.084198,2026-03-30T17:05:54.116979,139032.732,1,10.212,53.368,232.644,34.996,54.8,25.5726,0.0,3,19.597,74.963,251.691,53.193,63.25,43.14684,0.0,1,9.686,44.989,251.283,42.588,27.75,33.784684,0.0,31.106,13.69,0,,,,0.0,0.0,0.0,0.45,0.23,0.23,2000.0,1092.97,16199.04,6.75
212,2026-03-30T17:05:56.397173,2026-03-30T17:08:13.816466,137419.242,1,8.967,12.366,14.792,1.062,12.3,0.792536,0.0,3,18.928,66.125,168.284,41.127,57.7,38.10934,0.0,1,10.499,58.467,273.295,49.232,56.9,32.87832,0.0,55.033,36.244,0,,,,0.0,0.0,0.0,0.0,0.0,0.0,2000.0,1096.7,16199.04,6.77
213,2026-03-30T17:08:15.819906,2026-03-30T17:10:37.816514,141996.558,1,9.513,43.863,180.38,33.621,41.3,27.269962,0.0,3,21.086,80.487,225.231,44.811,87.25,38.0666,0.0,1,9.232,12.076,14.969,1.137,12.05,0.85,0.0,54.025,18.288,0,55.255,13.615,0,0.0,0.0,0.0,0.76,0.25,0.51,2000.0,1097.61,16199.04,6.78
214,2026-03-30T17:10:39.818631,2026-03-30T17:12:18.890199,99071.506,1,11.41,63.556,149.392,28.855,62.5,18.9944,0.0,3,19.008,22.17,25.538,1.467,22.0,1.22102,0.0,1,10.206,12.208,14.769,1.013,12.05,0.8108,0.0,47.897,36.509,0,30.817,27.881,2,0.0,0.0,0.0,0.25,0.25,0.0,2000.0,1088.63,16199.04,6.72
215,2026-03-30T17:12:20.990556,2026-03-30T17:14:30.032920,129042.312,1,10.706,31.919,84.396,22.113,19.8,20.3806,0.0,3,18.302,22.064,26.384,1.68,22.05,1.327,0.0,1,8.982,12.174,14.905,1.178,12.3,0.935248,0.0,70.641,65.877,3,,,,0.0,0.0,0.0,0.51,0.0,0.26,2000.0,1093.63,16199.04,6.75
216,2026-03-30T17:14:32.042316,2026-03-30T17:17:15.743126,163700.76,1,9.347,12.331,15.523,0.971,12.2,0.75463,0.0,3,20.751,87.364,268.985,50.015,94.45,39.85324,0.0,1,10.275,47.322,168.292,35.158,50.45,28.39242,0.0,,,,,,,0.0,0.0,0.0,0.77,0.0,0.77,2000.0,1090.18,16199.04,6.73
217,2026-03-30T17:17:17.753165,2026-03-30T17:18:56.054482,98301.266,1,10.58,34.841,144.255,29.658,14.1,25.2971,0.0,3,19.3,77.73,156.53,40.159,93.8,36.34256,0.0,1,9.279,27.119,125.767,25.901,13.15,21.112984,0.0,52.414,44.298,0,54.552,34.727,0,0.0,0.0,0.0,0.25,0.0,0.25,2000.0,1089.11,16199.04,6.72
218,2026-03-30T17:18:58.169999,2026-03-30T17:20:34.920910,96750.832,1,10.125,23.815,105.473,21.92,12.95,16.8935,0.0,3,18.804,58.862,252.124,45.905,25.7,39.50696,0.0,1,8.937,33.598,149.579,27.195,17.85,23.469976,0.0,54.639,47.084,0,37.934,33.764,3,0.0,0.0,0.0,0.77,0.26,0.51,2000.0,1087.24,16199.04,6.71
219,2026-03-30T17:20:37.513501,2026-03-30T17:22:13.248475,95734.921,1,11.332,60.911,181.635,29.031,62.75,17.4744,0.0,3,19.093,42.515,146.532,34.957,22.85,28.21608,0.0,1,9.517,11.634,14.57,1.215,11.3,1.029104,0.0,56.104,46.662,1,43.436,30.489,1,0.0,0.0,0.0,0.25,0.25,0.0,2000.0,1090.55,16199.04,6.73
220,2026-03-30T17:22:15.250998,2026-03-30T17:24:20.656392,125405.349,1,9.516,48.741,192.194,34.809,54.5,27.0761,0.0,3,17.608,21.922,26.171,1.506,21.8,1.2166,0.0,1,8.92,14.896,93.672,12.848,11.65,5.967676,0.0,,,,49.472,39.553,0,0.0,0.0,0.0,1.02,0.25,0.25,2000.0,1090.57,16199.04,6.73
221,2026-03-30T17:24:22.661064,2026-03-30T17:27:05.675008,163013.876,1,9.6,31.599,104.824,25.963,13.6,23.271088,0.0,3,19.401,43.915,152.105,37.778,24.1,30.216,0.0,1,9.407,45.565,213.169,37.15,40.05,30.119626,0.0,,,,,,,0.0,0.0,0.0,0.75,0.19,0.38,2000.0,1088.59,16199.04,6.72
222,2026-03-30T17:27:08.077364,2026-03-30T17:29:02.162620,114085.187,1,10.155,36.204,146.34,30.431,13.95,26.75128,0.0,3,20.088,87.327,193.26,37.795,95.65,30.3666,0.0,1,10.541,50.524,100.329,20.281,61.35,16.66232,0.0,22.616,17.194,3,22.913,12.693,10,0.0,0.0,0.0,1.27,0.25,0.51,2000.0,1085.35,16199.04,6.7
223,2026-03-30T17:29:04.171390,2026-03-30T17:30:41.685723,97514.291,1,11.114,54.995,147.963,30.068,62.1,21.85462,0.0,3,19.168,61.465,175.909,38.583,54.8,33.811,0.0,1,9.053,22.914,116.051,21.281,12.75,15.9231,0.0,24.061,19.158,2,29.117,27.422,5,0.0,0.0,0.0,0.51,0.25,0.25,2000.0,1080.59,16199.04,6.67
224,2026-03-30T17:30:43.686932,2026-03-30T17:32:19.450497,95763.513,1,9.636,43.978,134.959,26.345,45.85,22.516296,0.0,3,21.279,59.093,157.98,39.515,47.9,35.19492,0.0,1,10.435,35.815,260.872,37.942,13.55,28.24984,0.0,25.724,23.903,12,23.197,20.508,8,0.0,0.0,0.0,1.26,0.25,0.76,2000.0,1080.77,16199.04,6.67
225,2026-03-30T17:32:21.570306,2026-03-30T17:34:19.983965,118413.594,1,9.7,41.896,137.677,29.058,31.65,25.196,0.0,3,18.837,70.311,190.309,43.646,62.05,38.58392,0.0,1,11.657,95.216,558.477,94.922,62.95,65.5915,0.0,20.311,15.773,7,25.959,10.586,4,0.0,0.0,0.0,0.72,0.24,0.24,2000.0,1086.15,16199.04,6.71
226,2026-03-30T17:34:21.986240,2026-03-30T17:35:56.248881,94262.594,1,11.858,53.752,185.216,27.298,58.6,18.69674,0.0,3,18.083,65.241,148.374,40.836,70.8,38.188,0.0,1,9.438,34.208,166.491,31.034,13.75,26.167486,0.0,20.103,18.363,9,20.782,17.221,5,0.0,0.0,0.0,1.54,0.26,1.28,2000.0,1081.45,16199.04,6.68
227,2026-03-30T17:35:58.278353,2026-03-30T17:37:53.036081,114757.688,1,10.216,32.22,94.515,22.639,20.55,20.6244,0.0,3,17.946,22.331,39.757,2.397,22.05,1.4674,0.0,1,10.348,59.329,348.538,51.511,62.4,26.73238,0.0,19.704,18.432,14,25.816,9.773,2,0.0,0.0,0.0,1.28,0.26,0.77,2000.0,1082.95,16199.04,6.69
228,2026-03-30T17:37:55.037264,2026-03-30T17:39:36.811098,101773.802,1,10.066,33.831,167.574,30.259,14.4,24.90304,0.0,3,21.475,87.775,259.422,45.876,98.25,36.85938,0.0,1,12.14,51.6,143.498,27.193,53.65,21.04832,0.0,19.966,14.907,5,25.484,23.428,6,0.0,0.0,0.0,1.52,0.51,1.02,2000.0,1079.06,16199.04,6.66
229,2026-03-30T17:39:38.813665,2026-03-30T17:41:20.308663,101494.936,1,10.943,41.65,161.69,29.771,42.1,25.73,0.0,3,19.975,84.719,197.687,46.874,96.05,39.31544,0.0,1,9.091,39.894,232.899,39.849,13.6,30.76288,0.0,22.136,20.34,28,15.59,13.544,21,0.0,0.0,0.0,3.36,1.03,1.55,2000.0,1079.89,16199.04,6.67
230,2026-03-30T17:41:22.319131,2026-03-30T17:43:00.690508,98371.236,1,11.484,27.819,163.571,28.359,14.7,20.46088,0.0,3,24.394,86.767,199.125,40.7,88.8,33.71944,0.0,1,11.003,46.912,188.213,35.603,39.5,27.31614,0.0,18.724,17.802,31,15.87,13.657,28,0.0,0.0,0.0,1.84,0.52,1.05,2000.0,1079.26,16199.04,6.66
231,2026-03-30T17:43:02.763203,2026-03-30T17:44:45.767914,103004.622,1,12.385,39.518,163.418,32.606,22.3,26.05738,0.0,3,22.639,30.496,122.889,15.333,27.25,6.54072,0.0,1,12.156,53.41,215.885,31.733,54.5,23.095,0.0,19.0,16.287,15,14.934,11.923,14,0.0,0.0,0.0,1.55,0.78,0.52,2000.0,1078.65,16199.04,6.66
232,2026-03-30T17:44:47.777773,2026-03-30T17:46:27.538973,99761.098,1,11.281,27.909,212.277,30.321,14.9,20.40968,0.0,3,23.425,87.52,291.538,61.697,74.35,51.41472,0.0,1,12.69,68.654,255.999,48.107,61.4,32.0458,0.0,23.67,21.789,39,18.049,13.95,21,0.0,0.0,0.0,1.3,0.52,0.78,2000.0,1079.57,16199.04,6.66
233,2026-03-30T17:46:29.546129,2026-03-30T17:48:05.387464,95841.228,1,11.815,28.352,86.707,21.658,15.5,18.25668,0.0,3,21.992,53.177,209.635,39.893,29.3,32.94312,0.0,1,12.247,57.894,198.742,34.126,61.1,25.4451,0.0,22.111,20.642,42,18.921,18.218,40,0.0,0.0,0.0,1.98,0.74,0.74,2000.0,1075.76,16199.04,6.64
234,2026-03-30T17:48:07.391329,2026-03-30T17:49:43.470773,96079.346,1,12.228,41.353,399.964,50.591,17.15,30.376,0.0,3,25.295,95.873,280.196,50.467,96.65,38.265,0.0,1,11.669,41.605,336.017,54.398,16.2,35.22974,0.0,22.233,21.018,28,16.531,15.655,18,0.0,0.0,0.0,3.12,0.78,1.82,2000.0,1077.37,16199.04,6.65
235,2026-03-30T17:49:45.479515,2026-03-30T17:51:22.901992,97422.402,1,10.513,56.923,217.686,39.937,53.05,28.83252,0.0,3,25.488,100.505,258.063,52.785,99.75,41.60274,0.0,1,12.035,40.526,162.863,30.007,31.5,24.9222,0.0,22.592,21.47,25,13.343,12.369,15,0.0,0.0,0.0,1.83,0.52,1.31,2000.0,1071.45,16199.04,6.61
236,2026-03-30T17:51:24.907089,2026-03-30T17:53:03.614485,98707.314,1,11.578,42.582,316.339,52.458,17.3,35.47534,0.0,3,23.438,82.484,315.438,65.588,61.2,51.3689,0.0,1,12.665,58.293,283.447,51.315,51.15,35.02,0.0,22.888,21.508,22,16.816,13.657,32,0.0,0.0,0.0,2.09,1.05,0.52,2000.0,1074.28,16199.04,6.63
237,2026-03-30T17:53:05.647368,2026-03-30T17:54:42.441410,96793.968,1,12.048,35.331,170.892,31.737,16.25,24.83528,0.0,3,23.229,47.489,192.59,35.009,29.15,26.3504,0.0,1,11.766,35.535,135.226,29.541,16.45,25.2724,0.0,18.489,16.678,25,18.169,17.148,16,0.0,0.0,0.0,1.57,0.79,0.79,2000.0,1067.71,16199.04,6.59
238,2026-03-30T17:54:44.471426,2026-03-30T17:56:21.050185,96578.64,1,11.698,41.406,116.83,29.413,28.95,26.33976,0.0,3,22.912,50.091,232.57,40.365,28.7,30.6034,0.0,1,12.625,35.471,118.899,26.218,18.15,22.64072,0.0,24.189,22.004,33,14.217,13.58,17,0.0,0.0,0.0,2.39,0.8,1.06,2000.0,1069.45,16199.04,6.6
239,2026-03-30T17:56:23.361514,2026-03-30T17:58:01.418278,98056.683,1,12.894,47.533,146.697,26.46,51.1,21.51576,0.0,3,24.4,73.634,210.633,43.052,69.9,36.64864,0.0,1,11.983,37.918,403.379,52.134,16.2,30.6885,0.0,22.213,20.959,50,17.195,14.523,27,0.0,0.0,0.0,2.38,1.06,1.06,2000.0,1073.43,16199.04,6.63
240,2026-03-30T17:58:03.422237,2026-03-30T17:59:42.947117,99524.725,1,11.843,44.755,153.111,32.461,40.2,27.41824,0.0,3,23.386,51.597,156.138,32.429,34.65,27.0351,0.0,1,11.08,43.634,148.821,30.409,39.1,24.52648,0.0,18.426,16.241,22,14.233,11.406,22,0.0,0.0,0.0,2.65,1.06,0.79,2000.0,1076.39,16199.04,6.64
241,2026-03-30T17:59:44.949771,2026-03-30T18:01:26.038092,101088.248,1,11.212,42.532,151.173,29.343,36.6,24.50376,0.0,3,23.593,74.238,219.803,47.747,57.15,42.13832,0.0,1,11.918,45.94,209.47,41.676,21.3,33.68924,0.0,17.607,16.745,25,17.525,12.301,20,0.0,0.0,0.0,2.92,1.06,1.59,2000.0,1082.13,16199.04,6.68
242,2026-03-30T18:01:28.043703,2026-03-30T18:03:04.123485,96079.699,1,11.39,46.473,144.798,30.006,40.2,24.95088,0.0,3,22.813,77.969,302.68,49.438,70.2,39.39504,0.0,1,11.37,25.134,128.626,22.618,14.6,16.43104,0.0,22.863,19.942,45,16.349,15.762,12,0.0,0.0,0.0,2.63,0.79,1.32,2000.0,1085.61,16199.04,6.7
243,2026-03-30T18:03:06.132219,2026-03-30T18:04:46.959590,100827.281,1,11.909,44.323,140.046,30.565,45.85,26.78112,0.0,3,23.436,70.685,176.866,42.638,65.4,37.11066,0.0,1,11.279,50.382,345.842,46.245,46.4,29.97596,0.0,17.067,15.556,35,13.428,10.843,27,0.0,0.0,0.0,1.84,0.79,0.79,2000.0,1086.46,16199.04,6.71
244,2026-03-30T18:04:48.962407,2026-03-30T18:06:31.336664,102374.14,1,11.153,37.823,83.09,22.621,33.95,20.5492,0.0,3,22.384,40.159,271.505,36.633,26.2,21.75056,0.0,1,11.2,29.551,141.086,26.279,15.55,20.347,0.0,21.643,17.6,28,19.905,13.74,41,0.0,0.0,0.0,2.34,0.52,1.04,2000.0,1081.17,16199.04,6.67
245,2026-03-30T18:06:33.346952,2026-03-30T18:08:11.516668,98169.621,1,12.23,42.859,223.435,38.431,24.45,30.12972,0.0,3,21.888,68.124,245.692,53.387,34.55,44.27902,0.0,1,12.82,63.69,205.594,31.627,62.1,22.8084,0.0,24.593,22.134,49,15.162,13.763,11,0.0,0.0,0.0,2.84,1.55,1.03,2000.0,1081.6,16199.04,6.68
246,2026-03-30T18:08:13.526913,2026-03-30T18:09:55.275885,101748.893,1,11.23,63.76,253.861,45.124,61.65,31.37452,0.0,3,23.188,80.942,578.224,76.932,66.1,45.092,0.0,1,11.967,86.461,505.888,96.31,61.3,66.63376,0.0,19.835,19.146,19,12.716,9.644,32,0.0,0.0,0.0,2.98,0.99,1.74,2000.0,1079.63,16199.04,6.66
247,2026-03-30T18:09:57.282893,2026-03-30T18:11:33.549723,96266.745,1,11.667,49.114,273.534,36.715,52.8,25.43112,0.0,3,21.934,56.368,149.501,36.858,35.85,32.48064,0.0,1,11.287,29.891,154.17,25.774,15.85,19.8253,0.0,21.584,20.689,25,16.502,15.846,16,0.0,0.0,0.0,3.64,1.96,1.12,2000.0,1080.09,16199.04,6.67
248,2026-03-30T18:11:35.553034,2026-03-30T18:13:15.694819,100141.706,1,11.684,42.782,269.604,40.55,27.5,29.33682,0.0,3,22.601,48.031,187.823,36.264,28.05,28.6654,0.0,1,11.044,45.048,144.832,30.605,38.25,26.10958,0.0,22.25,20.328,31,15.663,14.806,23,0.0,0.0,0.0,2.77,1.26,1.26,2000.0,1083.22,16199.04,6.69
249,2026-03-30T18:13:17.723995,2026-03-30T18:14:52.204299,94480.233,1,12.328,58.608,190.529,32.335,61.2,23.2944,0.0,3,22.022,82.918,364.136,60.457,78.15,43.30128,0.0,1,13.777,45.419,159.345,27.846,41.0,22.21202,0.0,22.007,20.706,23,15.421,14.676,9,0.0,0.0,0.0,2.33,0.52,1.3,2000.0,1083.79,16199.04,6.69
250,2026-03-30T18:14:54.215274,2026-03-30T18:16:31.851202,97635.781,1,11.601,26.886,117.974,24.147,15.3,18.37128,0.0,3,21.598,54.866,243.551,41.921,29.4,32.0564,0.0,1,13.405,55.846,131.085,26.96,61.75,21.00712,0.0,21.712,19.801,31,18.862,17.375,22,0.0,0.0,0.0,1.27,0.25,0.51,2000.0,1085.81,16199.04,6.7
251,2026-03-30T18:16:33.902504,2026-03-30T18:18:12.410490,98507.891,1,11.855,36.33,125.347,27.224,16.9,24.378,0.0,3,22.295,43.088,273.449,39.364,26.65,25.95352,0.0,1,11.188,39.243,143.896,28.515,27.65,24.32192,0.0,20.025,19.177,30,15.182,13.164,20,0.0,0.0,0.0,3.15,1.31,1.57,2000.0,1084.84,16199.04,6.7
252,2026-03-30T18:18:14.418114,2026-03-30T18:19:54.407844,99989.639,1,12.037,36.426,115.214,25.136,22.75,22.481,0.0,3,23.17,67.584,242.128,43.03,60.6,35.0485,0.0,1,11.094,20.372,127.08,20.742,14.4,11.2198,0.0,20.735,17.076,27,12.243,9.631,16,0.0,0.0,0.0,2.6,0.78,1.3,2000.0,1084.75,16199.04,6.7
253,2026-03-30T18:19:56.415615,2026-03-30T18:21:35.318782,98903.092,1,12.284,40.181,186.379,33.812,24.75,26.72272,0.0,3,25.993,79.243,219.545,37.119,76.25,29.0712,0.0,1,12.453,73.484,262.835,49.93,63.2,35.77744,0.0,19.94,15.082,35,15.722,15.079,13,0.0,0.0,0.0,2.28,0.51,1.27,2000.0,1087.87,16199.04,6.72
254,2026-03-30T18:21:37.503246,2026-03-30T18:23:16.605179,99101.812,1,10.672,46.704,160.126,36.749,32.2,30.8591,0.0,3,22.668,73.414,271.824,42.975,73.8,34.539,0.0,1,11.728,48.073,167.131,33.077,50.0,26.7531,0.0,22.811,20.134,15,16.534,13.92,15,0.0,0.0,0.0,6.69,2.23,3.34,2000.0,1093.39,16199.04,6.75
255,2026-03-30T18:23:18.609790,2026-03-30T18:25:02.030202,103420.334,1,11.941,37.878,149.42,28.354,25.1,24.2152,0.0,3,21.377,56.885,155.828,36.234,36.1,32.386,0.0,1,12.729,63.158,189.066,30.563,62.55,19.90238,0.0,20.801,13.525,33,18.443,15.785,19,0.0,0.0,0.0,2.2,0.73,1.22,2000.0,1094.17,16199.04,6.75
256,2026-03-30T18:25:04.761485,2026-03-30T18:26:42.343326,97581.649,1,11.249,32.432,124.045,27.424,16.35,22.5243,0.0,3,22.321,77.114,218.307,52.739,60.45,45.68992,0.0,1,10.835,52.442,147.708,33.138,53.45,26.79992,0.0,19.086,17.965,26,17.375,15.173,53,0.0,0.0,0.0,2.09,0.79,1.05,2000.0,1092.15,16199.04,6.74
257,2026-03-30T18:26:44.354701,2026-03-30T18:28:25.233243,100878.456,1,12.501,41.913,140.417,27.472,36.0,23.58496,0.0,3,23.686,57.994,168.782,40.86,31.05,34.36328,0.0,1,11.152,27.264,108.129,23.256,15.35,18.579,0.0,20.006,18.007,30,11.286,9.62,20,0.0,0.0,0.0,2.1,0.52,1.05,2000.0,1089.02,16199.04,6.72
258,2026-03-30T18:28:27.242424,2026-03-30T18:30:04.174726,96932.228,1,11.858,38.989,125.234,26.255,32.1,22.40102,0.0,3,22.52,74.501,204.23,44.072,62.9,38.29744,0.0,1,11.552,46.91,247.72,39.042,44.05,27.82256,0.0,19.538,16.788,20,14.613,12.241,15,0.0,0.0,0.0,1.43,0.48,0.71,2000.0,1091.84,16199.04,6.74
259,2026-03-30T18:30:06.552340,2026-03-30T18:31:41.236379,94683.963,1,11.204,40.2,192.044,31.167,25.95,25.9924,0.0,3,23.146,88.536,198.061,40.37,91.8,32.99232,0.0,1,12.031,32.975,107.235,24.161,18.7,20.71242,0.0,24.7,23.389,98,19.867,18.947,27,0.0,0.0,0.0,2.28,0.76,1.02,2000.0,1096.3,16199.04,6.77
260,2026-03-30T18:31:43.281986,2026-03-30T18:33:18.043613,94761.535,1,11.147,35.0,143.453,27.878,20.4,22.68068,0.0,3,22.006,50.296,164.826,37.433,27.9,31.24242,0.0,1,12.145,44.661,151.65,26.71,51.2,22.91408,0.0,24.886,23.211,28,19.256,18.359,11,0.0,0.0,0.0,1.83,0.52,0.78,2000.0,1089.31,16199.04,6.72
261,2026-03-30T18:33:20.046910,2026-03-30T18:35:00.675723,100628.649,1,11.896,32.846,176.058,32.307,15.25,23.6337,0.0,3,22.98,75.716,302.705,56.022,61.25,43.36076,0.0,1,11.485,39.317,118.528,26.894,33.0,23.04468,0.0,20.862,20.016,36,8.707,6.205,16,0.0,0.0,0.0,2.89,1.31,1.31,2000.0,1088.54,16199.04,6.72
262,2026-03-30T18:35:02.678489,2026-03-30T18:36:35.607656,92929.073,1,13.533,54.792,171.878,30.395,59.6,21.46184,0.0,3,21.677,58.373,237.534,41.364,33.65,34.98394,0.0,1,11.347,43.21,114.168,24.054,43.25,20.772,0.0,22.528,21.474,33,15.377,14.88,18,0.0,0.0,0.0,2.89,1.05,1.58,2000.0,1091.48,16199.04,6.74
263,2026-03-30T18:36:37.612499,2026-03-30T18:38:14.775957,97163.282,1,11.592,26.934,148.275,24.265,14.1,18.28126,0.0,3,22.484,64.021,164.95,37.781,52.2,32.77418,0.0,1,11.956,34.119,123.581,27.757,16.75,23.81994,0.0,14.985,12.687,52,12.768,12.289,21,0.0,0.0,0.0,2.36,1.05,1.05,2000.0,1092.14,16199.04,6.74
264,2026-03-30T18:38:16.785208,2026-03-30T18:39:53.687465,96902.2,1,12.01,42.727,198.25,35.878,33.55,28.28794,0.0,3,22.925,69.329,228.712,45.995,55.75,37.5056,0.0,1,12.351,60.838,257.456,35.814,62.0,24.0057,0.0,19.782,16.292,63,16.766,15.859,18,0.0,0.0,0.0,1.63,0.54,0.82,2000.0,1084.2,16199.04,6.69
265,2026-03-30T18:39:55.761737,2026-03-30T18:41:34.934927,99173.096,1,11.723,40.028,194.499,34.029,23.35,26.6086,0.0,3,23.479,79.116,254.961,53.422,70.45,43.2213,0.0,1,11.787,58.58,181.169,28.762,60.45,20.81624,0.0,22.903,21.542,43,15.642,12.512,19,0.0,0.0,0.0,2.6,1.04,1.3,2000.0,1080.47,16199.04,6.67
266,2026-03-30T18:41:37.028401,2026-03-30T18:43:20.277433,103248.944,1,10.993,42.184,145.448,31.82,30.95,26.41276,0.0,3,22.99,73.833,234.279,50.429,62.05,41.11512,0.0,1,11.964,52.713,296.029,36.457,51.7,23.14976,0.0,22.734,20.001,29,16.012,10.107,21,0.0,0.0,0.0,2.28,0.25,1.52,2000.0,1081.63,16199.04,6.68
267,2026-03-30T18:43:22.290360,2026-03-30T18:44:59.202443,96911.986,1,11.122,33.58,127.366,26.149,19.35,22.4088,0.0,3,22.003,48.351,183.948,35.931,27.1,29.174,0.0,1,11.486,17.238,78.162,11.929,13.7,5.99864,0.0,23.289,21.526,31,14.99,14.242,13,0.0,0.0,0.0,2.36,0.52,1.31,2000.0,1077.11,16199.04,6.65
268,2026-03-30T18:45:01.211240,2026-03-30T18:46:40.618025,99406.701,1,11.711,47.839,167.313,33.302,47.8,26.922,0.0,3,21.448,59.139,241.316,44.218,34.1,36.3687,0.0,1,12.241,42.909,252.187,41.805,21.4,30.87206,0.0,16.534,15.657,20,17.327,16.463,28,0.0,0.0,0.0,2.81,0.77,1.28,2000.0,1077.93,16199.04,6.65
269,2026-03-30T18:46:42.622258,2026-03-30T18:48:26.751794,104129.441,1,12.062,42.533,125.365,31.378,35.55,26.9096,0.0,3,23.013,53.781,181.308,41.976,28.2,35.72,0.0,1,12.204,36.408,105.004,23.134,27.35,20.883,0.0,23.061,13.745,26,20.8,18.79,26,0.0,0.0,0.0,0.79,0.52,0.26,2000.0,1080.85,16199.04,6.67
270,2026-03-30T18:48:28.776291,2026-03-30T18:50:05.856934,97080.381,1,12.141,47.048,154.54,28.964,46.3,23.19976,0.0,3,22.506,69.478,185.263,40.246,64.5,34.2075,0.0,1,11.947,33.047,172.256,31.094,15.65,23.12612,0.0,20.13,16.573,42,21.583,19.128,44,0.0,0.0,0.0,3.26,0.82,1.9,2000.0,1080.83,16199.04,6.67
271,2026-03-30T18:50:07.865187,2026-03-30T18:51:44.007847,96142.58,1,10.949,30.827,160.889,28.287,14.4,22.45528,0.0,3,22.334,64.239,310.409,55.868,31.6,43.01256,0.0,1,11.651,33.191,176.065,30.631,16.5,22.48756,0.0,20.913,20.054,16,17.76,16.863,32,0.0,0.0,0.0,3.29,0.76,1.52,2000.0,1080.06,16199.04,6.67
272,2026-03-30T18:51:46.069410,2026-03-30T18:53:27.823493,101753.994,1,11.439,41.586,292.869,47.355,18.0,31.42424,0.0,3,22.622,49.797,225.009,40.43,27.45,31.6656,0.0,1,11.56,50.737,115.857,22.823,54.5,19.06526,0.0,17.124,11.872,30,19.064,16.818,27,0.0,0.0,0.0,2.84,1.03,1.55,2000.0,1080.25,16199.04,6.67
273,2026-03-30T18:53:29.994843,2026-03-30T18:55:13.648713,103653.63,1,11.679,34.906,134.617,28.715,15.9,24.29956,0.0,3,22.992,87.606,466.842,65.123,82.65,43.51858,0.0,1,11.152,46.042,356.69,55.72,22.5,34.69434,0.0,21.059,20.028,19,16.771,10.587,35,0.0,0.0,0.0,1.83,0.26,1.04,2000.0,1079.97,16199.04,6.67
274,2026-03-30T18:55:15.655873,2026-03-30T18:56:51.609615,95953.664,1,11.966,36.25,136.262,28.104,20.45,23.7133,0.0,3,22.708,49.363,131.325,33.066,27.9,29.0463,0.0,1,10.706,49.128,127.684,28.128,56.35,24.476,0.0,16.72,15.443,38,16.622,14.759,25,0.0,0.0,0.0,1.75,0.5,0.75,2000.0,1087.13,16199.04,6.71
275,2026-03-30T18:56:53.737955,2026-03-30T18:58:33.471610,99733.541,1,11.517,31.077,131.539,23.751,15.55,19.89112,0.0,3,21.787,53.876,195.582,39.318,28.5,33.8737,0.0,1,11.442,36.229,153.101,30.91,19.15,24.41948,0.0,24.526,22.574,26,14.884,9.08,25,0.0,0.0,0.0,2.09,0.52,1.31,2000.0,1090.61,16199.04,6.73
276,2026-03-30T18:58:35.487083,2026-03-30T19:00:13.580788,98093.621,1,11.635,38.755,168.293,35.192,15.7,29.22952,0.0,3,23.336,68.133,348.673,59.159,37.65,44.5978,0.0,1,11.168,52.486,226.233,43.785,50.0,32.34258,0.0,16.38,15.64,26,23.404,22.427,25,0.0,0.0,0.0,2.39,0.53,1.33,2000.0,1082.44,16199.04,6.68
277,2026-03-30T19:00:15.587603,2026-03-30T19:01:56.614278,101026.587,1,11.275,45.588,370.958,50.639,19.8,35.39372,0.0,3,22.853,89.237,341.364,66.197,78.9,47.67492,0.0,1,12.103,48.17,302.813,50.832,20.55,34.83294,0.0,18.116,14.871,47,14.748,14.017,16,0.0,0.0,0.0,4.23,0.91,2.72,2000.0,1074.27,16199.04,6.63
278,2026-03-30T19:01:58.621176,2026-03-30T19:03:42.039682,103418.415,1,12.418,54.382,147.64,31.663,56.5,25.30128,0.0,3,22.538,68.271,221.079,49.692,52.05,40.6356,0.0,1,11.64,43.114,196.606,35.827,28.55,28.91494,0.0,19.588,13.493,65,12.096,9.535,15,0.0,0.0,0.0,4.72,2.36,1.84,2000.0,1076.25,16199.04,6.64
279,2026-03-30T19:03:44.047776,2026-03-30T19:05:22.804551,98756.683,1,11.717,31.05,151.857,29.427,14.95,22.61962,0.0,3,24.975,87.012,279.146,48.163,81.15,38.3434,0.0,1,11.772,41.111,162.026,31.543,29.75,25.08908,0.0,17.14,15.251,38,15.515,11.84,21,0.0,0.0,0.0,3.49,1.34,1.34,2000.0,1079.35,16199.04,6.66
280,2026-03-30T19:05:24.817985,2026-03-30T19:07:04.636593,99818.51,1,11.442,33.123,150.447,28.722,15.5,23.4923,0.0,3,22.607,46.999,170.378,35.957,27.65,28.09,0.0,1,10.521,37.805,270.489,40.822,21.05,25.90934,0.0,19.945,17.234,51,12.728,9.487,25,0.0,0.0,0.0,3.38,0.78,2.08,2000.0,1080.72,16199.04,6.67
281,2026-03-30T19:07:06.645643,2026-03-30T19:08:43.132814,96487.087,1,12.698,63.147,390.007,53.613,60.9,33.47312,0.0,3,22.392,76.009,218.863,42.225,76.35,35.24838,0.0,1,11.866,45.011,306.784,43.927,29.3,29.47226,0.0,11.169,10.362,12,14.171,13.134,19,0.0,0.0,0.0,3.39,0.78,2.09,2000.0,1081.54,16199.04,6.68
282,2026-03-30T19:08:45.145210,2026-03-30T19:10:24.781244,99635.948,1,11.906,48.906,176.935,32.241,46.0,24.10496,0.0,3,23.175,70.794,212.097,46.234,61.95,35.6376,0.0,1,12.8,50.824,142.554,31.623,49.35,25.8804,0.0,16.148,13.638,40,21.608,16.187,37,0.0,0.0,0.0,1.85,0.53,1.32,2000.0,1078.32,16199.04,6.66
283,2026-03-30T19:10:26.882030,2026-03-30T19:12:04.910670,98028.558,1,11.357,31.028,98.173,23.044,17.4,19.2696,0.0,3,22.795,53.103,256.035,43.361,28.9,32.87824,0.0,1,11.126,25.059,163.533,24.643,14.4,16.79184,0.0,24.099,21.733,57,17.509,12.431,26,0.0,0.0,0.0,2.1,0.52,1.31,2000.0,1068.62,16199.04,6.6
284,2026-03-30T19:12:06.967522,2026-03-30T19:13:45.850222,98882.608,1,12.323,52.506,287.753,41.635,48.2,26.5296,0.0,3,22.229,51.328,175.841,39.105,28.05,32.09878,0.0,1,11.37,39.918,123.739,25.339,35.45,21.4035,0.0,22.828,21.702,28,19.141,14.151,44,0.0,0.0,0.0,2.08,0.78,0.78,2000.0,1078.12,16199.04,6.66
285,2026-03-30T19:13:47.854730,2026-03-30T19:15:28.590495,100735.686,1,10.799,68.703,762.094,113.787,25.1,64.2455,0.0,3,21.448,71.124,345.0,61.896,36.3,49.4616,0.0,1,10.879,58.851,182.193,39.225,56.15,30.365,0.0,17.616,15.327,35,22.05,20.353,16,0.0,0.0,0.0,2.91,0.89,1.57,2000.0,1077.12,16199.04,6.65
286,2026-03-30T19:15:30.610680,2026-03-30T19:17:14.818648,104207.886,1,12.803,69.257,369.787,62.218,58.55,39.3284,0.0,3,22.697,53.342,305.38,48.116,29.0,33.5402,0.0,1,11.915,47.44,189.282,37.692,34.75,30.63216,0.0,20.148,14.839,34,17.485,13.419,14,0.0,0.0,0.0,2.45,0.61,1.43,2000.0,1078.4,16199.04,6.66
287,2026-03-30T19:17:16.927821,2026-03-30T19:18:55.342611,98414.714,1,11.509,37.702,201.186,34.301,16.4,26.87912,0.0,3,23.896,75.338,177.355,39.197,69.25,33.30644,0.0,1,11.484,55.419,233.189,44.808,47.9,33.62248,0.0,21.555,18.475,90,16.348,13.838,36,0.0,0.0,0.0,1.31,0.52,0.52,2000.0,1085.09,16199.04,6.7
288,2026-03-30T19:18:57.426400,2026-03-30T19:20:39.068722,101642.239,1,12.77,62.386,166.351,31.786,61.45,21.92468,0.0,3,24.028,90.795,230.215,49.562,91.25,37.995,0.0,1,12.196,62.967,344.399,63.84,42.35,43.7722,0.0,17.772,14.276,33,18.207,13.603,36,0.0,0.0,0.0,2.92,1.33,1.33,2000.0,1088.72,16199.04,6.72
289,2026-03-30T19:20:41.074357,2026-03-30T19:22:18.338998,97264.521,1,12.41,67.894,301.044,52.415,58.05,36.709,0.0,3,24.079,77.677,228.553,44.407,70.25,36.32408,0.0,1,11.298,44.506,262.342,42.312,20.55,32.3579,0.0,18.837,18.204,27,16.692,13.947,45,0.0,0.0,0.0,2.56,1.03,1.03,2000.0,1088.69,16199.04,6.72
290,2026-03-30T19:22:20.463878,2026-03-30T19:24:03.186718,102722.768,1,10.865,41.811,245.923,40.168,22.85,29.47778,0.0,3,22.027,51.19,243.454,42.334,28.4,33.22992,0.0,1,11.578,33.503,110.003,24.48,21.5,20.95528,0.0,19.056,16.794,25,12.768,10.19,20,0.0,0.0,0.0,2.33,0.52,1.81,2000.0,1088.66,16199.04,6.72
291,2026-03-30T19:24:05.189673,2026-03-30T19:25:41.168712,95978.96,1,10.897,52.285,449.299,51.721,49.35,31.0028,0.0,3,22.384,166.718,546.92,131.36,121.0,105.4294,0.0,1,13.508,62.572,254.836,39.506,61.55,26.94006,0.0,19.53,18.401,43,12.715,11.971,15,0.0,0.0,0.0,2.33,0.78,1.04,2000.0,1081.12,16199.04,6.67
292,2026-03-30T19:25:43.176571,2026-03-30T19:27:23.680700,100504.012,1,12.303,39.992,136.243,29.21,31.7,24.08284,0.0,3,23.386,86.854,336.795,61.252,76.35,45.42326,0.0,1,11.314,55.592,177.329,36.069,54.8,27.8427,0.0,22.403,20.536,28,14.293,11.278,26,0.0,0.0,0.0,1.78,1.02,0.51,2000.0,1078.34,16199.04,6.66
293,2026-03-30T19:27:25.682825,2026-03-30T19:29:08.894289,103211.438,1,9.618,33.14,161.221,31.269,14.3,25.292808,0.0,3,20.405,22.751,27.502,1.423,22.7,1.12112,0.0,1,9.307,44.063,134.618,27.837,52.0,24.21839,0.0,12.967,9.47,6,13.049,8.449,2,0.0,0.0,0.0,0.26,0.0,0.26,2000.0,1083.7,16199.04,6.69
294,2026-03-30T19:29:10.902873,2026-03-30T19:30:47.210638,96307.727,1,10.546,59.33,202.414,29.477,61.9,19.4648,0.0,3,19.332,53.607,172.188,40.006,25.05,35.7085,0.0,1,9.639,21.113,83.275,18.456,12.95,13.51672,0.0,22.163,15.601,5,23.656,20.357,7,0.0,0.0,0.0,0.76,0.25,0.51,2000.0,1081.15,16199.04,6.67
295,2026-03-30T19:30:49.342323,2026-03-30T19:32:53.222378,123880.006,1,11.22,48.809,164.059,28.325,55.2,23.24492,0.0,3,20.431,74.389,147.354,36.365,85.55,32.7647,0.0,1,9.863,39.443,147.23,30.919,25.15,26.62436,0.0,20.237,19.15,5,,,,0.0,0.0,0.0,0.78,0.26,0.26,2000.0,1084.5,16199.04,6.69
296,2026-03-30T19:32:55.231316,2026-03-30T19:34:29.319165,94087.8,1,10.451,40.753,152.855,29.618,33.5,25.1543,0.0,3,19.853,67.942,188.575,45.066,58.05,38.90388,0.0,1,9.108,32.239,86.803,23.25,18.45,21.3232,0.0,20.396,18.517,2,29.103,25.863,11,0.0,0.0,0.0,0.78,0.26,0.52,2000.0,1083.06,16199.04,6.69
297,2026-03-30T19:34:31.545029,2026-03-30T19:36:08.909429,97364.344,1,11.313,46.147,104.407,20.126,51.45,17.264,0.0,3,23.152,82.25,137.039,28.608,83.4,25.1823,0.0,1,11.544,54.236,155.149,26.097,58.95,19.96878,0.0,65.146,56.495,0,49.966,27.69,3,0.0,0.0,0.0,0.76,0.51,0.25,2000.0,1072.47,16199.04,6.62
298,2026-03-30T19:36:10.912429,2026-03-30T19:38:17.680241,126767.761,1,9.129,43.417,152.165,26.137,48.2,22.678598,0.0,3,18.28,23.982,100.024,10.98,21.95,4.1617,0.0,1,8.718,27.152,73.461,20.79,13.5,18.070076,0.0,47.854,40.11,0,,,,0.0,0.0,0.0,1.02,0.26,0.26,2000.0,1081.0,16199.04,6.67
299,2026-03-30T19:38:19.681158,2026-03-30T19:40:05.766150,106084.938,1,10.138,46.284,137.598,27.309,53.8,22.88624,0.0,3,19.122,43.956,189.633,39.262,23.35,30.23232,0.0,1,10.201,42.013,104.486,23.921,47.05,21.90152,0.0,18.341,13.815,5,23.262,19.063,2,0.0,0.0,0.0,0.52,0.26,0.26,2000.0,1078.45,16199.04,6.66
300,2026-03-30T19:40:07.769890,2026-03-30T19:41:47.117770,99347.827,1,10.186,29.138,111.812,24.417,13.25,21.18632,0.0,3,18.171,47.119,156.776,34.173,24.8,28.91672,0.0,1,11.068,59.79,190.503,29.111,62.4,18.80316,0.0,15.66,9.506,2,19.901,18.015,1,0.0,0.0,0.0,0.96,0.72,0.24,2000.0,1081.85,16199.04,6.68
301,2026-03-30T19:41:49.349760,2026-03-30T19:43:24.730419,95380.627,1,9.772,52.722,141.622,26.392,61.85,20.366192,0.0,3,19.112,75.819,345.456,62.181,59.6,49.0175,0.0,1,10.079,51.509,144.073,29.104,60.15,23.2764,0.0,15.165,13.611,8,28.958,22.445,7,0.0,0.0,0.0,0.51,0.0,0.26,2000.0,1076.87,16199.04,6.65
302,2026-03-30T19:43:26.752026,2026-03-30T19:45:15.259165,108507.103,1,9.655,23.675,296.933,37.298,12.25,19.414224,0.0,3,19.286,53.118,166.794,38.52,27.5,32.99912,0.0,1,9.36,37.487,172.716,29.551,25.9,25.6075,0.0,22.052,19.009,10,11.228,6.28,3,0.0,0.0,0.0,1.79,0.26,1.02,2000.0,1075.47,16199.04,6.64
303,2026-03-30T19:45:17.416207,2026-03-30T19:47:27.549782,130133.519,1,10.719,50.038,224.651,36.29,53.9,27.26292,0.0,3,20.239,78.41,357.448,47.092,73.25,33.8586,0.0,1,10.478,31.184,125.095,27.632,13.3,23.1536,0.0,27.65,22.657,2,,,,0.0,0.0,0.0,0.46,0.23,0.23,2000.0,1075.33,16199.04,6.64
304,2026-03-30T19:47:30.288211,2026-03-30T19:49:15.367382,105079.131,1,13.251,56.526,125.099,26.112,62.1,19.26238,0.0,3,20.483,83.682,204.668,36.833,89.85,28.80408,0.0,1,11.142,51.423,126.125,21.089,55.0,16.35,0.0,30.878,26.07,6,25.104,16.623,6,0.0,0.0,0.0,1.29,0.26,1.03,2000.0,1067.16,16199.04,6.59
305,2026-03-30T19:49:17.379021,2026-03-30T19:51:23.763244,126384.18,1,10.363,49.891,158.183,31.694,56.1,23.7897,0.0,3,19.495,29.548,114.864,19.32,23.4,10.83966,0.0,1,11.12,57.534,493.59,57.551,55.4,26.12402,0.0,,,,32.294,28.047,16,0.0,0.0,0.0,0.74,0.25,0.25,2000.0,1075.75,16199.04,6.64
306,2026-03-30T19:51:25.872618,2026-03-30T19:53:06.522122,100649.448,1,9.959,34.08,104.347,24.529,23.05,22.25472,0.0,3,18.833,50.143,146.541,36.024,26.6,31.8416,0.0,1,9.676,12.237,14.805,1.027,12.2,0.851348,0.0,26.91,24.459,6,19.894,13.452,15,0.0,0.0,0.0,0.26,0.0,0.26,2000.0,1079.39,16199.04,6.66
307,2026-03-30T19:53:08.526457,2026-03-30T19:54:53.070834,104544.314,1,12.554,64.448,219.709,32.536,62.9,20.3922,0.0,3,19.235,65.417,318.51,54.737,40.25,43.8388,0.0,1,10.762,44.785,135.828,27.417,44.0,23.216,0.0,22.188,17.31,2,36.456,31.438,7,0.0,0.0,0.0,1.02,0.51,0.51,2000.0,1081.3,16199.04,6.68
308,2026-03-30T19:54:55.178966,2026-03-30T19:56:33.561128,98382.107,1,11.126,50.695,186.322,31.038,55.65,22.16916,0.0,3,19.02,45.487,167.204,36.031,23.9,29.36936,0.0,1,10.405,32.691,104.488,24.844,14.3,22.61512,0.0,19.523,12.493,6,25.4,23.54,7,0.0,0.0,0.0,1.52,0.51,0.51,2000.0,1079.43,16199.04,6.66
309,2026-03-30T19:56:35.588887,2026-03-30T19:58:14.148010,98559.079,1,10.093,27.338,389.644,46.331,12.4,24.52546,0.0,3,19.178,26.864,124.795,17.126,23.0,7.41262,0.0,1,10.034,32.442,115.339,25.047,15.5,21.86514,0.0,25.58,22.421,12,21.967,18.439,13,0.0,0.0,0.0,1.0,0.0,0.75,2000.0,1073.5,16199.04,6.63
310,2026-03-30T19:58:16.148844,2026-03-30T20:00:04.801486,108652.589,1,10.917,44.168,143.453,27.344,51.15,24.34888,0.0,3,21.374,100.167,396.05,70.585,99.35,48.7085,0.0,1,10.099,24.564,119.529,26.694,12.9,19.1176,0.0,11.958,6.363,7,21.265,16.351,11,0.0,0.0,0.0,0.51,0.0,0.26,2000.0,1070.23,16199.04,6.61
311,2026-03-30T20:00:06.811404,2026-03-30T20:01:59.562108,112750.643,1,10.27,44.354,130.1,25.836,52.9,22.45856,0.0,3,22.077,90.955,273.574,40.775,97.5,30.19804,0.0,1,9.722,18.421,83.558,16.468,12.4,10.244228,0.0,23.776,17.299,8,18.515,9.914,6,0.0,0.0,0.0,0.52,0.0,0.26,2000.0,1069.4,16199.04,6.6
312,2026-03-30T20:02:01.573351,2026-03-30T20:03:38.332428,96759.013,1,9.714,48.581,219.84,33.877,52.6,24.88199,0.0,3,20.981,96.735,347.32,51.569,103.0,36.3244,0.0,1,10.569,37.881,317.446,41.083,21.9,26.41692,0.0,24.55,20.295,5,21.095,18.469,6,0.0,0.0,0.0,1.75,0.5,0.5,2000.0,1069.06,16199.04,6.6
313,2026-03-30T20:03:40.422079,2026-03-30T20:05:49.693282,129271.146,1,10.851,54.569,153.826,30.941,60.7,23.12658,0.0,3,18.043,94.588,364.388,56.692,98.05,40.3016,0.0,1,9.719,12.385,17.397,1.22,12.3,0.886732,0.0,27.915,23.536,10,,,,0.0,0.0,0.0,1.46,0.49,0.49,2000.0,1070.91,16199.04,6.61
314,2026-03-30T20:05:51.706910,2026-03-30T20:08:00.997772,129290.797,1,12.325,57.38,125.817,23.868,62.35,17.34904,0.0,3,21.365,85.122,187.667,35.428,94.25,29.8048,0.0,1,10.787,40.678,134.824,27.165,37.3,23.48892,0.0,26.693,18.806,10,,,,0.0,0.0,0.0,1.03,0.52,0.52,2000.0,1072.91,16199.04,6.62
315,2026-03-30T20:08:03.002525,2026-03-30T20:09:46.275829,103273.262,1,9.753,20.646,65.415,16.253,12.75,12.085456,0.0,3,21.331,91.538,344.737,55.044,88.95,37.77,0.0,1,9.991,23.599,279.868,33.949,12.5,18.088038,0.0,18.095,15.688,15,31.897,27.265,6,0.0,0.0,0.0,0.51,0.26,0.26,2000.0,1075.54,16199.04,6.64
316,2026-03-30T20:09:48.317700,2026-03-30T20:11:51.312355,122994.597,1,10.511,58.953,354.73,43.813,62.55,25.19648,0.0,3,19.995,71.519,243.589,50.698,59.05,43.76522,0.0,1,10.923,49.637,375.764,51.25,41.9,32.67904,0.0,20.495,5.514,3,25.574,19.014,2,0.0,0.0,0.0,1.14,0.46,0.46,2000.0,1071.23,16199.04,6.61
317,2026-03-30T20:11:53.406319,2026-03-30T20:13:45.638968,112232.573,1,8.822,16.021,98.718,13.234,12.45,6.800472,0.0,3,19.163,75.379,279.477,49.963,74.6,40.68066,0.0,1,11.156,66.951,179.023,33.455,63.0,23.55804,0.0,33.129,16.267,7,22.062,12.991,12,0.0,0.0,0.0,1.29,0.26,0.77,2000.0,1073.26,16199.04,6.63
318,2026-03-30T20:13:47.642066,2026-03-30T20:15:23.953687,96311.545,1,10.941,56.328,145.168,23.988,62.5,17.33396,0.0,3,19.059,72.544,218.575,52.188,60.1,44.74152,0.0,1,12.223,64.068,154.552,27.581,62.7,18.31712,0.0,21.185,18.482,14,25.151,17.472,8,0.0,0.0,0.0,1.05,0.21,0.42,2000.0,1068.38,16199.04,6.6
319,2026-03-30T20:15:25.959688,2026-03-30T20:17:33.636854,127677.122,1,10.877,42.616,132.27,22.678,42.15,19.99428,0.0,3,21.163,68.369,156.882,33.619,72.5,29.84874,0.0,1,9.943,39.124,154.685,29.287,29.1,25.515248,0.0,,,,26.769,22.774,11,0.0,0.0,0.0,1.82,0.52,0.52,2000.0,1076.37,16199.04,6.64
320,2026-03-30T20:17:35.641620,2026-03-30T20:19:29.499566,113857.883,1,11.372,51.02,115.009,22.783,57.95,18.16944,0.0,3,22.927,68.043,175.034,38.034,62.7,33.05336,0.0,1,12.81,59.109,179.62,28.751,62.15,19.51736,0.0,14.816,5.694,4,19.394,16.789,13,0.0,0.0,0.0,0.72,0.24,0.48,2000.0,1081.32,16199.04,6.68
321,2026-03-30T20:19:31.574119,2026-03-30T20:21:41.463619,129889.432,1,10.145,53.57,155.733,34.296,58.2,26.8739,0.0,3,20.062,48.434,176.945,38.314,24.4,32.88824,0.0,1,10.132,45.696,168.136,26.333,51.9,21.72108,0.0,,,,23.207,17.397,2,0.0,0.0,0.0,0.76,0.25,0.51,2000.0,1090.05,16199.04,6.73
322,2026-03-30T20:21:43.465291,2026-03-30T20:23:25.063856,101598.532,1,11.476,55.863,206.478,33.499,58.9,21.97864,0.0,3,18.947,74.704,270.54,49.057,75.75,41.083,0.0,1,9.883,56.301,269.968,37.57,62.05,23.488608,0.0,15.746,12.716,6,21.175,15.849,17,0.0,0.0,0.0,0.46,0.0,0.23,2000.0,1091.1,16199.04,6.74
323,2026-03-30T20:23:27.115152,2026-03-30T20:25:33.291931,126176.725,1,10.895,57.213,303.621,45.353,56.85,30.583,0.0,3,17.839,70.874,168.347,44.247,74.85,40.00128,0.0,1,10.869,41.056,120.096,26.056,36.75,23.18824,0.0,20.855,6.977,4,13.548,12.798,12,0.0,0.0,0.0,1.02,0.51,0.26,2000.0,1090.99,16199.04,6.73
324,2026-03-30T20:25:35.301471,2026-03-30T20:27:46.455145,131153.647,1,9.922,26.142,116.279,24.943,12.55,20.418722,0.0,3,20.769,84.997,207.784,37.045,92.7,29.47516,0.0,1,10.486,32.215,168.096,33.404,13.55,25.466,0.0,,,,17.74,13.892,9,0.0,0.0,0.0,0.89,0.22,0.45,2000.0,1077.1,16199.04,6.65
325,2026-03-30T20:27:48.465327,2026-03-30T20:29:57.288424,128823.044,1,9.788,34.728,103.75,22.748,28.85,20.256228,0.0,3,19.161,89.665,454.059,64.751,94.25,42.77736,0.0,1,10.553,42.702,108.41,26.723,48.75,23.96294,0.0,,,,18.472,16.817,6,0.0,0.0,0.0,1.27,0.0,1.02,2000.0,1086.17,16199.04,6.71
326,2026-03-30T20:29:59.291683,2026-03-30T20:32:10.422261,131130.537,1,9.116,34.282,219.478,34.204,16.65,25.182752,0.0,3,18.51,26.458,125.276,16.285,22.7,6.89556,0.0,1,9.629,38.239,104.279,24.853,38.25,23.1607,0.0,,,,24.535,22.576,30,0.0,0.0,0.0,0.99,0.25,0.74,2000.0,1081.46,16199.04,6.68
327,2026-03-30T20:32:12.461043,2026-03-30T20:33:59.369415,106908.334,1,10.706,46.306,114.067,24.997,54.3,21.622,0.0,3,18.346,74.797,314.398,58.744,72.85,48.055,0.0,1,9.36,17.749,83.977,16.5,12.3,9.94964,0.0,22.433,16.603,5,26.739,18.303,9,0.0,0.0,0.0,1.53,0.51,0.77,2000.0,1079.6,16199.04,6.66
328,2026-03-30T20:34:01.379786,2026-03-30T20:36:11.031186,129651.344,1,10.488,42.974,83.346,22.806,49.8,21.01512,0.0,3,19.161,41.658,147.316,32.136,24.2,26.0121,0.0,1,10.529,45.979,137.326,24.08,52.25,20.42064,0.0,17.244,11.928,1,,,,0.0,0.0,0.0,2.07,1.03,0.52,2000.0,1085.37,16199.04,6.7
329,2026-03-30T20:36:13.037927,2026-03-30T20:38:06.009520,112971.524,1,8.881,20.212,188.43,23.346,12.6,13.45016,0.0,3,20.042,97.28,399.964,63.81,100.0,45.59288,0.0,1,9.004,43.199,354.92,42.346,34.45,27.79118,0.0,20.042,10.241,5,33.625,29.014,5,0.0,0.0,0.0,0.26,0.0,0.26,2000.0,1088.34,16199.04,6.72
330,2026-03-30T20:38:08.015694,2026-03-30T20:39:51.041489,103025.753,1,8.714,35.299,107.672,26.087,23.05,23.908178,0.0,3,19.929,79.887,161.46,33.431,85.75,28.86036,0.0,1,9.911,37.278,156.206,27.09,29.3,23.475166,0.0,21.55,12.95,15,18.876,14.273,22,0.0,0.0,0.0,1.02,0.25,0.51,2000.0,1081.49,16199.04,6.68
331,2026-03-30T20:39:53.044453,2026-03-30T20:41:34.245709,101201.203,1,12.462,59.424,181.874,27.586,62.15,17.67272,0.0,3,19.215,79.516,189.355,47.765,81.45,40.63488,0.0,1,10.374,62.405,251.56,39.604,62.35,24.2364,0.0,22.686,21.747,11,14.841,11.487,5,0.0,0.0,0.0,0.99,0.25,0.49,2000.0,1085.32,16199.04,6.7
332,2026-03-30T20:41:36.254594,2026-03-30T20:43:08.910006,92655.304,1,10.782,45.111,127.51,30.196,42.6,26.08146,0.0,3,22.596,57.027,275.922,54.09,27.1,41.54428,0.0,1,11.472,30.055,92.901,20.691,17.1,17.91866,0.0,23.025,21.432,44,14.963,13.794,17,0.0,0.0,0.0,2.66,1.33,1.06,2000.0,1086.15,16199.04,6.71
333,2026-03-30T20:43:10.917642,2026-03-30T20:44:50.652075,99734.136,1,10.751,38.656,166.957,32.86,21.75,25.87378,0.0,3,22.156,35.829,237.938,31.45,26.35,16.2289,0.0,1,11.073,24.668,178.532,25.115,14.55,16.7936,0.0,15.493,13.187,3,11.583,9.189,18,0.0,0.0,0.0,2.13,0.8,1.06,2000.0,1079.06,16199.04,6.66
334,2026-03-30T20:44:52.655067,2026-03-30T20:46:29.129710,96474.56,1,11.628,41.122,148.878,29.457,30.95,24.8659,0.0,3,23.889,85.497,264.987,51.708,87.6,42.89206,0.0,1,12.48,74.866,258.546,46.647,63.55,33.4428,0.0,22.441,21.132,41,16.638,15.764,12,0.0,0.0,0.0,1.72,0.49,0.98,2000.0,1081.37,16199.04,6.68
335,2026-03-30T20:46:31.133594,2026-03-30T20:48:12.182884,101049.215,1,11.531,57.496,233.343,46.344,52.3,35.52656,0.0,3,23.452,63.706,199.945,43.753,43.2,37.20356,0.0,1,12.498,41.636,156.85,31.448,28.9,26.4896,0.0,18.015,12.934,37,15.267,14.658,14,0.0,0.0,0.0,2.37,0.79,0.53,2000.0,1081.58,16199.04,6.68
336,2026-03-30T20:48:14.188033,2026-03-30T20:49:51.558971,97370.768,1,12.01,36.16,168.089,29.937,17.4,24.52984,0.0,3,23.671,80.54,305.319,56.647,63.35,45.96474,0.0,1,12.253,37.981,216.161,36.136,16.65,28.2172,0.0,23.353,19.586,37,16.238,15.293,15,0.0,0.0,0.0,1.56,0.78,0.52,2000.0,1081.5,16199.04,6.68
337,2026-03-30T20:49:53.577543,2026-03-30T20:51:30.617379,97039.727,1,13.543,59.999,318.799,40.282,58.45,25.17698,0.0,3,24.483,102.953,359.961,82.183,76.05,59.56212,0.0,1,12.024,37.894,181.357,33.446,19.55,26.40504,0.0,15.927,15.268,17,13.211,12.275,15,0.0,0.0,0.0,2.08,0.52,1.04,2000.0,1085.0,16199.04,6.7
338,2026-03-30T20:51:32.625458,2026-03-30T20:53:09.617687,96992.151,1,11.995,32.852,89.348,23.744,18.2,20.91928,0.0,3,24.42,78.235,236.709,41.338,79.65,32.95986,0.0,1,11.301,32.164,166.79,31.071,15.55,23.8174,0.0,19.106,16.506,29,14.97,14.161,11,0.0,0.0,0.0,2.09,0.52,1.04,2000.0,1084.96,16199.04,6.7
339,2026-03-30T20:53:11.631366,2026-03-30T20:54:49.024448,97392.996,1,11.306,44.648,178.289,33.335,35.9,27.47168,0.0,3,22.962,51.351,137.709,32.852,31.7,27.45144,0.0,1,14.913,63.732,175.926,31.374,62.35,23.2485,0.0,21.03,18.336,26,14.528,11.094,19,0.0,0.0,0.0,1.57,0.0,1.05,2000.0,1084.46,16199.04,6.69
340,2026-03-30T20:54:51.026393,2026-03-30T20:56:29.193091,98166.623,1,11.84,41.468,114.729,25.034,37.4,21.93242,0.0,3,22.357,34.274,154.857,22.947,27.25,12.6644,0.0,1,11.907,40.384,136.002,29.671,29.25,25.86872,0.0,18.358,17.438,28,16.078,12.705,19,0.0,0.0,0.0,1.64,0.23,1.17,2000.0,1084.86,16199.04,6.7
341,2026-03-30T20:56:31.241872,2026-03-30T20:58:13.414937,102172.99,1,11.619,41.866,218.548,48.041,15.65,35.7048,0.0,3,23.608,68.967,204.266,42.526,54.45,37.2084,0.0,1,11.591,44.561,189.941,41.328,16.35,34.0056,0.0,21.597,17.32,38,15.074,14.177,20,0.0,0.0,0.0,2.55,0.46,1.39,2000.0,1089.05,16199.04,6.72
342,2026-03-30T20:58:15.420462,2026-03-30T20:59:52.754719,97334.172,1,12.028,51.382,251.19,45.029,34.45,33.4218,0.0,3,24.852,61.651,234.293,46.412,34.75,37.61094,0.0,1,12.105,52.929,318.63,45.788,49.6,29.9803,0.0,18.758,17.41,49,15.281,14.705,22,0.0,0.0,0.0,1.63,0.47,0.7,2000.0,1091.67,16199.04,6.74
343,2026-03-30T20:59:54.795389,2026-03-30T21:01:31.812377,97016.909,1,11.972,35.278,135.542,28.872,16.8,24.0176,0.0,3,23.761,74.823,403.068,74.995,32.8,52.7464,0.0,1,12.655,59.573,476.23,79.765,30.7,46.64272,0.0,22.045,21.24,39,15.661,14.797,12,0.0,0.0,0.0,1.58,0.53,0.79,2000.0,1090.96,16199.04,6.73
344,2026-03-30T21:01:33.823671,2026-03-30T21:03:14.045844,100222.072,1,10.969,32.15,144.383,28.988,15.2,23.02836,0.0,3,24.433,64.797,297.563,50.205,49.25,37.12586,0.0,1,11.734,50.588,250.171,51.101,35.7,34.68348,0.0,21.731,20.858,35,12.08,11.4,25,0.0,0.0,0.0,1.44,0.48,0.96,2000.0,1093.97,16199.04,6.75
345,2026-03-30T21:03:16.047010,2026-03-30T21:04:58.651896,102604.808,1,12.458,38.872,273.33,35.998,24.05,25.21018,0.0,3,22.321,72.335,216.764,44.952,66.95,38.17848,0.0,1,11.611,27.894,104.679,22.551,15.9,17.21808,0.0,18.315,17.164,17,17.876,10.179,28,0.0,0.0,0.0,2.53,1.01,1.01,2000.0,1098.16,16199.04,6.78
346,2026-03-30T21:05:00.853453,2026-03-30T21:06:38.969420,98115.869,1,12.428,54.098,177.088,32.523,54.25,24.378,0.0,3,23.97,61.724,178.902,37.953,47.5,32.67544,0.0,1,12.021,54.943,206.127,35.411,57.05,25.7534,0.0,21.583,20.614,34,19.355,13.783,37,0.0,0.0,0.0,2.51,0.75,1.26,2000.0,1099.22,16199.04,6.79
347,2026-03-30T21:06:41.273489,2026-03-30T21:08:25.018169,103744.602,1,12.819,43.314,182.087,36.909,27.85,28.57624,0.0,3,23.688,57.193,255.161,46.421,29.3,36.92062,0.0,1,11.611,49.223,161.888,33.339,50.45,27.1785,0.0,21.329,18.707,26,18.37,15.056,11,0.0,0.0,0.0,1.82,0.52,0.78,2000.0,1095.08,16199.04,6.76
348,2026-03-30T21:08:27.019103,2026-03-30T21:10:04.882726,97863.536,1,11.996,51.282,226.175,39.476,47.85,30.57296,0.0,3,24.321,75.693,242.703,55.309,59.6,46.54882,0.0,1,11.625,69.123,251.942,41.126,63.95,29.69158,0.0,21.386,20.478,35,16.151,12.801,19,0.0,0.0,0.0,0.53,0.0,0.53,2000.0,1095.49,16199.04,6.76
349,2026-03-30T21:10:06.894133,2026-03-30T21:11:40.812383,93918.17,1,12.011,52.245,121.876,26.438,57.95,21.71044,0.0,3,23.57,69.424,189.221,46.059,52.1,40.41704,0.0,1,13.414,60.541,167.239,34.319,62.85,25.2547,0.0,20.375,17.587,24,15.658,15.047,23,0.0,0.0,0.0,1.8,0.77,0.77,2000.0,1094.37,16199.04,6.76
350,2026-03-30T21:11:43.063368,2026-03-30T21:13:24.728029,101664.274,1,11.65,58.175,236.574,42.099,59.95,29.25776,0.0,3,22.716,100.637,1179.02,134.316,72.15,72.22594,0.0,1,12.41,46.614,177.566,36.997,37.35,30.27904,0.0,24.582,21.17,43,16.308,13.195,14,0.0,0.0,0.0,2.11,0.53,1.05,2000.0,1092.81,16199.04,6.75
351,2026-03-30T21:13:26.730658,2026-03-30T21:15:10.403276,103672.528,1,11.768,50.271,125.722,30.345,51.1,25.016,0.0,3,24.101,83.538,281.305,54.732,77.1,41.35886,0.0,1,11.06,40.902,165.562,27.268,38.15,23.3091,0.0,21.869,16.767,6,21.48,14.492,7,0.0,0.0,0.0,1.14,0.23,0.69,2000.0,1078.79,16199.04,6.66
352,2026-03-30T21:15:12.408250,2026-03-30T21:17:25.617874,133209.548,1,9.661,32.612,108.677,22.888,22.4,20.51542,0.0,3,20.628,61.486,579.237,65.503,36.85,39.92472,0.0,1,8.712,11.937,39.299,2.99,11.6,1.245944,0.0,,,,28.495,23.492,4,0.0,0.0,0.0,1.03,0.26,0.51,2000.0,1089.12,16199.04,6.72
353,2026-03-30T21:17:27.622354,2026-03-30T21:19:05.117899,97495.481,1,11.0,34.184,91.743,21.821,25.85,19.97232,0.0,3,21.359,69.64,168.834,38.371,72.45,33.9741,0.0,1,11.137,45.044,116.137,25.163,50.65,21.8448,0.0,33.222,28.384,3,32.423,27.538,5,0.0,0.0,0.0,0.96,0.48,0.48,2000.0,1084.87,16199.04,6.7
354,2026-03-30T21:19:07.194639,2026-03-30T21:20:43.086546,95891.827,1,9.77,48.205,139.167,27.557,56.55,23.61373,0.0,3,20.515,75.997,227.261,43.813,75.6,36.2,0.0,1,10.342,48.742,221.548,29.157,52.15,20.8754,0.0,28.472,22.146,18,27.976,26.769,6,0.0,0.0,0.0,1.53,0.25,0.51,2000.0,1079.07,16199.04,6.66
355,2026-03-30T21:20:45.091367,2026-03-30T21:22:23.809582,98718.17,1,10.33,42.272,192.296,27.138,42.05,21.9368,0.0,3,19.383,51.455,156.94,38.391,25.65,33.61196,0.0,1,8.762,41.342,252.294,41.259,24.8,31.067552,0.0,15.143,11.11,8,23.24,21.386,14,0.0,0.0,0.0,1.53,0.25,1.02,2000.0,1076.02,16199.04,6.64
356,2026-03-30T21:22:25.833585,2026-03-30T21:24:28.327508,122493.866,1,11.513,55.703,225.851,34.383,61.4,24.1541,0.0,3,21.111,79.428,252.575,40.23,86.55,32.56564,0.0,1,10.632,39.832,220.214,31.99,31.0,25.8432,0.0,23.333,9.985,3,17.451,11.701,2,0.0,0.0,0.0,0.72,0.0,0.48,2000.0,1073.93,16199.04,6.63
357,2026-03-30T21:24:30.585070,2026-03-30T21:26:13.749768,103164.652,1,10.003,43.527,186.813,32.3,39.4,26.35568,0.0,3,18.723,73.092,308.563,60.186,52.45,48.50188,0.0,1,10.631,41.062,180.739,33.108,26.9,27.61808,0.0,18.321,16.091,4,26.9,19.241,3,0.0,0.0,0.0,0.78,0.26,0.52,2000.0,1071.22,16199.04,6.61
358,2026-03-30T21:26:15.753198,2026-03-30T21:27:56.377311,100624.062,1,11.396,51.932,124.851,24.749,53.55,19.8982,0.0,3,20.197,77.056,241.775,54.143,83.4,46.576,0.0,1,9.282,41.274,187.827,41.661,14.25,32.116208,0.0,20.248,17.955,6,24.696,20.93,8,0.0,0.0,0.0,0.48,0.24,0.24,2000.0,1082.14,16199.04,6.68
359,2026-03-30T21:27:58.460938,2026-03-30T21:29:34.163495,95702.507,1,11.143,54.265,208.924,33.554,56.25,24.7668,0.0,3,18.919,32.793,153.236,28.556,22.75,17.91712,0.0,1,11.74,51.827,119.318,24.165,61.4,19.66,0.0,19.558,17.219,7,21.058,17.806,9,0.0,0.0,0.0,1.55,0.26,0.77,2000.0,1069.25,16199.04,6.6
360,2026-03-30T21:29:36.230112,2026-03-30T21:31:44.554414,128324.256,1,10.785,47.735,164.068,31.939,52.75,25.0804,0.0,3,19.583,69.955,230.922,42.749,70.9,37.315,0.0,1,13.066,59.049,128.09,22.12,62.2,15.49078,0.0,23.009,17.444,6,24.984,7.991,4,0.0,0.0,0.0,1.53,0.77,0.51,2000.0,1078.56,16199.04,6.66
361,2026-03-30T21:31:46.599744,2026-03-30T21:33:40.426551,113826.754,1,9.976,44.305,105.124,24.577,47.5,21.390672,0.0,3,20.858,71.42,259.083,51.148,72.6,41.70866,0.0,1,9.749,53.626,422.695,52.737,51.95,30.57562,0.0,18.151,14.324,13,24.836,15.676,5,0.0,0.0,0.0,0.74,0.74,0.0,2000.0,1075.02,16199.04,6.64
362,2026-03-30T21:33:43.053880,2026-03-30T21:35:48.510816,125456.892,1,10.52,53.721,126.717,24.623,60.8,18.67954,0.0,3,21.517,88.589,175.378,38.161,94.85,30.87616,0.0,1,12.455,63.116,171.476,28.481,62.4,18.61296,0.0,,,,24.246,20.091,6,0.0,0.0,0.0,1.17,0.47,0.47,2000.0,1070.99,16199.04,6.61
363,2026-03-30T21:35:50.571081,2026-03-30T21:37:27.514093,96942.953,1,8.745,34.302,151.698,28.658,16.0,24.444668,0.0,3,19.383,66.688,201.751,43.653,63.85,38.45358,0.0,1,10.191,36.364,120.225,28.529,17.75,25.51624,0.0,24.081,20.353,9,26.614,25.965,7,0.0,0.0,0.0,1.29,0.26,0.77,2000.0,1069.79,16199.04,6.6
364,2026-03-30T21:37:29.735534,2026-03-30T21:39:06.499311,96763.717,1,9.941,59.452,162.157,27.362,62.25,18.541156,0.0,3,19.457,45.859,149.637,37.021,23.85,31.07032,0.0,1,10.809,50.371,213.448,35.475,55.8,25.8065,0.0,53.331,46.006,0,40.705,38.613,4,0.0,0.0,0.0,0.51,0.26,0.26,2000.0,1105.03,16199.04,6.82
365,2026-03-30T21:39:08.512523,2026-03-30T21:40:54.561574,106049.01,1,9.187,43.546,161.242,28.4,45.65,23.038104,0.0,3,19.02,57.025,256.522,47.16,31.2,37.49872,0.0,1,10.66,45.873,124.025,24.783,52.5,21.0939,0.0,51.555,32.949,0,41.771,35.308,2,0.0,0.0,0.0,0.26,0.0,0.26,2000.0,1097.82,16199.04,6.78
366,2026-03-30T21:40:56.563620,2026-03-30T21:42:59.086649,122522.968,1,10.413,52.658,125.977,23.316,56.75,18.05602,0.0,3,18.511,31.171,209.871,29.76,22.4,15.89224,0.0,1,9.029,12.635,61.783,6.637,11.5,2.24526,0.0,63.276,54.704,0,52.351,12.257,0,0.0,0.0,0.0,0.51,0.0,0.25,2000.0,1103.16,16199.04,6.81
367,2026-03-30T21:43:01.375953,2026-03-30T21:45:36.911200,155535.202,1,9.695,21.163,75.21,17.712,12.8,13.16964,0.0,3,19.003,71.161,164.412,40.084,66.9,34.48256,0.0,1,10.213,55.154,200.437,28.256,62.4,20.32736,0.0,,,,,,,0.0,0.0,0.0,1.01,0.5,0.25,2000.0,1102.74,16199.04,6.81
368,2026-03-30T21:45:38.960891,2026-03-30T21:47:53.038476,134077.55,1,10.201,28.665,127.556,22.876,16.35,17.80546,0.0,3,19.545,22.218,25.447,1.367,22.35,1.15764,0.0,1,9.421,27.025,136.178,24.521,13.0,20.08881,0.0,,,,46.622,30.71,0,0.0,0.0,0.0,0.25,0.0,0.25,2000.0,1096.21,16199.04,6.77
369,2026-03-30T21:47:55.079493,2026-03-30T21:50:32.092258,157012.709,1,10.195,41.181,137.24,24.725,44.6,21.24664,0.0,3,19.126,60.386,157.663,35.229,52.6,32.05668,0.0,1,8.737,28.793,169.063,26.219,13.25,20.981658,0.0,,,,,,,0.0,0.0,0.0,0.0,0.0,0.0,2000.0,1105.84,16199.04,6.83
370,2026-03-30T21:50:34.100016,2026-03-30T21:52:14.050925,99950.847,1,8.947,14.315,233.108,22.018,12.05,4.419168,0.0,3,19.33,37.614,171.929,34.199,23.0,24.10674,0.0,1,9.299,42.45,179.137,34.098,30.4,27.07375,0.0,43.193,35.972,0,50.585,34.77,1,0.0,0.0,0.0,0.77,0.26,0.51,2000.0,1096.03,16199.04,6.77
371,2026-03-30T21:52:16.058165,2026-03-30T21:54:53.956958,157898.741,1,10.622,44.097,147.358,29.235,45.05,24.352,0.0,3,19.221,90.437,506.911,94.232,55.2,69.7148,0.0,1,9.597,30.258,84.643,22.852,14.1,20.679868,0.0,,,,,,,0.0,0.0,0.0,0.77,0.26,0.51,2000.0,1100.65,16199.04,6.79
372,2026-03-30T21:54:55.960771,2026-03-30T21:57:04.891079,128930.268,1,9.142,11.989,15.565,1.332,11.9,1.096762,0.0,3,18.995,76.644,155.355,37.892,79.5,32.20424,0.0,1,9.097,22.62,83.723,20.132,12.4,15.94992,0.0,,,,26.597,22.946,2,0.0,0.0,0.0,0.45,0.0,0.22,2000.0,1101.13,16199.04,6.8
373,2026-03-30T21:57:06.897384,2026-03-30T21:59:15.257957,128360.532,1,9.718,30.216,136.434,28.54,12.8,24.506902,0.0,3,19.275,84.67,222.088,52.524,93.7,44.631,0.0,1,11.004,65.717,177.002,26.771,63.1,17.45634,0.0,,,,53.008,45.085,0,0.0,0.0,0.0,0.51,0.26,0.26,2000.0,1094.67,16199.04,6.76
374,2026-03-30T21:59:17.266568,2026-03-30T22:00:58.085268,100818.646,1,9.195,31.454,140.018,27.379,13.4,24.2103,0.0,3,25.37,91.419,301.882,55.667,89.15,38.63192,0.0,1,9.796,56.432,186.025,36.435,60.4,25.93744,0.0,26.144,21.389,1,48.522,41.142,0,0.0,0.0,0.0,0.25,0.0,0.25,2000.0,1095.64,16199.04,6.76
375,2026-03-30T22:01:00.091771,2026-03-30T22:02:47.438530,107346.711,1,10.393,33.98,129.635,27.897,14.35,24.68892,0.0,3,19.361,78.566,437.721,65.526,67.9,48.67552,0.0,1,8.954,13.889,85.339,10.012,12.0,3.675386,0.0,44.836,30.424,1,33.143,22.066,2,0.0,0.0,0.0,1.02,0.26,0.77,2000.0,1100.66,16199.04,6.79
376,2026-03-30T22:02:49.442639,2026-03-30T22:04:41.910549,112467.861,1,9.02,26.555,116.111,23.32,13.45,18.617032,0.0,3,18.055,54.744,158.173,37.481,38.1,33.18844,0.0,1,10.341,44.254,238.482,33.732,50.0,25.454,0.0,46.821,36.994,0,40.916,18.76,1,0.0,0.0,0.0,0.51,0.26,0.26,2000.0,1100.29,16199.04,6.79
377,2026-03-30T22:04:43.961094,2026-03-30T22:06:29.266367,105305.23,1,11.325,64.425,254.516,36.121,62.4,21.74772,0.0,3,23.492,84.959,226.643,35.443,87.75,28.10456,0.0,1,10.416,40.288,136.374,28.027,33.7,24.9738,0.0,43.889,20.925,2,51.185,38.871,3,0.0,0.0,0.0,0.47,0.24,0.24,2000.0,1110.03,16199.04,6.85
378,2026-03-30T22:06:31.382678,2026-03-30T22:08:39.008023,127625.294,1,10.26,48.38,147.109,26.949,55.3,21.58004,0.0,3,18.087,21.811,25.524,1.581,21.7,1.20596,0.0,1,9.049,35.429,94.219,21.644,31.8,19.08873,0.0,42.617,35.0,0,,,,0.0,0.0,0.0,0.77,0.0,0.77,2000.0,1109.31,16199.04,6.85
379,2026-03-30T22:08:41.017336,2026-03-30T22:10:18.270801,97253.412,1,9.696,36.99,157.527,28.369,31.2,23.63052,0.0,3,19.725,29.881,116.316,20.432,23.0,12.55112,0.0,1,9.246,29.846,100.606,23.943,13.0,21.93562,0.0,74.855,66.862,0,63.476,52.745,0,0.0,0.0,0.0,0.24,0.24,0.0,2000.0,1103.69,16199.04,6.81
380,2026-03-30T22:10:20.273441,2026-03-30T22:12:48.147476,147873.982,1,9.844,38.413,100.309,25.552,40.65,23.702412,0.0,3,25.039,88.661,169.104,34.469,93.5,28.6503,0.0,1,10.043,34.588,109.044,25.687,24.1,23.22666,0.0,,,,41.141,13.406,9,0.0,0.0,0.0,0.76,0.25,0.51,2000.0,1107.64,16199.04,6.84
381,2026-03-30T22:12:50.153261,2026-03-30T22:14:55.079809,124926.494,1,9.311,44.095,142.643,27.409,52.25,23.77633,0.0,3,19.889,76.129,218.6,45.854,73.45,38.81768,0.0,1,10.586,52.304,511.076,54.416,54.1,28.6572,0.0,,,,34.311,29.507,0,0.0,0.0,0.0,0.46,0.23,0.23,2000.0,1105.83,16199.04,6.83
382,2026-03-30T22:14:57.089432,2026-03-30T22:16:33.521639,96432.155,1,9.538,20.238,87.988,18.998,12.45,13.299472,0.0,3,18.807,57.026,287.269,46.168,26.15,37.61724,0.0,1,9.408,40.622,178.187,33.03,29.4,26.91131,0.0,69.44,60.541,0,51.125,43.079,0,0.0,0.0,0.0,0.24,0.0,0.24,2000.0,1095.74,16199.04,6.76
383,2026-03-30T22:16:35.747211,2026-03-30T22:18:09.213908,93466.655,1,9.367,40.955,158.955,29.756,39.65,25.291294,0.0,3,19.828,70.359,139.981,33.116,72.9,29.16348,0.0,1,9.679,46.75,95.782,22.728,52.25,19.962948,0.0,51.554,43.988,0,80.02,71.345,0,0.0,0.0,0.0,0.24,0.24,0.0,2000.0,1083.06,16199.04,6.69
384,2026-03-30T22:18:11.221884,2026-03-30T22:20:41.310926,150088.993,1,10.245,51.075,178.54,31.275,60.65,24.87088,0.0,3,19.339,72.364,249.827,42.876,74.6,35.5326,0.0,1,8.895,11.838,15.285,1.273,12.0,1.03484,0.0,,,,38.178,10.575,1,0.0,0.0,0.0,0.51,0.25,0.25,2000.0,1110.02,16199.04,6.85
385,2026-03-30T22:20:43.313871,2026-03-30T22:22:17.166423,93852.508,1,10.572,42.079,157.058,27.377,41.55,23.656,0.0,3,20.229,70.266,157.096,37.283,71.25,32.64104,0.0,1,9.825,40.752,105.002,24.582,48.65,22.84387,0.0,52.496,39.294,0,37.675,34.914,2,0.0,0.0,0.0,0.22,0.0,0.22,2000.0,1095.63,16199.04,6.76
386,2026-03-30T22:22:19.361317,2026-03-30T22:23:57.380843,98019.464,1,9.161,35.666,162.507,26.901,23.65,23.071232,0.0,3,18.509,21.869,24.773,1.453,21.8,1.20336,0.0,1,8.969,15.351,76.762,12.42,12.1,6.3076,0.0,68.772,42.398,1,65.598,57.185,0,0.0,0.0,0.0,0.26,0.0,0.26,2000.0,1096.4,16199.04,6.77
387,2026-03-30T22:23:59.385219,2026-03-30T22:25:47.411393,108026.129,1,11.509,50.581,119.498,23.524,56.0,19.08334,0.0,3,21.019,79.099,151.136,29.781,78.75,25.757,0.0,1,9.3,25.82,84.515,21.251,13.0,18.30472,0.0,62.624,22.189,0,63.946,46.856,1,0.0,0.0,0.0,0.51,0.51,0.0,2000.0,1096.77,16199.04,6.77
388,2026-03-30T22:25:49.513583,2026-03-30T22:28:23.657624,154143.989,1,9.685,31.073,148.951,29.178,13.55,22.665296,0.0,3,18.273,21.473,25.584,1.479,21.35,1.20468,0.0,1,10.346,34.875,128.607,24.652,27.75,21.23216,0.0,,,,,,,0.0,0.0,0.0,0.0,0.0,0.0,2000.0,1114.29,16199.04,6.88
389,2026-03-30T22:28:25.662135,2026-03-30T22:30:36.067480,130405.291,1,10.551,39.764,173.565,34.429,19.75,28.93558,0.0,3,19.336,85.721,363.462,61.463,88.65,48.13344,0.0,1,13.109,65.206,155.421,25.807,62.85,16.3735,0.0,,,,33.142,27.68,2,0.0,0.0,0.0,0.24,0.24,0.0,2000.0,1101.71,16199.04,6.8
390,2026-03-30T22:30:38.069977,2026-03-30T22:32:55.132861,137062.842,1,11.169,35.131,336.48,45.567,13.0,29.74,0.0,3,20.246,81.243,356.972,65.688,73.65,50.35432,0.0,1,9.624,12.311,14.74,1.108,12.25,0.908412,0.0,53.596,44.864,9,,,,0.0,0.0,0.0,0.26,0.26,0.0,2000.0,1107.65,16199.04,6.84
391,2026-03-30T22:32:57.133646,2026-03-30T22:35:08.616577,131482.882,1,10.342,19.566,74.57,17.164,12.5,11.96624,0.0,3,19.169,22.675,25.768,1.339,22.9,1.05712,0.0,1,9.985,29.507,162.06,29.389,13.05,22.658142,0.0,49.549,36.395,0,,,,0.0,0.0,0.0,0.24,0.24,0.0,2000.0,1100.59,16199.04,6.79
392,2026-03-30T22:35:10.699035,2026-03-30T22:36:51.335800,100636.729,1,10.849,46.506,85.889,19.609,52.45,16.99928,0.0,3,19.358,46.113,157.988,39.591,23.25,32.65414,0.0,1,10.949,57.831,137.841,24.228,62.6,17.85404,0.0,69.476,60.925,0,50.098,42.084,0,0.0,0.0,0.0,0.51,0.51,0.0,2000.0,1103.75,16199.04,6.81
393,2026-03-30T22:36:53.337802,2026-03-30T22:38:58.872825,125534.977,1,10.495,47.498,173.403,35.862,51.35,26.63432,0.0,3,22.921,89.641,227.598,39.175,104.0,32.05696,0.0,1,11.622,66.684,207.171,37.493,62.9,23.65736,0.0,45.855,38.416,0,,,,0.0,0.0,0.0,0.51,0.25,0.25,2000.0,1095.1,16199.04,6.76
394,2026-03-30T22:39:00.877989,2026-03-30T22:40:53.648596,112770.564,1,8.716,22.437,104.415,20.104,12.75,15.21848,0.0,3,19.815,62.694,145.919,33.469,62.15,29.70048,0.0,1,9.854,20.754,85.064,17.838,12.9,13.1369,0.0,67.211,24.192,0,49.065,45.803,2,0.0,0.0,0.0,0.51,0.26,0.26,2000.0,1109.7,16199.04,6.85
395,2026-03-30T22:40:55.659674,2026-03-30T22:42:48.291833,112632.108,1,9.302,41.257,162.068,31.459,34.45,26.691318,0.0,3,20.306,80.822,238.403,44.034,90.5,37.2888,0.0,1,9.558,28.338,114.925,24.863,13.0,21.238162,0.0,58.544,50.339,0,54.896,19.278,3,0.0,0.0,0.0,0.51,0.26,0.26,2000.0,1107.92,16199.04,6.84
396,2026-03-30T22:42:50.294866,2026-03-30T22:44:28.233106,97938.197,1,9.405,32.553,174.259,30.938,13.1,25.566652,0.0,3,18.372,73.868,252.415,48.957,73.6,40.53802,0.0,1,10.335,56.425,162.587,28.921,60.85,20.30746,0.0,54.312,43.36,0,52.836,49.236,2,0.0,0.0,0.0,0.26,0.26,0.0,2000.0,1103.23,16199.04,6.81
397,2026-03-30T22:44:30.236305,2026-03-30T22:46:07.127018,96890.659,1,10.152,45.696,146.03,25.719,46.7,21.153617,1.0,3,19.348,52.074,137.296,34.88,32.55,30.96744,0.0,1,9.847,16.632,95.459,14.912,12.25,8.10441,0.0,48.845,41.017,0,55.296,39.26,1,0.0,0.0,0.0,0.45,0.23,0.23,2000.0,1106.3,16199.04,6.83
398,2026-03-30T22:46:09.129648,2026-03-30T22:47:42.349777,93220.081,1,11.124,47.871,137.849,21.918,55.0,18.17306,0.0,3,18.655,52.582,153.582,34.894,37.65,30.31604,0.0,1,11.119,55.323,138.46,21.996,62.0,16.5474,0.0,60.075,52.298,0,53.246,43.735,0,0.0,0.0,0.0,0.26,0.0,0.26,2000.0,1099.42,16199.04,6.79
399,2026-03-30T22:47:44.353368,2026-03-30T22:49:34.913863,110560.437,1,9.155,26.482,144.552,25.314,12.9,20.039076,0.0,3,19.932,55.336,192.233,40.049,32.55,34.70512,0.0,1,9.955,45.097,130.193,27.152,52.6,24.075672,0.0,68.641,60.664,0,62.544,21.98,0,0.0,0.0,0.0,0.48,0.24,0.24,2000.0,1095.91,16199.04,6.77
400,2026-03-30T22:49:37.018889,2026-03-30T22:51:11.043231,94024.286,1,8.862,12.06,14.831,1.251,12.1,0.999644,0.0,3,17.988,58.314,191.762,42.442,43.45,36.6068,0.0,1,9.09,19.266,72.941,16.96,12.25,12.23773,0.0,46.717,39.052,0,60.801,53.368,0,0.0,0.0,0.0,0.67,0.22,0.45,2000.0,1093.2,16199.04,6.75
401,2026-03-30T22:51:13.149992,2026-03-30T22:52:46.977881,93827.835,1,9.83,33.631,94.834,24.956,21.85,22.53096,0.0,3,23.856,84.457,167.451,31.572,91.7,25.94416,0.0,1,11.658,51.894,121.639,21.199,53.7,16.3561,0.0,71.634,58.089,0,52.292,44.313,0,0.0,0.0,0.0,0.77,0.26,0.51,2000.0,1087.83,16199.04,6.72
402,2026-03-30T22:52:48.984056,2026-03-30T22:54:23.412359,94428.262,1,8.993,30.331,84.071,23.455,13.65,21.375832,0.0,3,18.636,69.159,168.245,38.855,67.05,35.1539,0.0,1,8.625,17.871,107.814,17.025,12.45,9.971748,0.0,68.571,59.272,0,70.316,57.905,1,0.0,0.0,0.0,0.97,0.24,0.48,2000.0,1088.08,16199.04,6.72
403,2026-03-30T22:54:25.430449,2026-03-30T22:56:05.226911,99796.436,1,9.037,27.963,119.722,24.225,12.45,20.660276,0.0,3,17.581,40.581,128.245,32.664,21.2,27.4356,0.0,1,9.37,40.575,109.563,24.448,45.95,22.565912,0.0,43.601,40.859,5,66.563,56.664,0,0.0,0.0,0.0,0.26,0.26,0.0,2000.0,1096.31,16199.04,6.77
404,2026-03-30T22:56:07.229978,2026-03-30T22:57:41.781536,94551.498,1,8.781,32.221,126.659,25.931,14.15,22.08873,0.0,3,18.026,46.081,215.004,39.366,23.65,32.184,0.0,1,9.849,24.252,144.155,25.865,12.6,18.94002,0.0,68.256,59.428,0,84.02,68.228,0,0.0,0.0,0.0,0.26,0.26,0.0,2000.0,1089.45,16199.04,6.73
405,2026-03-30T22:57:43.785875,2026-03-30T22:59:49.249868,125463.945,1,9.041,38.758,94.92,25.286,38.3,23.134808,0.0,3,17.639,40.857,132.816,28.341,23.6,23.06782,0.0,1,10.839,43.895,96.679,22.643,51.05,20.4413,0.0,,,,55.984,46.237,0,0.0,0.0,0.0,0.0,0.0,0.0,2000.0,1089.35,16199.04,6.72
406,2026-03-30T22:59:51.254207,2026-03-30T23:01:50.634133,119379.876,1,9.497,26.652,166.333,26.047,12.8,20.368728,0.0,3,18.232,31.915,146.509,25.97,22.0,17.06664,0.0,1,10.24,40.443,125.536,26.667,38.25,23.22398,0.0,64.688,55.629,1,54.101,14.512,3,0.0,0.0,0.0,0.26,0.0,0.26,2000.0,1103.5,16199.04,6.81
407,2026-03-30T23:01:52.644090,2026-03-30T23:03:27.646681,95002.539,1,10.207,45.729,104.105,23.26,53.0,20.60688,0.0,3,21.345,97.359,177.484,31.002,103.5,22.95168,0.0,1,9.786,41.922,124.412,31.933,33.85,27.940492,0.0,42.442,29.02,1,43.296,32.865,1,0.0,0.0,0.0,0.5,0.25,0.25,2000.0,1093.44,16199.04,6.75
408,2026-03-30T23:03:29.648300,2026-03-30T23:05:33.429942,123781.597,1,8.943,35.68,105.479,24.229,30.5,20.98198,0.0,3,17.253,21.728,24.963,1.481,21.65,1.16486,0.0,1,9.391,38.253,120.842,24.867,37.7,22.131828,0.0,,,,43.72,36.475,0,0.0,0.0,0.0,0.46,0.23,0.23,2000.0,1097.29,16199.04,6.77
409,2026-03-30T23:05:35.430703,2026-03-30T23:07:12.625728,97194.985,1,10.385,44.773,210.577,35.978,37.6,28.4141,0.0,3,23.005,82.786,187.926,33.395,81.35,27.68098,0.0,1,11.493,56.155,143.288,24.209,61.9,17.02078,0.0,29.444,17.936,0,57.298,48.641,1,0.0,0.0,0.0,0.51,0.26,0.26,2000.0,1089.58,16199.04,6.73
410,2026-03-30T23:07:14.627415,2026-03-30T23:09:21.578591,126951.116,1,11.18,50.751,126.278,23.073,57.55,18.9464,0.0,3,20.074,61.902,142.562,37.524,59.3,33.43554,0.0,1,11.32,55.669,168.279,26.025,58.8,18.92686,0.0,58.751,49.833,0,,,,0.0,0.0,0.0,0.7,0.23,0.47,2000.0,1099.1,16199.04,6.78
411,2026-03-30T23:09:23.666628,2026-03-30T23:11:08.550981,104884.312,1,10.345,60.638,225.014,40.41,61.75,26.10736,0.0,3,20.753,75.327,208.525,44.652,81.55,39.39438,0.0,1,10.965,54.995,172.781,26.935,62.1,18.84988,0.0,43.425,35.931,0,65.773,55.877,0,0.0,0.0,0.0,0.51,0.0,0.51,2000.0,1086.24,16199.04,6.71
412,2026-03-30T23:11:10.558143,2026-03-30T23:13:16.667322,126109.133,1,10.044,40.888,101.833,27.238,43.5,24.45248,0.0,3,18.996,95.586,234.069,39.945,94.9,30.31568,0.0,1,9.378,12.076,15.407,1.156,12.2,0.95632,0.0,69.745,66.209,2,,,,0.0,0.0,0.0,0.77,0.26,0.51,2000.0,1093.75,16199.04,6.75
413,2026-03-30T23:13:18.678562,2026-03-30T23:15:26.407837,127729.224,1,10.869,51.596,137.256,31.529,56.7,24.73044,0.0,3,19.631,78.971,199.486,43.02,72.7,36.51034,0.0,1,10.052,45.842,287.579,46.304,22.05,34.4153,0.0,46.773,39.064,0,,,,0.0,0.0,0.0,0.51,0.26,0.26,2000.0,1113.19,16199.04,6.87
414,2026-03-30T23:15:28.415001,2026-03-30T23:17:05.987046,97572.0,1,10.719,50.265,116.58,21.363,60.0,17.67928,0.0,3,19.603,44.659,166.749,35.029,23.6,29.1638,0.0,1,10.656,47.702,105.959,21.594,56.3,18.94746,0.0,43.903,42.11,4,41.506,30.962,3,0.0,0.0,0.0,0.51,0.26,0.26,2000.0,1094.72,16199.04,6.76
415,2026-03-30T23:17:07.993986,2026-03-30T23:19:42.570547,154576.499,1,11.069,48.049,105.759,23.087,53.05,19.87908,0.0,3,18.049,48.419,188.946,40.266,23.4,33.63374,0.0,1,9.56,14.516,69.559,9.526,12.3,4.299164,0.0,,,,,,,0.0,0.0,0.0,0.46,0.23,0.23,2000.0,1096.28,16199.04,6.77
416,2026-03-30T23:19:44.574486,2026-03-30T23:21:22.986140,98411.603,1,10.626,48.113,145.271,27.135,54.1,22.3832,0.0,3,21.656,85.532,168.42,37.988,88.65,32.81688,0.0,1,10.13,28.776,96.537,23.487,13.35,20.77584,0.0,56.756,40.579,0,33.52,29.282,2,0.0,0.0,0.0,0.51,0.25,0.25,2000.0,1104.01,16199.04,6.82
417,2026-03-30T23:21:24.995627,2026-03-30T23:23:02.347423,97351.739,1,10.586,52.021,178.643,28.92,59.75,21.7816,0.0,3,18.718,55.873,314.311,53.915,23.65,42.05224,0.0,1,8.723,45.984,157.164,33.509,52.0,27.633824,0.0,69.29,60.941,0,25.217,22.929,4,0.0,0.0,0.0,0.77,0.26,0.51,2000.0,1099.49,16199.04,6.79
418,2026-03-30T23:23:04.352148,2026-03-30T23:25:34.743761,150391.552,1,9.628,29.659,104.703,24.231,13.4,21.670044,0.0,3,17.686,21.843,33.952,2.06,21.75,1.49152,0.0,1,9.033,30.861,136.096,27.951,13.15,23.493704,0.0,63.826,18.684,0,,,,0.0,0.0,0.0,0.49,0.49,0.0,2000.0,1107.32,16199.04,6.84
419,2026-03-30T23:25:36.745751,2026-03-30T23:27:43.815433,127069.633,1,9.408,21.055,100.202,21.099,12.15,14.9402,0.0,3,18.444,80.505,222.113,42.018,86.3,34.25196,0.0,1,9.284,31.726,154.702,30.363,13.3,25.273888,0.0,64.752,56.013,0,,,,0.0,0.0,0.0,0.73,0.24,0.24,2000.0,1105.55,16199.04,6.82
420,2026-03-30T23:27:46.707402,2026-03-30T23:29:35.690516,108983.067,1,10.082,25.419,125.275,25.546,12.8,19.84834,0.0,3,21.427,94.006,230.362,41.258,95.05,30.0006,0.0,1,10.685,60.77,262.638,34.563,62.05,22.10932,0.0,48.867,36.476,0,67.622,46.439,1,0.0,0.0,0.0,0.0,0.0,0.0,2000.0,1097.21,16199.04,6.77
421,2026-03-30T23:29:37.950988,2026-03-30T23:31:16.512168,98561.117,1,11.336,60.865,198.995,32.502,62.45,20.21246,0.0,3,17.109,22.152,25.894,1.554,22.2,1.21998,0.0,1,9.59,39.754,136.47,30.002,30.85,25.69799,0.0,62.875,45.064,0,75.943,62.393,0,0.0,0.0,0.0,0.0,0.0,0.0,2000.0,1104.58,16199.04,6.82
422,2026-03-30T23:31:18.522351,2026-03-30T23:33:26.281712,127759.311,1,10.238,51.369,201.845,45.942,51.5,35.273,0.0,3,18.829,65.939,188.836,42.309,60.0,38.2608,0.0,1,9.103,20.91,109.264,19.404,12.5,13.820934,0.0,,,,35.962,29.635,0,0.0,0.0,0.0,0.49,0.25,0.0,2000.0,1104.96,16199.04,6.82
423,2026-03-30T23:33:28.445195,2026-03-30T23:35:07.237647,98792.404,1,9.711,25.354,84.216,20.721,12.7,17.623346,0.0,3,17.943,45.08,146.35,34.861,23.55,29.34584,0.0,1,9.148,21.153,72.414,17.364,12.7,12.95231,0.0,66.314,49.283,1,51.914,40.127,0,0.0,0.0,0.0,0.51,0.0,0.51,2000.0,1105.56,16199.04,6.82
424,2026-03-30T23:35:09.249119,2026-03-30T23:36:41.862790,92613.609,1,9.508,39.378,94.425,21.622,37.3,19.282346,0.0,3,19.127,42.547,183.393,35.91,23.45,28.25232,0.0,1,10.213,27.092,109.021,22.329,13.35,18.21528,0.0,62.895,55.354,0,45.376,38.267,0,0.0,0.0,0.0,0.0,0.0,0.0,2000.0,1102.49,16199.04,6.81
425,2026-03-30T23:36:44.067892,2026-03-30T23:38:20.538366,96470.429,1,9.282,45.221,136.548,29.348,48.8,25.293952,0.0,3,19.15,25.955,94.054,13.309,22.4,6.3841,0.0,1,10.922,44.235,115.426,25.822,50.85,23.116,0.0,71.346,62.939,0,36.121,28.124,1,0.0,0.0,0.0,0.48,0.0,0.48,2000.0,1104.16,16199.04,6.82
426,2026-03-30T23:38:22.541623,2026-03-30T23:40:27.538763,124997.097,1,9.537,15.43,59.803,10.189,12.35,5.830608,0.0,3,20.256,69.358,187.465,37.346,65.0,33.26172,0.0,1,10.767,53.868,191.413,28.114,56.05,18.7452,0.0,,,,25.944,20.878,0,0.0,0.0,0.0,0.74,0.25,0.49,2000.0,1077.45,16199.04,6.65
427,2026-03-30T23:40:29.782843,2026-03-30T23:42:34.947158,125164.258,1,9.19,12.46,16.095,1.227,12.35,0.996634,0.0,3,18.699,53.287,199.648,43.049,24.5,35.3016,0.0,1,10.48,31.031,99.714,23.168,20.65,20.02936,0.0,69.348,61.434,0,,,,0.0,0.0,0.0,0.0,0.0,0.0,2000.0,1092.53,16199.04,6.74
428,2026-03-30T23:42:37.063571,2026-03-30T23:45:10.477379,153413.759,1,9.324,37.298,115.353,26.164,30.75,23.836992,0.0,3,18.721,52.515,253.782,40.025,34.6,30.93786,0.0,1,10.043,21.524,84.421,19.869,12.55,14.9624,0.0,,,,,,,0.0,0.0,0.0,0.26,0.0,0.26,2000.0,1084.06,16199.04,6.69
429,2026-03-30T23:45:12.482327,2026-03-30T23:47:45.562465,153080.087,1,9.211,23.008,97.422,21.868,12.3,16.97809,0.0,3,18.277,41.294,147.466,33.342,22.65,27.29264,0.0,1,9.204,48.183,104.615,23.289,55.4,20.395408,0.0,,,,,,,0.0,0.0,0.0,0.77,0.51,0.26,2000.0,1081.16,16199.04,6.67
430,2026-03-30T23:47:47.574644,2026-03-30T23:49:47.088042,119513.345,1,10.461,47.925,132.89,25.933,52.4,21.65102,0.0,3,17.707,42.863,125.83,32.707,23.5,27.66578,0.0,1,9.166,35.815,301.795,44.439,13.45,29.833764,0.0,43.315,36.325,0,48.789,12.049,0,0.0,0.0,0.0,0.23,0.23,0.0,2000.0,1085.44,16199.04,6.7
431,2026-03-30T23:49:49.208023,2026-03-30T23:52:02.083253,132875.174,1,9.782,19.448,431.599,43.802,11.9,13.78232,0.0,3,23.019,83.279,177.402,35.292,85.55,29.17128,0.0,1,9.073,12.265,15.519,1.219,12.1,0.99056,0.0,83.352,74.444,0,,,,0.0,0.0,0.0,0.51,0.26,0.26,2000.0,1085.14,16199.04,6.7
432,2026-03-30T23:52:04.091699,2026-03-30T23:53:40.683348,96591.606,1,9.6,33.51,207.548,36.51,14.05,26.0876,0.0,3,19.339,60.363,280.551,46.323,32.5,39.27444,0.0,1,10.456,35.834,104.435,24.454,26.85,22.18936,0.0,42.832,35.791,0,62.117,57.79,7,0.0,0.0,0.0,0.26,0.0,0.0,2000.0,1075.25,16199.04,6.64
433,2026-03-30T23:53:42.689993,2026-03-30T23:55:22.610321,99920.283,1,9.706,57.885,252.395,33.104,62.5,22.122986,0.0,3,19.137,54.591,219.678,47.31,23.9,38.90568,0.0,1,10.794,57.167,266.308,38.017,57.65,22.96032,0.0,47.028,39.091,0,37.09,20.285,1,0.0,0.0,0.0,0.51,0.26,0.26,2000.0,1080.22,16199.04,6.67
434,2026-03-30T23:55:24.612362,2026-03-30T23:57:05.762839,101150.426,1,9.303,49.146,312.519,45.441,50.45,31.9206,0.0,3,18.409,92.385,220.24,49.183,99.15,38.8178,0.0,1,9.787,22.185,73.136,18.559,12.95,14.680946,0.0,53.658,45.591,0,37.763,29.1,0,0.0,0.0,0.0,0.51,0.51,0.0,2000.0,1086.77,16199.04,6.71
435,2026-03-30T23:57:07.989978,2026-03-30T23:59:31.770169,143780.14,1,9.538,37.404,511.876,53.603,14.15,28.137568,0.0,3,19.624,23.264,64.353,4.915,22.8,1.85352,0.0,1,8.65,30.668,124.922,25.873,13.65,22.264416,0.0,62.599,55.182,0,,,,0.0,0.0,0.0,0.47,0.0,0.47,2000.0,1099.84,16199.04,6.79
436,2026-03-30T23:59:33.780598,2026-03-31T00:01:24.639493,110858.845,1,10.46,38.533,92.31,22.062,37.45,19.72604,0.0,3,22.812,99.112,231.053,40.003,98.2,28.5469,0.0,1,9.079,66.748,195.796,33.198,62.6,21.904788,0.0,62.326,52.514,0,71.669,23.25,3,0.0,0.0,0.0,0.26,0.0,0.0,2000.0,1079.43,16199.04,6.66
437,2026-03-31T00:01:26.651538,2026-03-31T00:03:08.242040,101590.453,1,10.396,34.837,237.607,30.559,22.0,22.7036,0.0,3,18.801,51.804,155.449,37.729,25.85,32.86464,0.0,1,9.63,32.985,85.279,24.2,19.3,22.23128,0.0,68.16,45.053,0,51.035,39.122,0,0.5,0.0,0.0,0.51,0.26,0.26,2000.0,1079.67,16199.04,6.67
438,2026-03-31T00:03:10.243686,2026-03-31T00:05:16.193689,125949.949,1,9.597,39.692,115.131,24.298,39.05,21.104352,0.0,3,18.665,73.847,332.336,45.737,73.3,34.9548,0.0,1,9.407,43.083,190.227,34.407,38.55,27.382642,0.0,61.692,50.169,0,,,,0.0,0.0,0.0,0.71,0.47,0.24,2000.0,1079.12,16199.04,6.66
439,2026-03-31T00:05:18.197852,2026-03-31T00:07:28.968565,130770.657,1,9.961,38.424,223.156,35.284,17.05,27.964748,0.0,3,19.787,76.686,233.896,46.854,83.7,40.25012,0.0,1,10.431,37.677,241.055,34.213,28.5,24.6626,0.0,,,,74.303,62.969,5,0.0,0.0,0.0,0.51,0.25,0.25,2000.0,1077.61,16199.04,6.65
440,2026-03-31T00:07:31.058056,2026-03-31T00:09:35.015861,123957.758,1,10.674,53.004,161.84,27.787,54.7,21.15686,0.0,3,21.2,63.947,181.253,38.845,58.65,33.80544,0.0,1,10.362,39.563,169.092,29.23,33.7,24.35048,0.0,,,,55.099,43.74,1,0.0,0.0,0.0,0.47,0.0,0.23,2000.0,1087.49,16199.04,6.71
441,2026-03-31T00:09:37.059610,2026-03-31T00:11:45.499587,128439.924,1,12.25,46.884,93.95,20.949,55.85,18.67168,0.0,3,17.997,21.769,25.43,1.531,21.7,1.2662,0.0,1,8.958,17.618,80.449,14.924,12.3,9.45663,0.0,,,,41.269,34.192,5,0.0,0.0,0.0,0.25,0.0,0.25,2000.0,1084.57,16199.04,6.7
442,2026-03-31T00:11:47.650930,2026-03-31T00:14:04.798071,137147.088,1,10.028,43.413,147.307,27.183,46.55,22.15536,0.0,3,18.965,39.775,142.554,33.378,23.5,25.90592,0.0,1,9.448,32.927,99.628,24.106,19.5,21.62408,0.0,,,,58.626,43.035,0,0.0,0.0,0.0,0.77,0.51,0.26,2000.0,1093.11,16199.04,6.75
443,2026-03-31T00:14:06.802292,2026-03-31T00:16:18.157100,131354.759,1,10.092,33.421,110.966,26.314,15.05,23.05784,0.0,3,20.719,83.953,182.565,36.084,90.15,29.99912,0.0,1,11.605,63.288,157.742,32.437,62.7,21.91208,0.0,,,,59.524,51.937,1,0.0,0.0,0.0,1.03,0.51,0.26,2000.0,1078.47,16199.04,6.66
444,2026-03-31T00:16:20.236530,2026-03-31T00:18:00.154809,99918.229,1,10.683,39.597,226.871,31.958,35.5,24.51508,0.0,3,19.253,26.886,132.019,18.321,22.9,7.6834,0.0,1,8.855,11.934,14.687,1.155,12.0,0.9262,0.0,64.956,56.42,0,47.399,40.215,0,0.0,0.0,0.0,0.25,0.0,0.25,2000.0,1078.86,16199.04,6.66
445,2026-03-31T00:18:02.248235,2026-03-31T00:19:37.626258,95377.962,1,10.952,51.328,182.578,25.143,53.1,18.7142,0.0,3,18.315,28.504,105.201,17.923,23.1,10.11792,0.0,1,9.481,23.25,115.274,23.23,12.55,17.274008,0.0,37.953,32.4,2,49.273,41.873,0,0.0,0.0,0.0,0.24,0.0,0.24,2000.0,1073.09,16199.04,6.62
446,2026-03-31T00:19:39.629045,2026-03-31T00:21:55.561676,135932.58,1,9.336,14.548,63.331,9.975,12.2,4.6897,0.0,3,18.536,77.099,197.373,40.893,83.85,35.32112,0.0,1,10.379,38.678,182.123,30.752,26.4,25.8863,0.0,,,,46.965,31.519,1,0.0,0.0,0.0,0.0,0.0,0.0,2000.0,1082.52,16199.04,6.68
447,2026-03-31T00:21:57.571748,2026-03-31T00:24:02.589568,125017.768,1,10.505,48.103,104.989,24.089,58.65,20.93856,0.0,3,21.086,76.896,174.419,39.085,91.3,34.9538,0.0,1,8.757,47.158,208.02,36.19,45.0,28.7715,0.0,61.92,54.465,0,,,,0.0,0.0,0.0,0.23,0.0,0.23,2000.0,1086.72,16199.04,6.71
448,2026-03-31T00:24:04.724314,2026-03-31T00:25:40.620981,95896.619,1,10.202,34.401,181.183,28.315,14.75,23.72058,0.0,3,20.185,59.694,142.895,37.4,50.75,34.08998,0.0,1,9.92,35.913,125.654,25.808,26.65,22.62492,0.0,61.808,54.091,3,52.4,44.27,0,0.0,0.0,0.0,0.71,0.24,0.47,2000.0,1075.26,16199.04,6.64
449,2026-03-31T00:25:42.685707,2026-03-31T00:27:53.087767,130402.01,1,9.038,24.612,505.418,52.035,12.65,20.831584,0.0,3,23.455,83.274,147.61,30.359,83.6,25.20448,0.0,1,8.596,22.515,73.689,19.498,12.6,15.663184,0.0,,,,31.38,21.664,1,0.0,0.0,0.0,0.5,0.25,0.25,2000.0,1073.82,16199.04,6.63
450,2026-03-31T00:27:55.359378,2026-03-31T00:29:35.168664,99809.232,1,9.431,27.501,109.825,24.929,13.2,20.626224,0.0,3,20.97,101.983,314.493,60.096,99.3,41.87568,0.0,1,9.231,16.503,137.643,16.336,12.2,7.95274,0.0,53.068,44.785,0,75.459,67.773,0,0.0,0.0,0.0,1.02,0.26,0.77,2000.0,1077.52,16199.04,6.65
451,2026-03-31T00:29:37.307855,2026-03-31T00:31:48.222370,130914.467,1,10.993,62.621,184.22,28.926,62.6,18.61216,0.0,3,18.204,43.067,165.433,36.569,22.95,30.14182,0.0,1,9.199,12.005,17.754,1.233,11.9,0.895722,0.0,,,,60.063,45.996,1,0.0,0.0,0.0,0.49,0.25,0.25,2000.0,1086.05,16199.04,6.7
452,2026-03-31T00:31:50.302895,2026-03-31T00:33:26.262902,95959.953,1,10.756,55.798,306.78,36.838,61.85,23.54738,0.0,3,21.67,85.622,210.27,40.209,86.35,33.42822,0.0,1,12.408,55.17,177.325,23.428,62.25,16.73304,0.0,41.933,35.86,2,69.636,59.161,0,0.0,0.0,0.0,0.25,0.25,0.0,2000.0,1072.19,16199.04,6.62
453,2026-03-31T00:33:28.264825,2026-03-31T00:35:06.104542,97839.664,1,10.281,21.792,250.854,30.233,12.25,15.92476,0.0,3,19.547,44.916,135.684,32.331,24.0,27.56368,0.0,1,9.406,34.445,126.185,28.804,13.65,25.94496,0.0,60.831,46.825,1,54.203,46.566,0,0.0,0.0,0.0,0.0,0.0,0.0,2000.0,1083.05,16199.04,6.69
454,2026-03-31T00:35:08.181019,2026-03-31T00:36:52.030608,103849.543,1,9.357,30.769,108.939,27.671,13.55,23.809616,0.0,3,19.018,48.907,192.426,40.891,24.0,34.17986,0.0,1,9.897,12.242,14.639,0.94,12.2,0.74064,0.0,55.783,38.288,1,40.661,29.167,0,0.0,0.0,0.0,0.24,0.0,0.24,2000.0,1086.16,16199.04,6.71
455,2026-03-31T00:36:54.106069,2026-03-31T00:38:32.612072,98505.944,1,9.668,48.014,122.086,25.53,53.1,21.542942,0.0,3,23.828,85.428,217.732,34.906,83.95,26.5764,0.0,1,10.14,14.14,63.047,7.913,12.4,3.29542,0.0,51.028,38.909,1,53.579,45.671,0,0.0,0.0,0.0,0.26,0.26,0.0,2000.0,1082.74,16199.04,6.68
456,2026-03-31T00:38:34.614500,2026-03-31T00:40:12.465492,97850.956,1,10.438,44.486,219.81,34.016,42.3,25.41764,0.0,3,20.03,61.578,162.468,39.887,48.75,36.5337,0.0,1,10.204,20.193,116.133,19.841,12.35,13.40472,0.0,52.358,37.964,1,58.715,50.349,0,0.0,0.0,0.0,0.77,0.51,0.0,2000.0,1078.41,16199.04,6.66
457,2026-03-31T00:40:14.466271,2026-03-31T00:41:49.259598,94793.275,1,9.462,21.599,106.06,22.791,12.5,15.468736,0.0,3,18.397,59.675,178.215,37.631,49.9,33.01576,0.0,1,10.377,55.318,161.075,27.331,57.6,19.98576,0.0,64.111,55.197,0,46.562,37.44,0,0.0,0.0,0.0,1.02,0.25,0.76,2000.0,1072.94,16199.04,6.62
458,2026-03-31T00:41:51.301474,2026-03-31T00:43:25.202653,93901.14,1,11.076,56.107,155.223,24.261,62.7,18.56852,0.0,3,22.074,91.904,168.131,30.626,103.0,24.46394,0.0,1,10.252,39.367,94.257,25.534,44.2,23.69474,0.0,48.675,41.804,0,48.74,45.289,2,0.0,0.0,0.0,0.76,0.25,0.51,2000.0,1075.22,16199.04,6.64
459,2026-03-31T00:43:27.246247,2026-03-31T00:45:01.300114,94053.818,1,12.803,54.615,154.879,23.307,62.1,17.33388,0.0,3,18.62,42.881,151.197,35.007,23.6,28.96842,0.0,1,9.958,42.163,101.275,24.599,45.1,22.6306,0.0,60.327,52.499,0,61.425,53.622,0,0.0,0.0,0.0,0.71,0.24,0.47,2000.0,1075.52,16199.04,6.64
460,2026-03-31T00:45:03.302189,2026-03-31T00:47:12.493314,129191.08,1,9.156,43.727,115.287,28.23,52.7,25.73784,0.0,3,18.451,74.223,204.923,44.854,72.05,37.34614,0.0,1,10.523,40.892,105.354,26.953,36.15,24.25472,0.0,,,,34.008,26.35,0,0.0,0.0,0.0,0.26,0.26,0.0,2000.0,1077.67,16199.04,6.65
461,2026-03-31T00:47:14.544270,2026-03-31T00:48:53.850402,99306.082,1,9.94,12.019,14.506,0.93,12.1,0.746624,0.0,3,17.863,22.266,25.83,1.519,22.2,1.1788,0.0,1,10.075,26.538,113.848,22.613,13.0,18.77496,0.0,68.846,60.837,0,58.866,50.619,0,0.0,0.0,0.0,0.24,0.24,0.0,2000.0,1072.08,16199.04,6.62
462,2026-03-31T00:48:56.032069,2026-03-31T00:50:32.117338,96085.184,1,10.207,43.952,91.568,21.195,44.2,18.07892,0.0,3,21.005,94.9,297.364,47.522,95.05,33.24168,0.0,1,10.174,12.467,27.888,1.906,12.3,1.07728,0.0,49.144,43.512,6,47.857,42.298,5,0.0,0.0,0.0,0.5,0.25,0.25,2000.0,1076.75,16199.04,6.65
463,2026-03-31T00:50:34.118919,2026-03-31T00:52:21.961245,107842.289,1,9.944,33.151,105.709,25.84,13.85,23.667044,0.0,3,19.407,87.388,268.324,57.224,97.25,46.33064,0.0,1,10.708,50.795,148.526,31.038,61.9,25.72752,0.0,40.906,34.694,0,70.496,51.245,0,0.0,0.0,0.0,0.47,0.23,0.23,2000.0,1086.57,16199.04,6.71
464,2026-03-31T00:52:24.034779,2026-03-31T00:54:21.831340,117796.53,1,9.549,28.162,105.089,22.504,13.45,19.32905,0.0,3,17.876,35.412,156.529,26.571,23.65,19.44844,0.0,1,10.182,49.284,146.456,31.14,52.35,25.0242,0.0,50.762,29.538,0,55.383,29.203,0,0.0,0.0,0.0,0.24,0.24,0.0,2000.0,1085.65,16199.04,6.7
465,2026-03-31T00:54:24.179138,2026-03-31T00:55:59.851027,95671.853,1,12.489,53.063,145.874,25.168,56.6,18.86048,0.0,3,20.861,74.239,160.517,36.863,72.75,31.82168,0.0,1,9.784,48.643,94.216,19.468,55.75,16.431208,0.0,71.86,63.128,0,58.396,40.178,0,0.0,0.0,0.0,0.26,0.0,0.26,2000.0,1087.0,16199.04,6.71
466,2026-03-31T00:56:01.853087,2026-03-31T00:58:01.379255,119526.118,1,9.589,39.184,99.543,22.343,41.75,19.758258,0.0,3,17.946,52.543,130.979,35.761,32.8,31.9572,0.0,1,9.36,22.06,154.964,22.461,12.6,15.084766,0.0,65.663,17.369,0,44.938,37.954,0,0.0,0.0,0.0,0.51,0.0,0.51,2000.0,1080.06,16199.04,6.67
467,2026-03-31T00:58:03.396397,2026-03-31T00:59:40.235955,96839.153,1,10.333,44.33,149.449,31.836,46.0,26.2238,0.0,3,18.732,80.859,168.57,42.384,96.35,37.1484,0.0,1,10.013,49.918,225.263,33.51,57.9,25.02548,0.0,62.349,53.426,0,65.903,57.112,0,0.0,0.0,0.0,0.26,0.0,0.26,2000.0,1075.61,16199.04,6.64
468,2026-03-31T00:59:42.240915,2026-03-31T01:01:24.534728,102293.757,1,10.329,31.158,151.319,25.631,13.9,21.72468,0.0,3,21.887,75.059,148.205,32.898,83.5,29.06746,0.0,1,8.725,12.093,14.375,0.993,12.2,0.823512,0.0,45.029,36.026,1,60.02,47.102,0,0.0,0.0,0.0,0.45,0.45,0.0,2000.0,1084.58,16199.04,6.7
469,2026-03-31T01:01:26.666157,2026-03-31T01:03:31.173986,124507.794,1,9.925,31.14,167.475,27.056,12.95,22.578906,0.0,3,19.345,59.984,139.749,37.894,50.55,33.742,0.0,1,9.883,44.581,110.621,21.566,50.45,18.904416,0.0,,,,66.373,58.285,0,0.0,0.0,0.0,0.43,0.21,0.21,2000.0,1077.57,16199.04,6.65
470,2026-03-31T01:03:33.176981,2026-03-31T01:05:07.551235,94374.214,1,10.505,58.133,339.572,49.834,58.0,30.33178,0.0,3,19.456,80.873,296.971,54.93,80.8,44.634,0.0,1,9.495,35.879,147.348,27.61,23.3,23.86048,0.0,60.172,51.391,0,52.125,43.766,0,0.0,0.0,0.0,0.26,0.0,0.26,2000.0,1074.65,16199.04,6.63
471,2026-03-31T01:05:09.553657,2026-03-31T01:07:36.183066,146629.363,1,10.696,49.16,93.57,21.674,57.4,18.74388,0.0,3,19.491,46.663,141.217,33.779,24.65,28.3902,0.0,1,11.774,53.37,210.004,27.49,55.3,18.94528,0.0,64.279,16.687,0,,,,0.0,0.0,0.0,0.26,0.0,0.26,2000.0,1082.15,16199.04,6.68
472,2026-03-31T01:07:38.186902,2026-03-31T01:09:13.820151,95633.182,1,9.858,26.652,147.088,23.651,13.15,18.967248,0.0,3,18.928,47.572,254.959,38.128,24.9,30.30692,0.0,1,10.332,53.02,116.286,20.098,60.05,16.05828,0.0,46.948,39.446,0,59.082,44.261,2,0.0,0.0,0.0,0.0,0.0,0.0,2000.0,1082.52,16199.04,6.68
473,2026-03-31T01:09:15.825775,2026-03-31T01:10:48.934313,93108.492,1,10.425,46.294,186.314,30.966,52.0,24.39942,0.0,3,20.217,66.949,312.712,47.449,57.05,37.37254,0.0,1,11.481,51.464,148.971,27.234,58.75,20.74312,0.0,70.992,63.107,0,56.114,43.921,0,0.0,0.0,0.0,0.5,0.0,0.5,2000.0,1074.48,16199.04,6.63
474,2026-03-31T01:10:50.994242,2026-03-31T01:13:07.730266,136735.971,1,9.937,50.797,115.289,25.129,62.05,21.256944,0.0,3,18.864,67.454,168.344,39.408,71.25,35.75218,0.0,1,9.279,32.116,122.131,23.834,23.55,20.254974,0.0,,,,55.189,43.107,1,0.0,0.0,0.0,0.26,0.0,0.26,2000.0,1088.18,16199.04,6.72
475,2026-03-31T01:13:09.732973,2026-03-31T01:14:44.801640,95068.615,1,12.294,58.631,152.741,28.186,60.15,19.84442,0.0,3,28.589,90.406,162.393,29.731,99.3,24.29016,0.0,1,9.608,14.679,64.081,10.528,12.3,4.533072,0.0,51.714,44.463,0,25.161,18.805,4,0.0,0.0,0.0,0.26,0.0,0.26,2000.0,1087.02,16199.04,6.71
476,2026-03-31T01:14:46.810504,2026-03-31T01:16:25.556338,98745.785,1,9.748,30.591,105.534,25.648,13.25,22.17818,0.0,3,18.414,30.981,136.598,26.399,22.5,15.76584,0.0,1,9.118,30.267,85.263,23.272,13.1,20.853168,0.0,53.59,49.592,2,66.933,43.235,1,0.0,0.0,0.0,0.26,0.0,0.26,2000.0,1092.58,16199.04,6.74
477,2026-03-31T01:16:27.593776,2026-03-31T01:18:35.285876,127692.059,1,8.725,38.94,114.108,23.584,39.75,21.044894,0.0,3,18.868,36.77,149.753,29.465,22.95,21.82952,0.0,1,10.586,46.684,199.261,29.19,48.3,21.95836,0.0,62.317,45.19,0,45.851,17.476,2,0.0,0.0,0.0,0.26,0.0,0.26,2000.0,1086.87,16199.04,6.71
478,2026-03-31T01:18:37.286876,2026-03-31T01:20:16.373652,99086.724,1,10.53,58.99,187.919,32.433,61.7,22.19184,0.0,3,20.229,49.882,147.641,36.482,24.55,32.02216,0.0,1,10.208,48.674,289.891,44.694,46.15,29.86088,0.0,64.533,47.18,0,39.314,33.625,0,0.0,0.0,0.0,0.26,0.0,0.26,2000.0,1082.41,16199.04,6.68
479,2026-03-31T01:20:18.569779,2026-03-31T01:21:56.675698,98105.868,1,9.69,53.671,254.626,37.589,61.2,26.753952,0.0,3,17.652,39.779,142.187,30.655,22.85,25.34504,0.0,1,9.978,41.93,130.67,28.874,39.65,24.252192,0.0,51.651,43.756,0,49.568,32.734,1,0.0,0.0,0.0,0.51,0.26,0.26,2000.0,1087.71,16199.04,6.71
480,2026-03-31T01:21:58.684801,2026-03-31T01:24:02.893958,124209.11,1,9.063,40.903,104.306,23.734,42.2,20.67748,0.0,3,17.602,58.671,252.327,50.745,24.8,41.57304,0.0,1,11.263,48.353,105.413,21.519,52.8,18.0612,0.0,,,,58.339,55.184,3,0.0,0.0,0.0,0.25,0.0,0.25,2000.0,1082.43,16199.04,6.68
481,2026-03-31T01:24:05.079714,2026-03-31T01:26:20.377965,135298.215,1,9.46,31.414,115.134,27.287,13.4,24.07465,0.0,3,18.681,50.975,179.288,40.327,23.95,34.9149,0.0,1,9.271,40.134,157.158,28.373,42.2,24.923462,0.0,68.073,58.241,0,,,,0.0,0.0,0.0,0.26,0.0,0.26,2000.0,1090.24,16199.04,6.73
482,2026-03-31T01:26:22.381720,2026-03-31T01:28:01.086211,98704.451,1,9.395,13.15,61.318,6.91,12.1,2.291632,0.0,3,18.952,22.403,25.634,1.414,22.2,1.13228,0.0,1,9.897,34.306,138.33,32.331,13.15,27.0045,0.0,26.888,18.573,1,70.448,62.11,0,0.0,0.0,0.0,0.48,0.24,0.24,2000.0,1070.49,16199.04,6.61
483,2026-03-31T01:28:03.189633,2026-03-31T01:30:19.642664,136452.985,1,9.553,18.484,102.965,17.355,12.1,11.158116,0.0,3,18.724,45.56,137.622,34.265,23.4,30.09616,0.0,1,9.239,26.132,115.013,24.514,12.55,19.605896,0.0,,,,50.649,36.166,2,0.0,0.0,0.0,0.0,0.0,0.0,2000.0,1087.52,16199.04,6.71
484,2026-03-31T01:30:21.730858,2026-03-31T01:32:10.202896,108471.997,1,10.708,54.365,152.165,25.294,57.9,18.39448,0.0,3,19.512,80.964,240.093,38.737,78.2,30.36928,0.0,1,8.948,30.615,172.424,32.227,12.75,25.651208,0.0,47.339,40.26,0,42.892,17.705,1,0.0,0.0,0.0,0.26,0.0,0.26,2000.0,1091.09,16199.04,6.74
485,2026-03-31T01:32:12.228847,2026-03-31T01:33:53.722387,101493.488,1,10.101,30.788,105.385,26.1,13.05,23.343,0.0,3,20.185,90.753,248.865,59.69,95.5,48.3005,0.0,1,10.007,33.799,90.732,23.332,25.25,21.5147,0.0,46.773,40.696,4,26.906,20.31,1,0.0,0.0,0.0,0.73,0.24,0.49,2000.0,1095.41,16199.04,6.76
486,2026-03-31T01:33:55.723084,2026-03-31T01:35:31.335267,95612.133,1,10.002,29.197,188.954,27.945,13.3,21.45392,0.0,3,18.93,36.312,157.977,30.056,22.8,21.78696,0.0,1,9.72,55.961,113.545,20.794,62.6,15.993628,0.0,48.467,41.032,0,37.88,31.151,2,0.0,0.0,0.0,1.02,0.25,0.51,2000.0,1091.19,16199.04,6.74
487,2026-03-31T01:35:33.340243,2026-03-31T01:37:08.711223,95370.928,1,10.127,30.711,116.542,26.541,13.35,22.9278,0.0,3,18.238,43.062,137.105,33.665,23.5,28.0696,0.0,1,8.832,27.934,104.595,25.45,12.9,21.038378,0.0,59.435,50.882,1,57.093,53.669,13,0.0,0.0,0.0,0.5,0.25,0.25,2000.0,1091.51,16199.04,6.74
488,2026-03-31T01:37:10.737727,2026-03-31T01:38:49.044438,98306.664,1,9.712,25.951,103.781,21.764,12.9,18.400016,0.0,3,18.468,24.491,104.726,12.182,22.2,4.78132,0.0,1,9.47,27.984,124.5,24.612,12.5,20.584104,0.0,36.116,33.493,2,72.929,55.458,0,0.0,0.0,0.0,0.21,0.0,0.21,2000.0,1088.5,16199.04,6.72
489,2026-03-31T01:38:51.235754,2026-03-31T01:41:16.761130,145525.327,1,10.45,49.843,126.389,25.413,59.95,21.9012,0.0,3,18.809,30.927,152.859,25.486,22.95,14.61184,0.0,1,9.448,39.543,108.817,26.156,38.55,24.1436,0.0,72.31,21.349,0,,,,0.0,0.0,0.0,0.76,0.25,0.51,2000.0,1090.85,16199.04,6.73
490,2026-03-31T01:41:18.785666,2026-03-31T01:43:26.011017,127225.305,1,8.95,22.978,136.199,22.745,12.55,16.89966,0.0,3,28.916,84.207,152.74,32.281,93.8,27.81828,0.0,1,13.242,64.103,161.11,28.21,62.5,19.899,0.0,,,,38.945,32.867,0,0.0,0.0,0.0,0.25,0.0,0.25,2000.0,1093.1,16199.04,6.75
491,2026-03-31T01:43:28.016708,2026-03-31T01:45:36.214386,128197.613,1,9.827,59.342,252.056,40.104,57.25,27.295606,0.0,3,19.326,28.8,124.984,20.741,22.55,11.36778,0.0,1,9.64,23.042,73.269,20.354,12.55,16.656064,0.0,44.905,38.533,0,,,,0.0,0.0,0.0,0.49,0.0,0.49,2000.0,1075.88,16199.04,6.64
492,2026-03-31T01:45:38.381966,2026-03-31T01:47:20.778255,102396.24,1,9.121,17.616,94.942,16.688,12.3,9.777776,0.0,3,21.4,90.365,240.643,41.472,97.25,31.03688,0.0,1,9.94,32.886,199.223,35.357,13.5,26.408632,0.0,52.182,43.711,0,78.737,65.013,0,0.0,0.0,0.0,0.51,0.26,0.26,2000.0,1087.2,16199.04,6.71
493,2026-03-31T01:47:22.781777,2026-03-31T01:48:58.910695,96128.867,1,9.285,50.342,156.331,26.164,59.9,21.234524,0.0,3,20.017,61.262,217.855,45.326,45.7,37.04064,0.0,1,9.808,30.93,192.01,32.809,13.1,24.375248,0.0,66.338,53.17,0,43.955,39.601,1,0.0,0.0,0.0,0.26,0.26,0.0,2000.0,1075.55,16199.04,6.64
494,2026-03-31T01:49:00.913502,2026-03-31T01:50:44.935838,104022.295,1,11.065,44.809,116.35,26.269,52.15,23.1903,0.0,3,20.168,72.581,171.055,45.594,75.15,41.74096,0.0,1,9.649,38.059,189.03,30.372,26.6,25.521784,0.0,32.604,25.308,3,54.788,40.945,0,0.0,0.0,0.0,1.02,0.0,0.76,2000.0,1072.64,16199.04,6.62
495,2026-03-31T01:50:46.940682,2026-03-31T01:52:35.421980,108481.239,1,10.473,36.109,185.99,36.248,13.45,28.83074,0.0,3,19.594,46.486,262.744,46.427,23.45,35.05832,0.0,1,9.266,36.754,131.042,29.867,25.45,25.036652,0.0,51.97,42.541,0,64.052,42.79,0,0.0,0.0,0.0,0.25,0.25,0.0,2000.0,1086.27,16199.04,6.71
496,2026-03-31T01:52:37.425633,2026-03-31T01:54:11.914831,94489.15,1,10.384,43.044,163.114,27.401,44.95,22.23424,0.0,3,19.047,22.373,25.31,1.487,22.45,1.25844,0.0,1,9.842,35.174,128.356,27.853,21.5,23.998208,0.0,55.807,48.01,0,67.15,58.621,0,0.0,0.0,0.0,0.73,0.49,0.24,2000.0,1074.36,16199.04,6.63
497,2026-03-31T01:54:14.100957,2026-03-31T01:56:46.309199,152208.186,1,9.847,31.041,126.916,27.064,13.4,21.82782,0.0,3,18.619,65.698,255.528,47.289,49.6,41.2003,0.0,1,9.134,30.743,147.429,25.194,14.1,21.492728,0.0,,,,33.3,8.498,1,0.0,0.0,0.0,0.49,0.0,0.49,2000.0,1077.16,16199.04,6.65
498,2026-03-31T01:56:48.318843,2026-03-31T01:58:31.380479,103061.591,1,10.3,56.779,190.991,35.571,61.75,24.97984,0.0,3,22.496,99.014,230.432,34.958,105.0,25.36,0.0,1,10.133,57.146,262.834,38.447,62.3,24.18578,0.0,40.651,34.465,0,61.393,41.414,0,0.0,0.0,0.0,0.51,0.25,0.25,2000.0,1085.89,16199.04,6.7
499,2026-03-31T01:58:33.382411,2026-03-31T02:00:21.819255,108436.794,1,9.565,49.504,199.022,33.372,51.8,23.711544,0.0,3,18.358,50.774,161.364,39.833,23.4,34.76792,0.0,1,11.247,47.311,104.601,23.843,52.15,20.9119,0.0,46.477,39.629,0,48.348,34.343,1,0.0,0.0,0.0,0.51,0.0,0.51,2000.0,1080.55,16199.04,6.67
500,2026-03-31T02:00:23.821664,2026-03-31T02:02:29.686401,125864.686,1,10.063,43.102,115.988,24.69,48.3,21.8947,0.0,3,22.192,83.228,184.472,35.046,89.05,29.60376,0.0,1,9.18,57.691,189.455,41.94,61.05,31.635408,0.0,37.612,29.247,0,,,,0.0,0.0,0.0,0.25,0.25,0.0,2000.0,1074.92,16199.04,6.64
501,2026-03-31T02:02:31.775953,2026-03-31T02:04:16.035847,104259.843,1,9.436,12.316,14.568,1.021,12.4,0.80576,0.0,3,22.991,83.977,173.525,36.265,93.9,30.17076,0.0,1,9.953,32.759,214.376,34.325,13.55,24.42511,0.0,46.466,33.662,4,53.443,37.594,2,0.0,0.0,0.0,0.51,0.26,0.26,2000.0,1081.81,16199.04,6.68
502,2026-03-31T02:04:18.037203,2026-03-31T02:06:26.767197,128729.941,1,9.538,42.404,116.196,24.254,39.5,21.778708,0.0,3,19.07,48.967,137.082,34.514,24.7,30.324,0.0,1,10.151,53.439,109.29,20.859,61.3,16.3016,0.0,,,,55.359,47.477,0,0.0,0.0,0.0,0.51,0.25,0.25,2000.0,1081.53,16199.04,6.68
503,2026-03-31T02:06:28.771716,2026-03-31T02:08:02.136036,93364.275,1,12.044,49.156,147.099,24.041,52.5,18.48112,0.0,3,17.851,28.602,155.343,20.81,22.35,11.55,0.0,1,10.02,24.65,84.6,20.441,13.05,16.8919,0.0,37.781,34.635,3,63.313,55.188,0,0.0,0.0,0.0,0.26,0.0,0.26,2000.0,1080.87,16199.04,6.67
504,2026-03-31T02:08:04.144983,2026-03-31T02:09:46.310152,102165.116,1,10.243,25.792,94.147,21.912,13.25,17.9496,0.0,3,18.91,60.083,210.054,47.086,32.3,39.72296,0.0,1,10.457,43.396,169.135,29.073,51.75,25.16656,0.0,55.955,46.929,0,42.516,21.668,1,0.0,0.0,0.0,0.26,0.0,0.26,2000.0,1080.86,16199.04,6.67
505,2026-03-31T02:09:48.310841,2026-03-31T02:11:53.832126,125521.25,1,9.312,50.948,136.924,26.613,60.5,21.951632,0.0,3,18.24,65.947,184.807,44.941,57.9,40.4068,0.0,1,10.231,52.591,105.332,21.715,59.7,16.88942,0.0,70.044,60.996,0,,,,0.0,0.0,0.0,0.25,0.0,0.25,2000.0,1092.49,16199.04,6.74
506,2026-03-31T02:11:55.838506,2026-03-31T02:13:34.335466,98496.908,1,10.094,59.139,252.773,46.539,57.4,31.68804,0.0,3,20.068,77.619,167.832,39.405,89.25,35.3533,0.0,1,12.597,47.907,105.585,20.356,52.35,17.55368,0.0,67.549,59.042,0,55.78,48.689,1,0.0,0.0,0.0,0.76,0.25,0.51,2000.0,1092.22,16199.04,6.74
507,2026-03-31T02:13:36.345778,2026-03-31T02:15:14.475263,98129.433,1,10.253,26.604,139.005,24.585,12.95,19.4564,0.0,3,18.416,26.412,111.037,16.817,22.45,7.6033,0.0,1,9.948,26.281,150.117,24.635,13.05,19.6566,0.0,63.755,55.467,0,79.51,70.738,0,0.0,0.0,0.0,0.0,0.0,0.0,2000.0,1071.6,16199.04,6.62
508,2026-03-31T02:15:16.479569,2026-03-31T02:17:13.750933,117271.325,1,10.19,52.5,209.952,36.766,61.0,27.7729,0.0,3,18.307,30.303,158.078,23.301,22.75,13.7956,0.0,1,8.743,17.581,116.487,16.06,12.65,9.003208,0.0,55.354,48.286,0,68.704,21.487,0,0.0,0.0,0.0,0.52,0.0,0.52,2000.0,1081.99,16199.04,6.68
509,2026-03-31T02:17:15.760098,2026-03-31T02:18:49.570247,93810.101,1,8.879,11.951,15.189,1.229,12.1,0.989376,0.0,3,18.076,30.964,126.445,24.839,22.55,14.90892,0.0,1,8.691,11.644,14.112,1.091,11.7,0.893616,0.0,52.947,45.04,0,47.02,43.959,2,0.0,0.0,0.0,0.23,0.0,0.23,2000.0,1083.68,16199.04,6.69
510,2026-03-31T02:18:51.689667,2026-03-31T02:20:59.065306,127375.592,1,9.831,12.112,14.821,1.065,12.05,0.84472,0.0,3,17.69,55.988,180.45,46.037,23.65,40.83472,0.0,1,9.402,14.368,165.45,17.755,12.0,4.805974,0.0,,,,36.206,28.751,0,0.0,0.0,0.0,0.48,0.24,0.24,2000.0,1086.53,16199.04,6.71
511,2026-03-31T02:21:01.082035,2026-03-31T02:23:10.414581,129332.496,1,9.683,30.334,296.476,43.649,12.75,27.460448,0.0,3,19.788,38.851,167.421,31.685,23.5,24.08,0.0,1,9.332,34.418,259.657,36.232,13.45,26.454304,0.0,58.51,50.666,0,,,,0.0,0.0,0.0,0.77,0.26,0.26,2000.0,1084.81,16199.04,6.7
512,2026-03-31T02:23:12.514323,2026-03-31T02:24:56.836298,104321.925,1,10.09,39.784,77.907,21.2,38.1,19.51032,0.0,3,19.368,51.629,199.158,38.498,28.2,32.19276,0.0,1,11.077,41.252,128.314,30.686,35.7,27.51206,0.0,48.863,25.157,1,47.059,39.364,2,0.0,0.0,0.0,0.5,0.25,0.25,2000.0,1085.42,16199.04,6.7
513,2026-03-31T02:24:58.851094,2026-03-31T02:27:01.058599,122207.454,1,10.035,21.601,120.973,21.373,12.7,15.21524,0.0,3,19.334,41.616,161.143,34.797,23.2,27.62412,0.0,1,11.553,57.03,137.065,24.108,61.95,17.11068,0.0,65.919,57.399,0,19.818,6.458,3,0.0,0.0,0.0,0.76,0.25,0.25,2000.0,1084.45,16199.04,6.69
514,2026-03-31T02:27:03.208536,2026-03-31T02:29:22.963497,139754.916,1,10.075,12.542,15.364,1.083,12.5,0.88484,0.0,3,18.329,38.596,201.785,34.042,23.3,24.95158,0.0,1,9.143,33.201,173.661,29.574,13.4,24.821342,0.0,,,,72.905,64.496,0,0.0,0.0,0.0,0.51,0.26,0.26,2000.0,1082.36,16199.04,6.68
515,2026-03-31T02:29:24.967836,2026-03-31T02:31:39.550266,134582.37,1,11.684,58.326,140.604,27.58,61.9,21.54468,0.0,3,19.926,63.918,187.12,38.898,61.3,33.7998,0.0,1,9.459,12.418,15.461,1.032,12.45,0.7836,0.0,66.949,51.351,0,,,,0.0,0.0,0.0,0.25,0.0,0.25,2000.0,1095.82,16199.04,6.76
516,2026-03-31T02:31:41.553120,2026-03-31T02:33:19.405340,97852.167,1,9.308,23.461,104.807,23.003,12.8,16.967498,0.0,3,18.224,31.309,140.551,24.136,22.0,15.35324,0.0,1,8.672,35.869,209.749,29.838,22.9,24.28108,0.0,37.704,28.995,0,75.921,67.495,0,0.0,0.0,0.0,0.0,0.0,0.0,2000.0,1079.15,16199.04,6.66
517,2026-03-31T02:33:21.493363,2026-03-31T02:35:25.066373,123572.972,1,9.858,42.23,141.785,28.864,41.75,24.857024,0.0,3,21.758,96.634,215.388,39.328,96.5,29.65,0.0,1,10.426,64.024,249.276,38.829,62.6,24.59628,0.0,34.148,30.666,2,,,,0.0,0.0,0.0,0.25,0.25,0.0,2000.0,1074.91,16199.04,6.64
518,2026-03-31T02:35:27.101054,2026-03-31T02:37:06.507111,99406.02,1,9.943,36.269,113.234,26.946,24.35,22.962024,0.0,3,17.347,21.873,26.649,1.613,21.75,1.23438,0.0,1,10.322,41.662,83.742,20.847,42.0,18.38848,0.0,40.57,25.202,1,55.66,45.649,1,0.0,0.0,0.0,0.26,0.0,0.26,2000.0,1082.19,16199.04,6.68
519,2026-03-31T02:37:08.577795,2026-03-31T02:39:12.863252,124285.403,1,10.607,54.997,176.86,24.752,58.05,17.73,0.0,3,18.57,89.311,251.721,48.205,94.8,38.4704,0.0,1,11.113,46.115,159.703,33.043,44.05,28.2164,0.0,49.289,41.323,0,,,,0.0,0.0,0.0,0.0,0.0,0.0,2000.0,1087.44,16199.04,6.71
520,2026-03-31T02:39:14.937223,2026-03-31T02:40:49.233563,94296.278,1,9.009,12.029,14.998,1.189,12.0,0.925932,0.0,3,18.578,69.954,209.702,41.659,69.2,35.56018,0.0,1,9.266,33.299,98.825,22.674,24.15,20.20918,0.0,77.013,68.625,0,54.957,46.694,0,0.0,0.0,0.0,0.0,0.0,0.0,2000.0,1076.51,16199.04,6.65
521,2026-03-31T02:40:51.243609,2026-03-31T02:42:23.647464,92403.806,1,9.037,24.155,185.717,25.851,12.6,17.93992,0.0,3,19.041,69.438,174.92,36.232,65.15,31.5568,0.0,1,10.215,42.921,149.856,25.707,44.55,21.83756,0.0,69.147,61.575,0,64.696,52.929,0,0.0,0.0,0.0,0.75,0.25,0.25,2000.0,1079.67,16199.04,6.67
522,2026-03-31T02:42:25.654281,2026-03-31T02:44:02.338598,96684.268,1,9.449,35.021,91.705,24.325,23.55,22.44852,0.0,3,19.051,77.214,192.529,37.267,76.05,31.99408,0.0,1,8.993,11.976,14.687,1.243,12.0,0.97312,0.0,28.504,23.901,1,34.296,23.834,0,0.0,0.0,0.0,0.22,0.0,0.22,2000.0,1088.57,16199.04,6.72
523,2026-03-31T02:44:04.422071,2026-03-31T02:46:06.812351,122390.232,1,9.824,32.707,109.597,24.873,18.9,21.965492,0.0,3,21.969,81.238,169.175,35.222,89.55,30.18872,0.0,1,9.789,39.049,166.922,32.628,22.5,27.407764,0.0,63.02,51.09,0,,,,0.0,0.0,0.0,0.0,0.0,0.0,2000.0,1090.09,16199.04,6.73
524,2026-03-31T02:46:08.851110,2026-03-31T02:47:53.486337,104635.18,1,9.469,24.554,100.629,21.029,13.15,17.131968,0.0,3,18.394,79.387,210.26,43.943,89.0,37.1151,0.0,1,9.306,55.169,279.539,41.647,56.15,25.151456,0.0,21.118,15.645,0,23.74,18.208,1,0.0,0.0,0.0,0.44,0.22,0.22,2000.0,1089.23,16199.04,6.72
525,2026-03-31T02:47:55.526280,2026-03-31T02:50:00.424572,124898.256,1,10.444,40.184,126.242,27.692,37.5,24.83656,0.0,3,19.692,68.447,145.102,37.563,68.75,34.124,0.0,1,11.63,54.321,106.089,20.512,62.1,16.75404,0.0,25.768,21.256,0,,,,0.0,0.0,0.0,0.26,0.0,0.26,2000.0,1086.69,16199.04,6.71
526,2026-03-31T02:50:02.426952,2026-03-31T02:51:52.149919,109722.93,1,10.108,38.211,124.794,28.028,33.65,25.22208,0.0,3,22.117,78.787,175.747,30.895,87.65,26.19408,0.0,1,9.444,24.306,92.692,21.98,12.3,17.96392,0.0,50.439,41.868,0,56.178,42.382,3,0.0,0.0,0.0,0.51,0.25,0.25,2000.0,1096.75,16199.04,6.77
527,2026-03-31T02:51:54.151082,2026-03-31T02:53:42.878375,108727.263,1,8.759,10.536,13.699,0.911,10.4,0.6988,0.0,3,19.773,81.985,257.358,41.32,85.25,30.9864,0.0,1,9.179,29.416,125.533,29.609,12.3,24.019326,0.0,42.914,36.213,2,30.081,22.34,1,0.0,0.0,0.0,0.0,0.0,0.0,2000.0,1089.24,16199.04,6.72
528,2026-03-31T02:53:45.588530,2026-03-31T02:55:27.447385,101858.82,1,10.08,55.616,125.234,24.098,62.0,17.82684,0.0,3,18.701,65.552,145.417,39.311,64.4,36.65656,0.0,1,9.191,37.725,93.655,25.529,37.95,23.4861,0.0,29.55,27.327,2,31.659,23.418,0,0.0,0.0,0.0,1.51,0.25,1.01,2000.0,1093.45,16199.04,6.75
529,2026-03-31T02:55:29.706057,2026-03-31T02:57:05.682373,95976.272,1,11.16,45.631,83.738,21.076,52.9,18.58774,0.0,3,21.596,99.52,247.035,39.098,103.0,26.1232,0.0,1,9.125,38.938,103.919,24.99,37.0,23.152248,0.0,38.407,32.041,0,31.311,24.889,0,0.0,0.0,0.0,0.24,0.0,0.24,2000.0,1079.81,16199.04,6.67
530,2026-03-31T02:57:07.686169,2026-03-31T02:58:58.334742,110648.522,1,11.207,42.74,92.856,21.401,42.15,19.05828,0.0,3,20.392,79.56,230.858,44.349,84.35,36.1312,0.0,1,9.803,46.116,156.429,29.923,49.35,24.68764,0.0,32.488,16.02,4,19.188,9.185,0,0.0,0.0,0.0,0.25,0.0,0.0,2000.0,1079.0,16199.04,6.66
531,2026-03-31T02:59:00.429808,2026-03-31T03:01:05.252384,124822.528,1,9.384,58.059,124.894,22.295,62.1,15.515616,0.0,3,22.504,85.012,262.05,42.719,88.5,33.09792,0.0,1,10.02,30.04,126.948,27.64,12.95,23.43096,0.0,38.052,11.348,1,45.235,37.54,0,0.0,0.0,0.0,0.51,0.0,0.26,2000.0,1073.29,16199.04,6.63
532,2026-03-31T03:01:07.605851,2026-03-31T03:03:18.120386,130514.489,1,10.758,30.666,103.78,25.646,13.4,22.8016,0.0,3,24.439,97.832,233.507,41.102,103.0,30.18344,0.0,1,9.511,23.22,66.525,18.941,12.85,15.936066,0.0,57.427,49.984,0,,,,0.0,0.0,0.0,0.51,0.25,0.25,2000.0,1086.62,16199.04,6.71
533,2026-03-31T03:03:20.122336,2026-03-31T03:05:38.418102,138295.714,1,9.925,28.941,144.32,27.431,13.5,21.818566,0.0,3,18.618,28.228,146.581,19.969,23.0,9.60804,0.0,1,9.871,26.538,115.45,20.58,13.65,17.147044,0.0,,,,21.023,15.764,3,0.0,0.0,0.0,0.72,0.24,0.48,2000.0,1080.04,16199.04,6.67
534,2026-03-31T03:05:40.502690,2026-03-31T03:07:22.713817,102211.074,1,9.237,41.687,229.874,38.062,28.9,27.993488,0.0,3,21.943,92.075,231.263,44.2,94.5,33.27008,0.0,1,9.063,36.893,114.798,26.661,27.3,24.104328,0.0,68.337,60.156,0,77.705,60.164,0,0.0,0.0,0.0,0.77,0.26,0.51,2000.0,1087.39,16199.04,6.71
535,2026-03-31T03:07:24.719991,2026-03-31T03:09:37.056429,132336.392,1,11.345,54.951,128.17,22.931,57.9,17.12108,0.0,3,20.117,56.733,199.017,42.966,26.6,37.6832,0.0,1,8.959,11.956,14.672,1.193,12.0,0.975922,0.0,,,,52.078,42.768,0,0.0,0.0,0.0,0.0,0.0,0.0,2000.0,1089.52,16199.04,6.73
536,2026-03-31T03:09:39.081072,2026-03-31T03:11:16.330407,97249.284,1,10.905,79.9,487.633,73.294,62.5,42.61912,0.0,3,18.063,22.337,25.596,1.572,22.5,1.27968,0.0,1,9.804,37.675,180.304,30.95,22.85,25.8861,0.0,51.729,43.15,0,44.574,39.253,2,0.0,0.0,0.0,0.0,0.0,0.0,2000.0,1089.96,16199.04,6.73
537,2026-03-31T03:11:18.414393,2026-03-31T03:12:55.432473,97018.028,1,10.381,34.118,189.377,36.345,12.95,29.00878,0.0,3,18.011,53.414,189.56,45.243,23.85,39.76776,0.0,1,10.672,54.736,153.213,28.655,62.4,22.33954,0.0,67.648,57.05,0,55.141,46.385,0,0.0,0.0,0.0,0.26,0.26,0.0,2000.0,1091.88,16199.04,6.74
538,2026-03-31T03:12:57.436832,2026-03-31T03:15:04.159046,126722.179,1,8.855,23.6,81.457,20.826,11.9,17.711568,0.0,3,19.624,80.513,249.302,49.944,90.6,40.44384,0.0,1,9.964,56.276,147.63,26.659,62.0,18.752416,0.0,41.193,34.607,0,,,,0.0,0.0,0.0,0.25,0.25,0.0,2000.0,1090.29,16199.04,6.73
539,2026-03-31T03:15:06.186058,2026-03-31T03:16:39.344951,93158.845,1,10.098,32.579,90.203,22.232,24.2,20.20536,0.0,3,19.853,68.385,126.602,30.271,69.3,27.10502,0.0,1,9.406,41.392,250.165,33.41,36.35,23.799584,0.0,40.698,32.069,0,44.959,36.104,0,0.0,0.0,0.0,0.51,0.0,0.51,2000.0,1077.45,16199.04,6.65
540,2026-03-31T03:16:41.348714,2026-03-31T03:18:19.061737,97712.988,1,10.289,37.224,87.872,22.994,29.6,21.27144,0.0,3,19.655,63.263,181.663,36.344,56.45,32.19824,0.0,1,9.536,45.86,146.852,26.857,49.55,22.19752,0.0,33.116,22.798,0,72.195,57.679,0,0.0,0.0,0.0,0.26,0.0,0.26,2000.0,1072.41,16199.04,6.62
541,2026-03-31T03:18:21.072390,2026-03-31T03:20:39.865562,138793.132,1,9.086,14.303,183.71,17.061,12.7,3.42736,0.0,3,19.842,62.911,300.312,47.928,49.65,37.7837,0.0,1,13.404,70.123,195.841,41.368,62.55,30.44008,0.0,60.996,51.082,0,,,,0.0,0.0,0.0,0.24,0.24,0.0,2000.0,1081.56,16199.04,6.68
542,2026-03-31T03:20:41.893368,2026-03-31T03:22:24.965723,103072.302,1,11.288,49.878,104.895,20.983,53.6,17.28776,0.0,3,18.713,39.581,137.487,31.464,23.05,25.66584,0.0,1,9.077,12.075,14.907,1.247,12.0,1.025854,0.0,68.176,55.391,0,73.144,56.015,0,0.0,0.0,0.0,0.0,0.0,0.0,2000.0,1088.46,16199.04,6.72
543,2026-03-31T03:22:26.967002,2026-03-31T03:24:35.099156,128132.102,1,8.695,39.334,94.995,23.736,37.9,21.142778,0.0,3,21.221,73.581,157.337,31.037,74.15,26.70596,0.0,1,11.234,49.812,121.481,22.433,52.7,18.3107,0.0,,,,38.645,29.168,2,0.0,0.0,0.0,0.26,0.0,0.26,2000.0,1084.64,16199.04,6.7
544,2026-03-31T03:24:37.109125,2026-03-31T03:26:11.506107,94396.921,1,10.147,45.878,141.551,27.172,48.05,22.27272,0.0,3,19.445,73.247,185.66,35.238,72.2,30.24,0.0,1,9.615,52.827,115.328,20.446,61.8,16.408056,0.0,75.183,64.843,0,71.887,63.076,0,0.0,0.0,0.0,0.26,0.26,0.0,2000.0,1072.22,16199.04,6.62
545,2026-03-31T03:26:13.508912,2026-03-31T03:27:48.473686,94964.729,1,9.936,33.503,73.671,22.31,25.05,20.669376,0.0,3,19.499,42.396,189.862,38.416,22.75,28.42022,0.0,1,9.168,33.775,135.15,29.959,13.65,24.765232,0.0,64.732,56.49,0,53.375,45.546,0,0.0,0.0,0.0,1.02,0.25,0.51,2000.0,1076.16,16199.04,6.64
546,2026-03-31T03:27:50.484619,2026-03-31T03:29:31.035866,100551.22,1,9.23,32.72,114.951,28.501,13.15,25.075464,0.0,3,18.277,22.827,38.403,2.251,22.6,1.44192,0.0,1,9.573,35.239,99.727,22.685,30.7,20.34937,0.0,58.378,35.9,2,40.691,34.077,1,0.0,0.0,0.0,0.25,0.25,0.0,2000.0,1085.84,16199.04,6.7
547,2026-03-31T03:29:33.083569,2026-03-31T03:31:37.366628,124283.028,1,9.748,39.787,145.098,32.013,26.4,27.83755,0.0,3,18.41,71.515,154.607,39.037,81.7,34.72176,0.0,1,10.583,49.465,339.945,50.572,45.5,34.21818,0.0,54.526,46.112,0,69.933,16.397,0,0.0,0.0,0.0,0.51,0.26,0.26,2000.0,1083.6,16199.04,6.69
548,2026-03-31T03:31:39.375826,2026-03-31T03:33:21.745684,102369.808,1,9.7,38.488,125.278,25.68,37.05,23.423306,0.0,3,19.327,53.296,165.473,37.477,30.1,33.6948,0.0,1,10.44,33.559,124.629,23.883,20.45,21.2044,0.0,64.16,51.09,0,52.253,32.631,0,0.0,0.0,0.0,0.51,0.26,0.26,2000.0,1084.16,16199.04,6.69
549,2026-03-31T03:33:23.747920,2026-03-31T03:35:05.378160,101630.189,1,9.301,44.014,105.03,23.776,46.1,19.9114,0.0,3,20.973,81.399,227.73,40.576,85.5,33.30152,0.0,1,11.486,62.809,240.199,34.832,62.25,22.16142,0.0,47.914,40.877,0,63.083,54.936,0,0.0,0.0,0.0,0.71,0.0,0.71,2000.0,1080.9,16199.04,6.67
550,2026-03-31T03:35:07.478967,2026-03-31T03:37:24.336123,136857.11,1,13.429,59.893,125.81,25.096,62.55,18.6368,0.0,3,18.837,30.427,115.667,22.703,23.1,13.47186,0.0,1,9.386,21.248,88.646,17.838,12.9,13.699012,0.0,,,,58.549,40.089,0,0.0,0.0,0.0,0.26,0.0,0.26,2000.0,1079.06,16199.04,6.66
551,2026-03-31T03:37:26.339691,2026-03-31T03:39:07.925430,101585.706,1,10.198,55.846,189.02,30.515,61.65,19.9396,0.0,3,18.259,22.892,26.389,1.435,22.95,1.13872,0.0,1,10.324,44.736,179.501,30.521,46.65,24.87656,0.0,48.99,41.089,0,40.201,31.472,1,0.0,0.0,0.0,0.77,0.26,0.51,2000.0,1085.82,16199.04,6.7
552,2026-03-31T03:39:09.928567,2026-03-31T03:40:56.781789,106853.169,1,10.431,57.265,209.58,36.225,55.15,24.50444,0.0,3,18.441,22.262,26.261,1.65,22.15,1.33188,0.0,1,9.796,42.388,270.963,38.957,31.05,28.4952,0.0,51.807,40.829,0,61.853,50.624,0,0.0,0.0,0.0,0.77,0.26,0.26,2000.0,1091.27,16199.04,6.74
553,2026-03-31T03:40:58.818540,2026-03-31T03:43:03.189612,124371.018,1,10.74,47.691,105.071,21.382,51.0,17.95648,0.0,3,21.492,79.885,207.668,41.468,84.4,33.2438,0.0,1,10.155,35.164,257.3,35.492,14.75,25.89048,0.0,52.847,41.464,0,,,,0.0,0.0,0.0,0.5,0.25,0.25,2000.0,1084.27,16199.04,6.69
554,2026-03-31T03:43:05.193374,2026-03-31T03:44:48.019573,102826.152,1,10.46,41.483,136.806,32.519,31.15,27.71434,0.0,3,18.082,22.106,26.652,1.453,21.85,1.1738,0.0,1,9.274,38.851,114.689,24.137,37.3,21.69608,0.0,67.791,48.436,0,36.542,32.75,2,0.0,0.0,0.0,0.26,0.0,0.26,2000.0,1080.21,16199.04,6.67
555,2026-03-31T03:44:50.040867,2026-03-31T03:46:27.995113,97954.195,1,10.857,45.099,85.265,20.426,50.95,18.748,0.0,3,18.028,45.102,136.985,32.101,23.95,27.55068,0.0,1,9.952,47.292,1018.944,101.263,35.15,33.05798,0.0,50.192,40.185,0,48.887,38.749,0,0.0,0.0,0.0,0.5,0.25,0.25,2000.0,1078.04,16199.04,6.65
556,2026-03-31T03:46:30.038207,2026-03-31T03:48:31.972417,121934.17,1,10.603,46.524,131.102,25.623,49.85,21.37562,0.0,3,19.888,75.961,378.407,63.99,63.05,50.50884,0.0,1,9.162,20.836,74.744,18.85,12.45,14.12214,0.0,55.512,14.955,3,51.218,40.754,0,0.0,0.0,0.0,0.26,0.0,0.26,2000.0,1080.63,16199.04,6.67
557,2026-03-31T03:48:33.973479,2026-03-31T03:50:10.701300,96727.774,1,8.772,50.097,177.083,32.998,57.9,25.240466,0.0,3,19.705,94.49,347.795,46.197,103.0,30.15196,0.0,1,9.27,43.729,245.086,35.401,40.0,27.476974,0.0,22.176,18.009,1,58.057,47.027,0,0.0,0.0,0.0,0.51,0.51,0.0,2000.0,1079.84,16199.04,6.67
558,2026-03-31T03:50:12.703394,2026-03-31T03:51:57.981689,105278.26,1,10.599,51.68,154.12,27.276,56.6,20.85508,0.0,3,21.477,72.896,188.599,36.433,73.55,31.50232,0.0,1,9.186,24.242,280.349,32.503,12.55,18.9928,0.0,56.707,22.6,0,71.647,68.22,4,0.0,0.0,0.0,0.7,0.0,0.47,2000.0,1074.32,16199.04,6.63
559,2026-03-31T03:51:59.986311,2026-03-31T03:53:52.849140,112862.774,1,10.619,42.043,109.994,21.499,47.0,19.05832,0.0,3,19.35,39.222,149.304,34.167,22.75,26.1676,0.0,1,11.313,57.705,193.122,29.408,60.2,18.97888,0.0,79.217,68.795,0,59.808,26.436,0,0.0,0.0,0.0,0.26,0.26,0.0,2000.0,1076.48,16199.04,6.65
560,2026-03-31T03:53:54.852927,2026-03-31T03:55:30.984084,96131.114,1,10.605,54.023,147.628,30.326,60.6,21.9204,0.0,3,19.953,61.211,171.703,40.06,48.3,36.73516,0.0,1,8.71,15.206,63.054,11.159,12.1,5.971976,0.0,68.583,59.809,0,54.407,47.284,0,0.0,0.0,0.0,0.26,0.0,0.26,2000.0,1077.95,16199.04,6.65
561,2026-03-31T03:55:32.989769,2026-03-31T03:57:20.096249,107106.33,1,8.961,46.453,184.886,32.697,49.4,26.784336,0.0,3,18.957,51.124,172.209,42.442,23.25,36.78956,0.0,1,9.939,43.598,135.934,25.632,43.55,22.2396,0.0,53.579,42.291,0,47.099,40.079,0,0.0,0.0,0.0,0.26,0.0,0.26,2000.0,1074.38,16199.04,6.63
562,2026-03-31T03:57:22.104845,2026-03-31T03:59:57.709617,155604.722,1,10.266,55.043,230.796,39.879,54.3,27.2175,0.0,3,21.182,116.919,294.32,48.28,106.0,35.8087,0.0,1,11.055,65.319,247.148,37.612,62.1,23.9804,0.0,,,,,,,0.0,0.0,0.0,0.47,0.23,0.23,2000.0,1081.67,16199.04,6.68
563,2026-03-31T03:59:59.860894,2026-03-31T04:02:18.164625,138303.677,1,11.044,52.139,147.206,32.115,55.05,24.9744,0.0,3,18.464,35.918,217.049,33.22,22.7,21.72168,0.0,1,9.52,43.855,168.494,30.165,48.05,24.918104,0.0,,,,36.091,27.329,0,0.0,0.0,0.0,0.26,0.26,0.0,2000.0,1079.43,16199.04,6.66
564,2026-03-31T04:02:20.354473,2026-03-31T04:04:08.971338,108616.821,1,10.153,48.917,149.574,25.024,52.25,20.47616,0.0,3,19.445,75.002,222.028,40.833,77.15,35.22224,0.0,1,10.047,39.497,189.224,33.325,20.75,28.34602,0.0,72.157,63.887,0,51.854,23.095,3,0.0,0.0,0.0,0.49,0.0,0.25,2000.0,1067.69,16199.04,6.59
565,2026-03-31T04:04:10.977289,2026-03-31T04:05:46.556835,95579.519,1,9.014,23.77,73.367,19.875,12.6,16.32764,0.0,3,19.382,42.686,162.232,31.909,23.55,26.10786,0.0,1,10.932,37.288,157.896,27.717,30.85,21.93456,0.0,40.208,38.021,2,51.326,41.688,5,0.0,0.0,0.0,0.76,0.25,0.51,2000.0,1077.97,16199.04,6.65
566,2026-03-31T04:05:48.563667,2026-03-31T04:07:59.417610,130853.895,1,9.545,21.8,114.151,21.014,12.5,15.194824,0.0,3,22.593,87.049,348.989,51.362,83.45,34.7398,0.0,1,10.115,52.81,218.607,30.762,57.5,21.90022,0.0,,,,57.721,54.42,2,0.0,0.0,0.0,0.24,0.24,0.0,2000.0,1078.44,16199.04,6.66
567,2026-03-31T04:08:01.540909,2026-03-31T04:09:38.498548,96957.586,1,9.965,51.225,182.787,33.038,57.45,25.319562,0.0,3,18.309,22.31,27.914,1.529,22.3,1.20672,0.0,1,9.287,27.959,125.924,25.996,13.35,20.740938,0.0,57.704,49.814,0,65.679,57.553,0,0.0,0.0,0.0,0.76,0.0,0.76,2000.0,1077.81,16199.04,6.65
568,2026-03-31T04:09:40.508742,2026-03-31T04:11:15.914517,95405.72,1,9.503,12.163,14.736,0.959,12.2,0.76144,0.0,3,18.505,58.355,219.986,44.084,34.35,38.15148,0.0,1,10.227,44.714,126.181,28.213,56.15,25.2375,0.0,56.265,48.971,0,40.388,36.622,2,0.0,0.0,0.0,0.51,0.0,0.51,2000.0,1083.01,16199.04,6.69
569,2026-03-31T04:11:17.921177,2026-03-31T04:13:24.623159,126701.919,1,9.285,30.345,104.466,25.417,13.7,22.379616,0.0,3,18.374,50.577,207.482,38.587,26.1,32.3408,0.0,1,9.676,45.198,107.961,25.399,53.0,22.257368,0.0,57.366,44.901,0,50.165,12.913,0,0.0,0.0,0.0,0.51,0.25,0.0,2000.0,1077.15,16199.04,6.65
570,2026-03-31T04:13:26.876143,2026-03-31T04:15:03.789076,96912.892,1,9.958,54.159,497.037,76.469,28.75,44.407752,0.0,3,20.604,75.64,198.357,38.475,72.05,31.3124,0.0,1,9.482,26.284,84.868,22.042,13.2,18.674324,0.0,62.037,52.985,0,65.984,58.066,0,0.0,0.0,0.0,0.51,0.0,0.51,2000.0,1065.07,16199.04,6.57
571,2026-03-31T04:15:05.791160,2026-03-31T04:16:38.629913,92838.702,1,9.562,49.237,188.975,34.871,60.45,27.935676,0.0,3,24.215,104.678,223.77,33.583,105.0,22.40556,0.0,1,12.348,52.146,104.471,23.018,61.9,19.6929,0.0,33.012,29.327,2,49.843,42.416,2,0.0,0.0,0.0,0.0,0.0,0.0,2000.0,1071.27,16199.04,6.61
572,2026-03-31T04:16:40.631279,2026-03-31T04:18:50.814389,130183.06,1,9.398,17.405,117.639,18.01,12.3,9.42734,0.0,3,19.706,22.512,26.044,1.474,22.35,1.2385,0.0,1,9.371,30.552,88.509,22.562,17.5,19.814456,0.0,57.267,48.573,0,,,,0.0,0.0,0.0,0.26,0.0,0.26,2000.0,1086.86,16199.04,6.71
573,2026-03-31T04:18:52.823684,2026-03-31T04:20:34.108283,101284.548,1,10.343,46.298,121.729,24.688,52.75,21.69058,0.0,3,18.8,60.85,200.411,48.669,30.7,41.91776,0.0,1,10.049,37.009,156.699,31.812,16.8,26.7892,0.0,51.723,44.133,0,47.205,34.011,0,0.0,0.0,0.0,0.76,0.51,0.25,2000.0,1088.56,16199.04,6.72
574,2026-03-31T04:20:36.310204,2026-03-31T04:22:44.525573,128215.319,1,10.408,38.13,104.907,25.417,29.35,23.3864,0.0,3,18.503,22.794,26.562,1.426,22.85,1.11312,0.0,1,8.776,37.15,124.57,27.964,28.75,24.70875,0.0,55.81,48.013,0,,,,0.0,0.0,0.0,0.51,0.26,0.26,2000.0,1088.09,16199.04,6.72
575,2026-03-31T04:22:46.544225,2026-03-31T04:24:20.885286,94340.997,1,12.105,62.736,230.214,28.635,62.25,15.5015,0.0,3,22.974,84.687,176.331,33.985,93.9,28.3061,0.0,1,9.708,29.181,119.868,26.032,12.95,22.396958,0.0,44.461,37.955,0,55.538,48.971,5,0.0,0.0,0.0,0.24,0.0,0.24,2000.0,1081.56,16199.04,6.68
576,2026-03-31T04:24:22.968161,2026-03-31T04:25:55.313156,92344.944,1,9.775,50.026,210.737,34.452,52.45,26.111344,0.0,3,18.991,71.929,159.113,41.303,77.75,36.79194,0.0,1,10.681,53.281,108.858,21.45,62.25,17.8512,0.0,45.354,37.767,0,41.777,36.307,0,0.0,0.0,0.0,0.25,0.0,0.25,2000.0,1076.72,16199.04,6.65
577,2026-03-31T04:25:57.326236,2026-03-31T04:27:30.429254,93102.969,1,10.41,34.495,112.182,26.277,20.7,23.8276,0.0,3,18.023,46.325,180.909,37.564,23.7,30.866,0.0,1,9.706,39.363,85.34,20.924,41.7,19.005336,0.0,57.174,48.388,0,62.804,55.271,0,0.0,0.0,0.0,0.26,0.26,0.0,2000.0,1076.36,16199.04,6.64
578,2026-03-31T04:27:32.466127,2026-03-31T04:29:37.012565,124546.391,1,10.367,43.356,73.974,19.077,43.6,17.214,0.0,3,17.672,45.064,137.329,32.227,24.5,26.92174,0.0,1,8.741,25.359,85.028,20.043,13.15,16.886614,0.0,,,,15.007,11.457,5,0.0,0.0,0.0,0.48,0.0,0.24,2000.0,1079.76,16199.04,6.67
579,2026-03-31T04:29:39.120960,2026-03-31T04:31:14.633547,95512.542,1,10.602,46.099,188.218,31.479,52.3,25.59092,0.0,3,19.942,61.952,145.335,40.165,47.05,36.6784,0.0,1,10.493,36.794,274.831,39.284,17.2,26.7519,0.0,47.263,40.459,0,50.475,41.397,4,0.0,0.0,0.0,0.26,0.26,0.0,2000.0,1072.63,16199.04,6.62
580,2026-03-31T04:31:16.635470,2026-03-31T04:32:51.665094,95029.575,1,10.344,54.985,114.984,20.989,62.25,15.9784,0.0,3,24.082,94.031,178.06,32.05,98.2,25.30656,0.0,1,8.97,39.056,116.74,25.476,41.95,23.273032,0.0,71.516,59.533,0,74.216,66.246,3,0.0,0.0,0.0,0.48,0.0,0.48,2000.0,1073.08,16199.04,6.62
581,2026-03-31T04:32:53.759798,2026-03-31T04:34:42.643057,108883.218,1,9.596,42.084,126.236,24.589,41.6,21.619562,0.0,3,19.773,70.014,177.931,37.382,71.7,33.05874,0.0,1,10.292,42.941,105.239,20.967,45.25,18.38932,0.0,41.036,31.882,1,48.009,19.226,0,0.0,0.0,0.0,0.76,0.0,0.76,2000.0,1077.59,16199.04,6.65
582,2026-03-31T04:34:44.645793,2026-03-31T04:36:53.517949,128872.108,1,9.995,45.581,104.391,23.198,51.3,20.4384,0.0,3,19.695,34.851,120.953,25.696,22.8,19.07648,0.0,1,10.029,33.828,125.722,27.841,13.55,24.36024,0.0,,,,41.881,32.473,4,0.0,0.0,0.0,0.26,0.0,0.26,2000.0,1085.47,16199.04,6.7
583,2026-03-31T04:36:55.523610,2026-03-31T04:39:04.562530,129038.877,1,11.907,58.471,207.868,27.147,62.6,17.40408,0.0,3,19.775,24.869,138.432,13.042,23.4,3.6906,0.0,1,10.442,57.436,473.945,50.76,57.65,25.63414,0.0,54.957,46.823,0,,,,0.0,0.0,0.0,0.78,0.0,0.78,2000.0,1079.15,16199.04,6.66
584,2026-03-31T04:39:06.602206,2026-03-31T04:41:18.705523,132103.27,1,9.737,60.435,294.89,52.733,54.75,33.67264,0.0,3,18.485,59.386,217.203,51.073,24.8,45.0728,0.0,1,9.427,12.276,14.429,1.051,12.4,0.827018,0.0,43.031,35.997,0,,,,0.0,0.0,0.0,0.56,0.19,0.19,2000.0,1085.66,16199.04,6.7
585,2026-03-31T04:41:20.743404,2026-03-31T04:43:00.286557,99543.103,1,10.361,43.721,135.99,25.238,42.55,21.5915,0.0,3,21.207,79.774,232.415,48.172,80.85,39.911,0.0,1,10.002,24.858,129.959,24.024,12.7,18.443,0.0,64.364,56.136,0,44.332,37.053,0,0.0,0.0,0.0,0.51,0.26,0.26,2000.0,1083.35,16199.04,6.69
586,2026-03-31T04:43:02.293093,2026-03-31T04:45:11.073574,128780.429,1,9.282,12.757,70.215,5.88,12.3,1.543856,0.0,3,19.171,47.843,200.622,33.934,30.95,26.79428,0.0,1,9.848,27.601,114.533,24.916,12.95,20.51081,0.0,62.647,46.45,0,,,,0.0,0.0,0.0,0.77,0.26,0.51,2000.0,1086.76,16199.04,6.71
587,2026-03-31T04:45:13.080577,2026-03-31T04:47:19.409201,126328.571,1,10.61,34.355,226.123,33.468,13.5,25.88,0.0,3,19.077,72.658,145.001,32.853,73.75,28.3652,0.0,1,9.543,12.368,33.335,2.374,12.3,1.077808,0.0,53.886,46.307,2,,,,0.0,0.0,0.0,0.77,0.52,0.26,2000.0,1078.98,16199.04,6.66
588,2026-03-31T04:47:21.418907,2026-03-31T04:48:55.882804,94463.84,1,10.353,38.617,86.841,20.294,36.2,18.0114,0.0,3,18.626,22.279,25.576,1.599,22.35,1.33792,0.0,1,9.282,30.599,85.154,20.746,21.85,18.415592,0.0,60.372,53.646,2,75.239,62.686,1,0.0,0.0,0.0,0.51,0.51,0.0,2000.0,1080.46,16199.04,6.67
589,2026-03-31T04:48:57.907408,2026-03-31T04:50:36.913178,99005.731,1,9.926,31.577,83.999,23.583,18.0,21.336058,0.0,3,18.589,46.795,121.732,33.372,24.55,28.8345,0.0,1,8.874,20.607,105.644,19.378,12.4,13.652076,0.0,45.281,30.905,0,57.043,49.205,0,0.0,0.0,0.0,0.26,0.0,0.26,2000.0,1083.31,16199.04,6.69
590,2026-03-31T04:50:38.977951,2026-03-31T04:53:07.401611,148423.617,1,10.256,41.975,93.595,22.028,41.55,20.045,0.0,3,19.225,53.578,186.155,39.537,29.9,34.4922,0.0,1,10.114,21.44,105.383,21.765,12.65,15.12108,0.0,,,,79.677,21.85,0,0.0,0.0,0.0,1.28,0.51,0.77,2000.0,1082.12,16199.04,6.68
591,2026-03-31T04:53:09.434163,2026-03-31T04:55:16.418035,126983.822,1,9.74,39.023,158.584,31.849,24.0,27.315248,0.0,3,18.031,43.169,246.832,37.67,24.0,28.0328,0.0,1,9.454,34.974,110.962,25.296,23.9,22.599,0.0,57.3,48.826,0,,,,0.0,0.0,0.0,0.24,0.0,0.24,2000.0,1079.25,16199.04,6.66
592,2026-03-31T04:55:18.421507,2026-03-31T04:58:00.472060,162050.512,1,9.4,26.964,237.492,30.789,12.95,20.69896,0.0,3,20.521,44.47,266.238,42.917,23.6,32.3115,0.0,1,10.146,12.162,14.908,1.136,12.1,0.96018,0.0,,,,,,,0.0,0.0,0.0,0.26,0.26,0.0,2000.0,1084.81,16199.04,6.7
593,2026-03-31T04:58:02.480469,2026-03-31T05:00:10.457300,127976.786,1,10.011,36.709,137.908,31.238,14.05,27.11504,0.0,3,17.819,77.919,188.53,41.935,83.6,36.09696,0.0,1,9.493,33.256,135.98,26.446,14.6,23.78859,0.0,40.672,32.066,0,,,,0.0,0.0,0.0,0.47,0.24,0.24,2000.0,1082.18,16199.04,6.68
594,2026-03-31T05:00:12.625099,2026-03-31T05:02:28.657878,136032.739,1,10.194,29.328,123.346,26.224,13.2,22.25602,0.0,3,19.088,48.453,188.204,42.732,23.45,35.6852,0.0,1,9.35,31.67,157.226,31.094,13.1,25.064882,0.0,,,,42.074,35.523,0,0.0,0.0,0.0,0.71,0.0,0.47,2000.0,1082.18,16199.04,6.68
595,2026-03-31T05:02:31.421961,2026-03-31T05:04:09.668815,98246.811,1,10.361,39.479,232.02,40.57,14.55,29.9177,0.0,3,18.78,53.066,182.725,42.35,24.05,37.02228,0.0,1,9.708,33.694,164.563,29.759,13.65,24.942702,0.0,62.204,54.136,0,51.457,42.551,0,0.0,0.0,0.0,0.22,0.0,0.0,2000.0,1076.4,16199.04,6.64
596,2026-03-31T05:04:11.671001,2026-03-31T05:05:47.165405,95494.364,1,9.481,29.759,126.587,24.002,13.55,20.938344,0.0,3,19.012,50.861,127.362,35.377,25.2,31.80496,0.0,1,9.451,30.746,124.173,25.343,14.05,21.74396,0.0,51.622,39.507,0,44.713,41.987,4,0.0,0.0,0.0,0.51,0.26,0.26,2000.0,1079.42,16199.04,6.66
597,2026-03-31T05:05:49.166562,2026-03-31T05:07:59.858814,130692.205,1,9.491,25.42,197.772,27.251,12.95,18.848144,0.0,3,19.651,56.945,282.793,50.965,24.35,40.26808,0.0,1,9.717,12.107,15.787,1.15,12.1,0.902388,0.0,,,,22.954,21.286,11,0.0,0.0,0.0,0.51,0.0,0.51,2000.0,1080.32,16199.04,6.67
598,2026-03-31T05:08:02.058083,2026-03-31T05:10:11.523153,129464.999,1,9.816,24.504,217.144,29.285,12.75,18.661232,0.0,3,19.286,22.317,25.746,1.444,22.2,1.21414,0.0,1,10.91,60.172,248.946,37.719,61.8,23.64476,0.0,,,,67.259,58.429,0,0.0,0.0,0.0,0.26,0.26,0.0,2000.0,1081.28,16199.04,6.67
599,2026-03-31T05:10:13.530374,2026-03-31T05:11:57.694482,104164.07,1,9.724,12.358,14.599,1.027,12.5,0.8311,0.0,3,18.547,44.158,150.424,33.22,24.25,27.80248,0.0,1,9.955,41.737,276.262,43.461,22.25,31.398176,0.0,51.821,41.067,0,65.343,47.575,0,0.0,0.0,0.0,0.25,0.25,0.0,2000.0,1079.27,16199.04,6.66
600,2026-03-31T05:11:59.879532,2026-03-31T05:13:36.776002,96896.398,1,9.911,32.584,84.73,24.28,14.45,22.97872,0.0,3,17.926,22.388,26.137,1.525,22.45,1.17072,0.0,1,10.272,40.101,116.426,27.75,36.85,24.44246,0.0,41.984,33.704,0,43.133,37.907,6,0.0,0.0,0.0,0.26,0.0,0.26,2000.0,1079.11,16199.04,6.66
601,2026-03-31T05:13:39.082916,2026-03-31T05:16:11.294132,152211.19,1,9.63,50.617,189.387,40.528,49.85,30.8677,0.0,3,18.62,65.751,198.902,47.516,42.65,43.17016,0.0,1,9.551,45.456,127.682,22.227,48.9,18.9145,0.0,,,,,,,0.0,0.0,0.0,0.51,0.25,0.25,2000.0,1085.62,16199.04,6.7
602,2026-03-31T05:16:13.294578,2026-03-31T05:17:50.713594,97418.983,1,9.363,26.62,115.269,24.139,12.75,20.171584,0.0,3,18.727,22.059,26.387,1.643,21.95,1.3352,0.0,1,9.518,38.998,103.75,23.714,37.4,21.69755,0.0,64.658,41.113,0,62.632,52.109,0,0.0,0.0,0.0,0.0,0.0,0.0,2000.0,1075.11,16199.04,6.64
603,2026-03-31T05:17:52.716805,2026-03-31T05:19:28.214509,95497.657,1,10.11,42.097,102.2,21.541,41.8,19.19894,0.0,3,17.876,50.382,147.073,34.756,35.4,29.91712,0.0,1,8.943,14.18,94.118,10.955,12.0,4.3061,0.0,55.946,39.228,1,57.699,49.723,0,0.0,0.0,0.0,0.26,0.0,0.26,2000.0,1078.81,16199.04,6.66
604,2026-03-31T05:19:30.219834,2026-03-31T05:21:32.229196,122009.334,1,9.545,34.373,84.072,23.205,29.9,21.38495,0.0,3,19.663,65.618,183.623,41.883,64.9,36.579,0.0,1,10.336,56.282,125.326,20.016,61.9,14.58328,0.0,82.47,73.644,0,,,,0.0,0.0,0.0,0.24,0.0,0.24,2000.0,1081.58,16199.04,6.68
605,2026-03-31T05:21:34.292455,2026-03-31T05:23:43.108178,128815.679,1,9.23,14.479,100.153,11.915,12.3,4.448212,0.0,3,17.976,78.511,564.613,66.164,71.1,40.4816,0.0,1,10.148,45.143,176.089,34.229,41.75,26.86936,0.0,,,,43.361,35.975,0,0.0,0.0,0.0,0.69,0.23,0.23,2000.0,1079.55,16199.04,6.66
606,2026-03-31T05:23:45.226921,2026-03-31T05:25:24.306004,99079.034,1,8.951,26.42,195.194,28.261,12.95,20.147742,0.0,3,17.713,70.545,209.233,48.054,61.5,40.42852,0.0,1,11.195,64.179,199.891,30.643,62.9,19.421,0.0,67.416,55.525,0,21.777,17.811,3,0.0,0.0,0.0,0.26,0.0,0.26,2000.0,1083.71,16199.04,6.69
607,2026-03-31T05:25:26.316087,2026-03-31T05:27:00.551790,94235.616,1,9.388,51.566,131.34,21.411,61.35,17.175074,0.0,3,25.936,89.311,217.312,38.917,88.9,29.202,0.0,1,18.059,61.078,188.487,27.141,62.5,16.58304,0.0,56.064,48.184,0,50.886,34.898,1,0.0,0.0,0.0,0.26,0.0,0.0,2000.0,1082.94,16199.04,6.69
608,2026-03-31T05:27:02.555460,2026-03-31T05:29:08.455899,125900.387,1,12.337,54.858,186.745,26.856,59.95,18.9147,0.0,3,17.348,27.376,150.138,20.447,22.35,9.34724,0.0,1,9.472,45.791,122.28,24.983,50.8,21.401336,0.0,15.443,11.55,0,,,,0.0,0.0,0.0,0.26,0.0,0.26,2000.0,1084.01,16199.04,6.69
609,2026-03-31T05:29:10.464740,2026-03-31T05:31:18.402686,127937.887,1,10.131,50.671,419.345,55.024,46.1,36.6354,0.0,3,19.781,88.95,258.554,41.783,95.0,31.73866,0.0,1,9.354,17.531,114.112,15.726,12.4,9.2684,0.0,77.394,68.236,0,,,,0.0,0.0,0.0,0.47,0.0,0.47,2000.0,1083.33,16199.04,6.69
610,2026-03-31T05:31:20.476998,2026-03-31T05:33:30.488449,130011.416,1,9.88,12.629,15.013,0.999,12.6,0.794272,0.0,3,18.893,37.242,173.383,33.575,23.3,23.45248,0.0,1,10.593,49.598,209.279,29.733,55.05,22.286,0.0,,,,55.088,45.648,0,0.0,0.0,0.0,0.5,0.0,0.5,2000.0,1079.47,16199.04,6.66
611,2026-03-31T05:33:32.538115,2026-03-31T05:35:05.754096,93215.93,1,10.259,54.452,179.082,29.814,61.8,22.27158,0.0,3,18.413,29.929,125.627,23.232,22.6,13.7101,0.0,1,8.863,21.93,103.959,21.84,12.35,15.831232,0.0,70.026,65.388,2,73.236,65.104,0,0.0,0.0,0.0,0.22,0.22,0.0,2000.0,1077.64,16199.04,6.65
612,2026-03-31T05:35:07.756418,2026-03-31T05:37:13.361400,125604.948,1,9.412,23.839,111.744,22.279,12.75,17.509044,0.0,3,17.4,44.707,189.305,38.25,23.2,31.2268,0.0,1,8.811,25.183,116.333,24.254,12.6,19.0451,0.0,61.839,47.68,1,,,,0.0,0.0,0.0,0.51,0.0,0.26,2000.0,1082.82,16199.04,6.68
613,2026-03-31T05:37:15.362820,2026-03-31T05:39:21.139525,125776.659,1,9.618,36.792,128.177,28.311,26.9,24.27882,0.0,3,25.99,81.218,208.571,34.814,84.45,29.05866,0.0,1,11.541,62.066,168.675,32.66,62.55,20.98824,0.0,,,,53.701,51.156,2,0.0,0.0,0.0,0.49,0.25,0.25,2000.0,1085.45,16199.04,6.7
614,2026-03-31T05:39:23.141001,2026-03-31T05:41:01.073820,97932.77,1,8.666,25.094,112.047,22.491,12.95,18.104128,0.0,3,21.583,78.962,187.618,37.377,83.7,31.34192,0.0,1,9.844,14.938,84.758,12.054,12.25,5.14394,0.0,49.967,41.375,0,74.507,61.164,0,0.0,0.0,0.0,0.51,0.26,0.26,2000.0,1085.82,16199.04,6.7
615,2026-03-31T05:41:03.122827,2026-03-31T05:42:47.289935,104167.061,1,9.183,27.748,131.395,26.186,12.8,21.24736,0.0,3,21.835,76.576,176.095,33.09,79.95,28.07214,0.0,1,11.094,52.689,127.808,24.68,60.8,19.55648,0.0,72.633,47.099,0,43.452,37.278,0,0.0,0.0,0.0,0.5,0.0,0.5,2000.0,1093.93,16199.04,6.75
616,2026-03-31T05:42:49.301612,2026-03-31T05:45:23.608648,154306.985,1,10.114,46.77,120.494,21.986,52.55,18.93076,0.0,3,18.628,23.039,87.922,7.164,22.2,2.368,0.0,1,9.196,12.09,16.937,1.16,12.1,0.88759,0.0,,,,,,,0.0,0.0,0.0,0.51,0.26,0.26,2000.0,1090.35,16199.04,6.73
617,2026-03-31T05:45:25.752417,2026-03-31T05:47:32.817617,127065.154,1,10.101,37.072,103.334,25.103,31.75,22.58744,0.0,3,21.245,79.424,210.668,36.501,84.75,29.773,0.0,1,12.953,49.306,113.752,22.426,52.4,18.4793,0.0,,,,27.6,23.428,0,0.0,0.0,0.0,0.51,0.0,0.51,2000.0,1089.99,16199.04,6.73
618,2026-03-31T05:47:34.821476,2026-03-31T05:49:46.482392,131660.87,1,9.851,37.034,128.245,29.398,20.8,25.689996,0.0,3,18.82,28.749,126.217,20.33,22.65,11.1024,0.0,1,9.576,12.068,15.146,1.07,12.1,0.861802,0.0,,,,63.099,50.619,0,0.0,0.0,0.0,0.51,0.0,0.51,2000.0,1078.56,16199.04,6.66
619,2026-03-31T05:49:48.518485,2026-03-31T05:51:58.537151,130018.626,1,10.827,62.065,174.258,37.585,62.4,27.1921,0.0,3,19.31,86.504,314.586,58.052,95.4,45.7741,0.0,1,10.045,58.792,305.75,58.785,52.5,40.37796,0.0,,,,48.4,43.238,1,0.0,0.0,0.0,0.52,0.0,0.52,2000.0,1078.55,16199.04,6.66
620,2026-03-31T05:52:00.674432,2026-03-31T05:53:44.830328,104155.846,1,9.756,51.977,166.99,35.921,56.4,28.43644,0.0,3,18.685,32.073,137.4,26.739,22.8,16.08992,0.0,1,10.264,12.35,14.269,0.923,12.35,0.739,0.0,29.492,24.939,0,34.071,26.928,0,0.0,0.0,0.0,0.26,0.26,0.0,2000.0,1085.78,16199.04,6.7
621,2026-03-31T05:53:46.854544,2026-03-31T05:55:21.329772,94475.178,1,10.117,36.689,83.983,22.634,32.8,20.88388,0.0,3,17.321,22.176,25.494,1.466,22.15,1.114,0.0,1,9.968,31.447,105.237,22.83,21.55,19.715142,0.0,73.736,62.679,0,42.481,36.329,0,0.0,0.0,0.0,0.46,0.23,0.23,2000.0,1083.59,16199.04,6.69
622,2026-03-31T05:55:23.446067,2026-03-31T05:56:56.115658,92669.538,1,9.218,37.5,177.499,33.412,14.7,27.704442,0.0,3,23.481,97.658,230.837,44.344,99.95,33.16032,0.0,1,9.665,48.043,110.381,22.723,52.6,18.837874,0.0,53.12,43.529,1,65.15,53.145,0,0.0,0.0,0.0,0.23,0.23,0.0,2000.0,1079.42,16199.04,6.66
623,2026-03-31T05:56:58.116910,2026-03-31T05:58:44.605791,106488.833,1,9.271,38.651,77.958,22.084,36.7,20.416394,0.0,3,20.429,67.137,146.946,34.695,59.0,30.78696,0.0,1,9.705,30.195,178.083,30.257,13.3,22.649254,0.0,51.679,26.401,0,51.673,38.909,0,0.0,0.0,0.0,0.98,0.49,0.24,2000.0,1101.92,16199.04,6.8
624,2026-03-31T05:58:46.606871,2026-03-31T06:01:01.498909,134891.998,1,9.866,36.634,445.652,46.762,23.3,25.208158,0.0,3,22.233,88.122,158.99,33.58,97.9,28.04988,0.0,1,9.171,16.644,63.92,12.862,12.35,7.784604,0.0,,,,34.991,21.638,8,0.0,0.0,0.0,0.0,0.0,0.0,2000.0,1089.13,16199.04,6.72
625,2026-03-31T06:01:03.505894,2026-03-31T06:03:34.913240,151407.303,1,9.989,43.788,167.964,34.42,41.75,28.8351,0.0,3,19.197,56.001,148.986,36.149,48.75,31.65112,0.0,1,10.01,30.876,105.177,26.059,13.25,23.12372,0.0,,,,49.007,16.692,0,0.0,0.0,0.0,0.48,0.24,0.0,2000.0,1097.66,16199.04,6.78
626,2026-03-31T06:03:37.059065,2026-03-31T06:06:14.022769,156963.65,1,9.257,55.648,262.962,42.243,55.55,26.921272,0.0,3,18.786,22.461,26.017,1.567,22.3,1.28204,0.0,1,9.202,12.29,15.036,1.206,12.3,0.932586,0.0,,,,,,,0.0,0.0,0.0,0.76,0.25,0.25,2000.0,1092.5,16199.04,6.74
627,2026-03-31T06:06:16.023478,2026-03-31T06:07:48.794044,92770.514,1,9.802,42.019,143.452,30.51,37.5,25.68616,0.0,3,17.463,21.76,25.12,1.58,21.8,1.28782,0.0,1,9.51,36.306,105.028,25.272,30.35,23.187104,0.0,57.925,50.302,2,58.95,57.067,3,0.0,0.0,0.0,0.75,0.25,0.25,2000.0,1082.97,16199.04,6.69
628,2026-03-31T06:07:50.826367,2026-03-31T06:09:51.552722,120726.301,1,11.56,53.179,189.637,28.65,59.9,21.90652,0.0,3,18.007,46.567,147.827,36.78,23.85,31.37176,0.0,1,10.687,54.366,183.361,29.283,62.45,21.66254,0.0,50.31,41.351,0,38.052,13.641,1,0.0,0.0,0.0,0.77,0.26,0.51,2000.0,1079.08,16199.04,6.66
629,2026-03-31T06:09:53.831948,2026-03-31T06:11:39.121144,105289.157,1,8.596,47.444,157.55,34.029,52.4,28.279452,0.0,3,19.989,61.225,220.933,44.937,35.7,39.36224,0.0,1,10.256,24.599,160.317,24.007,12.8,17.68704,0.0,37.41,31.232,0,46.691,37.66,0,0.0,0.0,0.0,0.51,0.0,0.51,2000.0,1074.41,16199.04,6.63
630,2026-03-31T06:11:41.122684,2026-03-31T06:13:15.840579,94717.852,1,10.495,41.867,190.248,32.845,34.15,27.07244,0.0,3,19.174,73.637,346.669,53.153,72.35,41.85416,0.0,1,10.293,34.162,149.148,28.293,24.8,22.0624,0.0,68.347,60.077,0,28.488,24.406,0,0.0,0.0,0.0,0.75,0.25,0.5,2000.0,1079.43,16199.04,6.66
631,2026-03-31T06:13:17.862355,2026-03-31T06:15:05.222560,107360.155,1,10.919,57.605,189.45,28.172,60.9,18.93,0.0,3,18.528,43.091,198.816,40.96,22.9,30.406,0.0,1,8.928,13.457,63.073,7.87,12.1,2.972404,0.0,54.398,38.794,0,40.26,33.596,0,0.0,0.0,0.0,0.24,0.0,0.24,2000.0,1080.9,16199.04,6.67
632,2026-03-31T06:15:07.469759,2026-03-31T06:16:46.885458,99415.648,1,11.487,53.416,210.59,35.821,54.45,24.79504,0.0,3,18.459,37.389,147.223,30.839,23.8,22.69938,0.0,1,9.177,26.533,131.264,24.915,13.3,19.522624,0.0,39.158,33.753,0,53.838,46.327,0,0.0,0.0,0.0,0.24,0.0,0.24,2000.0,1077.72,16199.04,6.65
633,2026-03-31T06:16:49.086972,2026-03-31T06:18:38.858765,109771.742,1,9.427,40.756,158.05,33.229,21.9,29.262364,0.0,3,18.874,57.417,189.166,46.414,23.3,42.12256,0.0,1,9.364,12.186,14.915,1.16,12.25,0.893116,0.0,52.107,43.344,0,48.76,23.812,0,0.0,0.0,0.0,0.45,0.0,0.45,2000.0,1084.08,16199.04,6.69
634,2026-03-31T06:18:40.897744,2026-03-31T06:20:27.304945,106407.167,1,9.493,28.804,115.062,25.024,13.0,20.893908,0.0,3,18.952,96.968,325.566,51.449,92.85,34.68606,0.0,1,10.462,39.776,304.982,52.188,13.3,34.99978,0.0,33.535,24.017,1,48.224,40.941,0,0.0,0.0,0.0,0.25,0.25,0.0,2000.0,1089.41,16199.04,6.73
635,2026-03-31T06:20:29.601651,2026-03-31T06:22:39.257430,129655.74,1,9.999,27.103,120.115,24.768,13.15,20.27058,0.0,3,21.419,78.838,187.562,32.538,81.85,26.83504,0.0,1,9.827,24.187,120.591,22.264,12.9,17.3133,0.0,56.487,47.991,0,,,,0.0,0.0,0.0,0.26,0.26,0.0,2000.0,1103.82,16199.04,6.81
636,2026-03-31T06:22:41.262258,2026-03-31T06:24:47.534716,126272.423,1,10.19,39.055,125.798,27.675,31.7,24.63664,0.0,3,21.928,88.823,199.272,39.422,95.65,31.24504,0.0,1,11.449,52.65,135.556,22.927,62.1,18.03174,0.0,,,,55.798,46.706,0,0.0,0.0,0.0,0.51,0.25,0.25,2000.0,1089.59,16199.04,6.73
637,2026-03-31T06:24:49.537745,2026-03-31T06:26:25.669279,96131.5,1,10.309,29.182,277.554,35.541,12.6,23.94902,0.0,3,25.21,101.138,194.425,37.247,104.5,26.07936,0.0,1,11.436,70.631,302.073,45.701,62.7,25.0372,0.0,52.686,42.269,0,65.25,56.99,0,0.0,0.0,0.0,0.0,0.0,0.0,2000.0,1078.97,16199.04,6.66
638,2026-03-31T06:26:27.786098,2026-03-31T06:28:04.137495,96351.348,1,11.556,50.361,135.329,21.983,56.15,17.56,0.0,3,18.389,34.21,168.152,29.415,22.8,19.53,0.0,1,9.632,52.1,104.71,22.474,58.75,18.207622,0.0,58.238,50.17,2,32.594,25.559,3,0.0,0.0,0.0,0.0,0.0,0.0,2000.0,1093.43,16199.04,6.75
639,2026-03-31T06:28:06.139325,2026-03-31T06:30:42.618262,156478.892,1,10.882,63.955,274.265,47.244,57.6,28.53288,0.0,3,19.072,28.603,114.18,20.212,22.45,11.1329,0.0,1,9.904,30.063,138.222,31.419,13.1,24.80136,0.0,,,,44.183,13.128,5,0.0,0.5,0.0,0.23,0.23,0.0,2000.0,1090.34,16199.04,6.73
640,2026-03-31T06:30:44.664822,2026-03-31T06:32:19.038787,94373.876,1,10.985,47.503,124.167,24.579,49.75,20.64658,0.0,3,21.015,94.61,491.722,71.579,87.85,41.9076,0.0,1,10.235,55.699,115.393,24.515,61.2,18.79616,0.0,47.091,40.79,3,40.335,34.281,0,0.0,0.5,0.0,0.25,0.25,0.0,2000.0,1080.67,16199.04,6.67
641,2026-03-31T06:32:21.148503,2026-03-31T06:34:00.307152,99158.6,1,9.821,32.683,148.335,27.234,14.2,23.725072,0.0,3,17.885,56.893,192.933,47.777,24.15,42.0936,0.0,1,10.73,38.036,115.669,23.397,32.4,19.53504,0.0,29.173,23.421,2,51.465,43.373,0,0.0,0.0,0.0,0.26,0.0,0.26,2000.0,1091.32,16199.04,6.74
642,2026-03-31T06:34:02.314398,2026-03-31T06:35:33.895953,91581.494,1,9.494,43.859,93.296,25.949,51.45,23.352228,0.0,3,21.631,82.86,168.875,37.392,93.55,32.1892,0.0,1,10.402,50.19,137.146,25.692,59.55,20.56964,0.0,56.975,50.916,2,51.149,43.607,0,0.0,0.0,0.0,0.5,0.0,0.5,2000.0,1079.62,16199.04,6.66
643,2026-03-31T06:35:35.916148,2026-03-31T06:37:08.454020,92537.834,1,9.393,35.782,129.748,28.006,16.7,24.819826,0.0,3,21.237,83.045,178.156,33.22,92.55,28.13444,0.0,1,10.903,43.507,127.505,25.802,44.35,22.545,0.0,55.88,46.423,0,28.76,25.432,2,0.0,0.0,0.0,0.51,0.26,0.26,2000.0,1077.96,16199.04,6.65
644,2026-03-31T06:37:10.457425,2026-03-31T06:39:35.207599,144750.133,1,9.573,35.826,128.268,23.712,32.7,20.951722,0.0,3,18.831,76.963,149.705,35.569,89.45,31.41596,0.0,1,9.546,50.753,118.514,22.468,61.8,18.79777,0.0,,,,33.913,8.794,0,0.0,0.0,0.0,0.98,0.24,0.49,2000.0,1084.22,16199.04,6.69
645,2026-03-31T06:39:37.209144,2026-03-31T06:42:23.079127,165869.95,1,9.126,11.145,15.391,1.395,10.65,1.17158,0.0,3,19.441,28.574,105.116,18.16,23.1,10.07906,0.0,1,9.969,52.942,178.47,31.639,55.5,23.276188,0.0,,,,,,,0.0,0.0,0.0,0.71,0.24,0.48,2000.0,1083.42,16199.04,6.69
646,2026-03-31T06:42:25.185535,2026-03-31T06:44:34.463217,129277.644,1,9.461,44.39,198.628,30.947,54.7,25.581392,0.0,3,18.815,60.615,168.171,39.419,46.15,35.33168,0.0,1,10.009,31.418,115.206,25.923,13.7,22.66534,0.0,51.711,48.042,2,,,,0.0,0.0,0.0,0.51,0.26,0.26,2000.0,1094.33,16199.04,6.76
647,2026-03-31T06:44:36.467233,2026-03-31T06:46:16.792211,100324.933,1,9.176,45.836,104.639,23.803,51.5,20.218908,0.0,3,19.476,23.124,28.501,1.57,23.2,1.22844,0.0,1,10.446,40.637,104.67,23.456,46.9,21.13448,0.0,30.752,22.256,3,48.626,40.66,2,0.0,0.0,0.0,0.5,0.25,0.25,2000.0,1079.25,16199.04,6.66
648,2026-03-31T06:46:18.821745,2026-03-31T06:47:58.862671,100040.89,1,10.079,39.883,94.85,23.395,37.95,21.06972,0.0,3,18.786,25.137,105.795,12.664,22.5,5.17896,0.0,1,9.293,28.752,85.628,22.194,13.3,20.12629,0.0,63.084,38.549,0,57.614,54.523,7,0.0,0.0,0.0,0.0,0.0,0.0,2000.0,1078.72,16199.04,6.66
649,2026-03-31T06:48:01.073562,2026-03-31T06:49:45.557970,104484.362,1,9.42,36.644,117.124,26.034,30.9,23.490072,0.0,3,24.067,90.473,230.321,36.563,92.35,27.10256,0.0,1,8.879,20.755,151.003,23.224,11.95,14.916926,0.0,43.264,32.517,1,29.245,17.829,4,0.0,0.0,0.0,0.0,0.0,0.0,2000.0,1084.12,16199.04,6.69
650,2026-03-31T06:49:48.126413,2026-03-31T06:51:27.515579,99389.115,1,9.508,30.716,96.848,23.513,13.9,20.763002,0.0,3,19.023,28.79,167.786,22.418,22.3,11.7264,0.0,1,10.003,30.741,121.353,25.899,13.8,22.0147,0.0,13.777,8.486,1,43.457,37.731,1,0.0,0.0,0.0,0.26,0.26,0.0,2000.0,1081.51,16199.04,6.68
651,2026-03-31T06:51:29.527020,2026-03-31T06:53:37.006781,127479.717,1,9.932,39.437,105.126,26.533,37.6,24.4627,0.0,3,19.298,64.727,167.881,40.578,61.15,35.81256,0.0,1,9.586,46.81,146.249,28.601,49.25,23.631742,0.0,,,,39.362,32.934,0,0.0,0.0,0.0,1.28,0.51,0.77,2000.0,1079.14,16199.04,6.66
652,2026-03-31T06:53:39.055523,2026-03-31T06:55:52.870514,133814.936,1,8.967,46.708,115.08,23.339,52.65,19.837386,0.0,3,19.188,71.676,178.282,36.275,67.3,30.88008,0.0,1,9.698,26.43,94.419,22.509,13.1,19.10674,0.0,,,,24.584,10.487,0,0.0,0.0,0.0,0.25,0.0,0.25,2000.0,1086.31,16199.04,6.71
653,2026-03-31T06:55:55.116749,2026-03-31T06:58:29.031457,153914.681,1,9.019,39.153,158.497,26.822,31.9,23.36152,0.0,3,20.117,65.72,168.115,36.336,62.55,32.26954,0.0,1,9.565,27.583,143.879,27.032,12.6,21.444,0.0,,,,,,,0.0,0.0,0.0,0.5,0.25,0.25,2000.0,1095.51,16199.04,6.76
654,2026-03-31T06:58:31.038143,2026-03-31T07:00:05.680490,94642.294,1,10.802,55.173,104.063,18.659,62.1,13.48818,0.0,3,17.412,69.037,149.896,40.895,69.2,37.912,0.0,1,9.661,21.444,96.765,20.12,12.5,14.799168,0.0,65.559,57.284,0,53.26,43.514,0,0.0,0.0,0.0,0.97,0.49,0.49,2000.0,1097.6,16199.04,6.78
655,2026-03-31T07:00:07.834937,2026-03-31T07:01:58.262116,110427.134,1,9.055,11.812,14.384,1.14,11.85,0.9345,0.0,3,17.803,21.548,25.587,1.538,21.65,1.24592,0.0,1,9.135,34.289,136.656,26.802,22.9,23.0887,0.0,72.265,23.3,0,55.383,48.231,0,0.0,0.0,0.0,0.23,0.0,0.23,2000.0,1086.33,16199.04,6.71
656,2026-03-31T07:02:00.313333,2026-03-31T07:04:31.630499,151317.108,1,10.117,45.734,126.021,22.086,49.3,18.49436,0.0,3,22.135,89.144,273.389,42.612,96.65,32.65728,0.0,1,11.173,50.19,146.207,22.215,57.85,17.35134,0.0,,,,,,,0.0,0.0,0.0,1.02,0.51,0.51,2000.0,1101.77,16199.04,6.8
657,2026-03-31T07:04:33.635942,2026-03-31T07:06:06.434582,92798.595,1,9.092,30.291,165.336,27.665,13.3,22.664646,0.0,3,24.196,93.367,239.459,40.071,103.0,30.11096,0.0,1,9.619,45.178,129.673,28.372,51.65,24.522974,0.0,54.476,46.123,0,56.218,45.864,0,0.0,0.0,0.0,0.23,0.0,0.23,2000.0,1082.43,16199.04,6.68
658,2026-03-31T07:06:08.490017,2026-03-31T07:07:43.251480,94761.42,1,9.067,11.923,15.765,1.225,11.8,0.983932,0.0,3,17.833,45.948,159.903,32.72,23.5,28.3353,0.0,1,9.019,11.887,14.841,1.24,11.85,1.0079,0.0,69.823,62.007,0,56.65,48.238,0,0.0,0.0,0.0,0.26,0.0,0.26,2000.0,1078.97,16199.04,6.66
659,2026-03-31T07:07:45.252334,2026-03-31T07:09:19.454038,94201.653,1,9.749,39.433,142.313,28.201,31.0,24.99545,0.0,3,18.623,81.583,173.56,38.708,87.45,32.00876,0.0,1,9.589,48.426,225.913,37.83,49.75,26.5021,0.0,54.733,37.147,0,46.803,39.214,0,0.0,0.0,0.0,0.26,0.0,0.26,2000.0,1078.69,16199.04,6.66
660,2026-03-31T07:09:21.457922,2026-03-31T07:11:31.329618,129871.657,1,9.591,58.421,208.191,35.174,61.95,21.640432,0.0,3,18.568,38.992,152.131,32.415,20.7,26.13368,0.0,1,9.257,11.897,14.504,1.002,11.9,0.790756,0.0,49.662,34.644,0,,,,0.0,0.0,0.0,0.25,0.0,0.25,2000.0,1092.06,16199.04,6.74
661,2026-03-31T07:11:33.331100,2026-03-31T07:13:40.880507,127549.378,1,9.547,52.108,186.332,33.284,60.05,23.407244,0.0,3,18.673,68.8,564.894,87.044,24.0,57.74682,0.0,1,10.108,40.096,135.523,28.88,36.45,26.33188,0.0,,,,51.996,43.679,1,0.0,0.0,0.0,0.47,0.0,0.24,2000.0,1078.02,16199.04,6.65
662,2026-03-31T07:13:43.240720,2026-03-31T07:15:46.908517,123667.746,1,10.677,54.547,146.88,30.589,59.15,23.5042,0.0,3,19.837,71.562,251.455,50.605,68.8,42.92264,0.0,1,11.13,45.292,126.683,21.403,49.35,18.38324,0.0,62.09,53.557,0,,,,0.0,0.0,0.0,0.25,0.0,0.0,2000.0,1083.17,16199.04,6.69
663,2026-03-31T07:15:48.956927,2026-03-31T07:17:54.648446,125691.467,1,9.11,12.329,33.379,3.191,11.8,1.462988,0.0,3,19.482,69.368,147.247,32.594,65.05,29.24044,0.0,1,9.4,12.534,38.226,3.037,12.2,1.342466,0.0,56.726,49.934,1,,,,0.0,0.0,0.0,0.51,0.0,0.51,2000.0,1082.27,16199.04,6.68
664,2026-03-31T07:17:56.654742,2026-03-31T07:19:34.046215,97391.429,1,9.959,38.126,210.088,34.984,14.05,27.66112,0.0,3,19.103,70.808,158.961,39.096,72.05,34.7756,0.0,1,9.997,20.679,123.988,19.553,12.5,13.28792,0.0,62.64,54.513,0,52.815,45.223,0,0.0,0.0,0.0,0.73,0.24,0.49,2000.0,1076.18,16199.04,6.64
665,2026-03-31T07:19:36.047785,2026-03-31T07:21:10.790273,94742.44,1,9.933,15.038,91.116,12.652,12.2,5.285424,0.0,3,19.054,49.381,157.297,33.61,30.15,28.9596,0.0,1,10.337,53.421,189.496,27.511,58.55,19.9288,0.0,47.361,39.648,0,51.842,42.346,2,0.0,0.0,0.0,0.77,0.26,0.51,2000.0,1077.08,16199.04,6.65
666,2026-03-31T07:21:12.803115,2026-03-31T07:22:46.869696,94066.542,1,8.871,11.837,15.077,1.337,11.6,1.093758,0.0,3,19.107,65.371,176.992,42.194,61.45,38.71332,0.0,1,9.068,22.35,105.645,22.258,12.1,16.65088,0.0,60.619,50.561,0,56.451,48.375,0,0.0,0.0,0.0,0.26,0.0,0.26,2000.0,1076.9,16199.04,6.65
667,2026-03-31T07:22:48.874453,2026-03-31T07:24:28.348305,99473.789,1,9.367,44.396,102.084,24.082,50.1,21.40459,0.0,3,19.374,89.702,350.677,55.036,92.15,41.85952,0.0,1,9.676,50.763,159.398,29.481,52.4,23.055216,0.0,35.983,29.258,2,58.097,40.217,5,0.0,0.0,0.0,0.25,0.25,0.0,2000.0,1075.31,16199.04,6.64
668,2026-03-31T07:24:30.353720,2026-03-31T07:26:32.129383,121775.604,1,10.571,44.698,127.834,27.477,47.5,23.6043,0.0,3,22.651,102.305,199.246,36.743,105.0,26.49034,0.0,1,10.183,56.261,158.044,29.315,62.45,20.82404,0.0,54.588,45.533,0,,,,0.0,0.0,0.0,0.51,0.0,0.25,2000.0,1080.9,16199.04,6.67
669,2026-03-31T07:26:34.141970,2026-03-31T07:28:38.457912,124315.887,1,9.151,41.215,144.985,25.113,38.05,21.49383,0.0,3,20.369,68.935,206.579,39.097,69.95,32.6479,0.0,1,9.786,23.775,84.169,21.44,12.5,17.445,0.0,52.556,49.772,3,,,,0.0,0.0,0.0,0.0,0.0,0.0,2000.0,1087.51,16199.04,6.71
670,2026-03-31T07:28:40.472407,2026-03-31T07:30:17.533636,97061.18,1,9.227,12.402,45.383,3.542,12.05,1.35782,0.0,3,22.076,88.86,212.512,39.643,94.7,32.13172,0.0,1,11.246,52.874,116.463,21.507,61.95,17.03114,0.0,53.2,43.696,6,58.707,47.346,0,0.0,0.0,0.0,0.77,0.26,0.51,2000.0,1083.92,16199.04,6.69
671,2026-03-31T07:30:19.595536,2026-03-31T07:32:29.146140,129550.562,1,9.783,45.755,143.376,25.324,51.85,21.182388,0.0,3,18.955,38.518,132.496,28.895,22.8,23.1752,0.0,1,9.202,33.684,111.095,26.539,13.85,24.007692,0.0,53.046,40.918,4,,,,0.0,0.0,0.0,0.24,0.0,0.24,2000.0,1088.48,16199.04,6.72
672,2026-03-31T07:32:31.199052,2026-03-31T07:34:41.085739,129886.649,1,11.193,56.689,168.779,26.18,62.1,18.89772,0.0,3,19.48,43.641,190.056,39.094,23.8,30.425,0.0,1,10.648,51.029,191.632,35.017,55.35,26.65738,0.0,,,,36.877,27.381,2,0.0,0.0,0.0,0.25,0.25,0.0,2000.0,1082.06,16199.04,6.68
673,2026-03-31T07:34:43.088441,2026-03-31T07:36:19.858173,96769.678,1,10.5,48.172,157.448,25.977,51.0,20.26744,0.0,3,20.859,72.428,200.487,36.218,65.05,31.06792,0.0,1,10.275,48.242,160.719,28.293,57.9,23.36516,0.0,22.58,21.92,6,13.751,9.946,7,0.0,0.0,0.0,0.49,0.25,0.25,2000.0,1089.54,16199.04,6.73
674,2026-03-31T07:36:21.867067,2026-03-31T07:38:31.544381,129677.267,1,10.128,47.682,162.928,28.121,52.4,22.20836,0.0,3,23.845,89.86,330.397,49.171,97.1,36.94624,0.0,1,10.599,45.449,168.059,35.871,39.55,28.48072,0.0,,,,17.75,11.843,6,0.0,0.0,0.0,0.51,0.0,0.51,2000.0,1092.06,16199.04,6.74
675,2026-03-31T07:38:33.546358,2026-03-31T07:40:12.626432,99080.001,1,9.651,30.586,94.596,24.748,13.35,21.73902,0.0,3,20.141,69.419,267.334,45.436,59.65,38.98416,0.0,1,14.785,62.601,127.018,20.338,62.4,13.26412,0.0,20.337,18.493,6,17.267,14.801,16,0.0,0.0,0.0,0.77,0.26,0.51,2000.0,1096.86,16199.04,6.77
676,2026-03-31T07:40:14.637963,2026-03-31T07:41:45.601651,90963.634,1,12.275,54.984,135.352,22.8,62.2,17.0044,0.0,3,22.233,86.631,190.16,35.485,94.7,28.76682,0.0,1,12.35,64.622,203.148,30.59,62.6,19.2507,0.0,24.028,20.494,9,28.525,27.126,12,0.0,0.0,0.0,0.51,0.26,0.0,2000.0,1095.56,16199.04,6.76
677,2026-03-31T07:41:47.629336,2026-03-31T07:43:26.780210,99150.827,1,8.874,52.053,110.451,19.927,61.85,15.883818,0.0,3,19.609,53.702,125.832,34.794,38.25,31.652,0.0,1,10.177,53.43,135.524,25.017,60.3,18.87616,0.0,22.073,19.193,5,26.243,23.491,2,0.0,0.0,0.0,0.48,0.0,0.48,2000.0,1095.96,16199.04,6.77
678,2026-03-31T07:43:28.831305,2026-03-31T07:45:08.508124,99676.767,1,10.942,46.83,128.68,27.637,52.1,22.6804,0.0,3,19.738,77.505,199.601,48.382,83.45,42.08372,0.0,1,9.891,40.385,153.435,27.004,37.7,23.555658,0.0,16.164,13.7,19,17.359,16.597,11,0.0,0.0,0.0,0.77,0.0,0.51,2000.0,1092.31,16199.04,6.74
679,2026-03-31T07:45:10.509067,2026-03-31T07:46:55.152717,104643.594,1,11.749,52.911,148.643,26.052,52.35,19.7868,0.0,3,21.18,88.262,242.426,39.882,93.75,29.3384,0.0,1,12.606,66.834,238.924,34.62,62.55,20.32548,0.0,18.48,12.887,23,16.899,12.656,19,0.0,0.0,0.0,0.7,0.47,0.23,2000.0,1089.36,16199.04,6.72
680,2026-03-31T07:46:57.361587,2026-03-31T07:48:33.910244,96548.593,1,10.254,49.168,198.235,31.142,48.75,23.148,0.0,3,21.332,76.909,145.961,35.886,78.8,31.5242,0.0,1,11.929,55.186,134.402,20.203,61.7,14.8083,0.0,13.906,10.628,9,20.759,14.972,27,0.0,0.0,0.0,0.52,0.26,0.26,2000.0,1090.61,16199.04,6.73
681,2026-03-31T07:48:35.921292,2026-03-31T07:50:17.356189,101434.848,1,8.804,31.138,154.301,28.635,13.15,23.45737,0.0,3,19.469,80.006,310.425,56.013,76.95,45.08584,0.0,1,11.135,50.535,136.139,27.411,55.4,21.53224,0.0,24.959,16.117,1,14.93,13.137,15,0.0,0.0,0.0,0.74,0.0,0.74,2000.0,1093.27,16199.04,6.75
682,2026-03-31T07:50:19.393580,2026-03-31T07:51:58.402399,99008.779,1,10.576,49.827,89.797,18.43,58.9,15.86316,0.0,3,18.413,39.384,136.018,31.513,23.4,24.593,0.0,1,9.935,41.435,145.972,25.181,51.85,22.64576,0.0,50.647,41.983,0,21.107,15.706,30,0.0,0.0,0.0,1.03,0.0,1.03,2000.0,1088.83,16199.04,6.72
683,2026-03-31T07:52:00.406572,2026-03-31T07:53:48.801780,108395.177,1,11.595,56.044,127.183,24.298,61.5,17.392,0.0,3,22.018,88.502,415.759,63.0,88.55,44.87,0.0,1,10.375,36.055,146.282,32.497,14.25,27.7088,0.0,20.342,14.756,8,20.655,10.071,44,0.0,0.0,0.0,0.51,0.25,0.25,2000.0,1094.4,16199.04,6.76
684,2026-03-31T07:53:51.299519,2026-03-31T07:55:28.505863,97206.292,1,10.252,38.241,166.227,26.511,30.75,22.7382,0.0,3,19.705,73.755,233.675,42.11,79.85,36.8604,0.0,1,11.728,64.075,195.55,32.28,62.35,19.81166,0.0,26.613,23.61,53,33.458,26.879,17,0.0,0.0,0.0,1.23,0.49,0.49,2000.0,1090.19,16199.04,6.73
685,2026-03-31T07:55:30.681594,2026-03-31T07:57:11.604235,100922.578,1,9.87,26.66,99.749,22.498,13.2,18.755746,0.0,3,19.781,61.44,263.315,44.269,41.5,37.76264,0.0,1,11.687,50.56,176.652,24.699,55.75,18.31328,0.0,17.081,16.455,27,16.433,12.917,29,0.0,0.0,0.0,2.96,1.08,0.81,2000.0,1090.63,16199.04,6.73
686,2026-03-31T07:57:13.687207,2026-03-31T07:58:57.567350,103880.092,1,12.657,113.74,1053.145,150.762,73.15,87.54268,0.0,3,21.668,85.647,262.455,53.751,72.95,41.21776,0.0,1,10.296,28.485,116.418,23.861,14.4,20.1296,0.0,22.579,16.185,20,18.926,14.432,22,0.0,0.0,0.0,0.76,0.25,0.51,2000.0,1084.08,16199.04,6.69
687,2026-03-31T07:58:59.570505,2026-03-31T08:00:40.834796,101264.194,1,12.666,57.812,126.854,21.294,62.0,15.35092,0.0,3,19.463,80.489,289.541,46.619,91.1,37.95556,0.0,1,10.866,38.839,267.222,47.046,18.55,30.48576,0.0,20.795,18.338,33,11.941,11.381,23,0.0,0.0,0.0,3.17,1.06,1.06,2000.0,1084.02,16199.04,6.69
688,2026-03-31T08:00:42.916410,2026-03-31T08:02:32.586229,109669.747,1,12.429,52.944,216.367,36.151,51.3,26.09676,0.0,3,19.146,69.84,156.246,42.817,70.2,38.14842,0.0,1,9.936,31.342,83.749,22.523,20.95,20.63288,0.0,33.963,27.18,0,13.518,8.832,9,0.0,0.0,0.0,0.77,0.26,0.51,2000.0,1093.47,16199.04,6.75
689,2026-03-31T08:02:34.594670,2026-03-31T08:04:10.156816,95562.084,1,9.447,47.656,167.708,31.352,52.4,24.0076,0.0,3,18.945,71.742,187.45,40.117,73.05,35.15984,0.0,1,9.954,53.967,136.451,23.742,61.75,17.48561,0.0,32.236,26.378,0,22.972,19.103,16,0.0,0.0,0.0,0.77,0.51,0.26,2000.0,1088.09,16199.04,6.72
690,2026-03-31T08:04:12.196377,2026-03-31T08:05:47.307215,95110.795,1,10.063,42.814,186.542,32.182,41.05,25.10616,0.0,3,21.457,80.006,218.039,42.44,80.75,34.989,0.0,1,10.745,29.244,146.9,24.83,14.95,19.89886,0.0,16.884,15.996,23,13.253,12.305,37,0.0,0.0,0.0,1.29,0.51,0.51,2000.0,1087.66,16199.04,6.71
691,2026-03-31T08:05:49.310402,2026-03-31T08:07:23.814508,94504.045,1,10.196,50.644,177.433,36.621,53.75,26.34692,0.0,3,19.79,51.813,186.144,44.041,24.4,37.43548,0.0,1,11.09,44.327,178.421,27.44,51.5,22.96516,0.0,29.15,24.97,8,21.561,19.582,29,0.0,0.0,0.0,1.54,0.26,1.03,2000.0,1084.62,16199.04,6.7
692,2026-03-31T08:07:25.827274,2026-03-31T08:08:59.088865,93261.548,1,12.283,50.43,207.65,27.187,51.7,20.02328,0.0,3,19.921,67.757,186.328,42.903,59.3,36.92752,0.0,1,11.297,54.418,217.136,33.663,60.45,23.716,0.0,21.495,17.911,61,21.477,19.88,16,0.0,0.0,0.0,1.28,0.0,1.03,2000.0,1085.9,16199.04,6.7
693,2026-03-31T08:09:01.096292,2026-03-31T08:10:43.342441,102246.117,1,10.13,32.438,158.174,26.796,16.35,22.01202,0.0,3,23.095,101.322,288.933,45.718,104.0,29.49256,0.0,1,10.971,52.976,181.604,32.067,60.4,23.65404,0.0,18.507,15.754,7,14.817,14.092,17,0.0,0.0,0.0,0.71,0.47,0.24,2000.0,1081.39,16199.04,6.68
694,2026-03-31T08:10:45.438148,2026-03-31T08:12:25.474259,100036.069,1,10.045,48.052,146.165,30.589,52.25,24.49528,0.0,3,19.438,32.549,119.586,24.129,22.6,16.71748,0.0,1,10.154,55.35,154.618,25.86,62.15,18.162,0.0,12.965,10.914,9,16.474,14.547,15,0.0,0.0,0.0,0.67,0.0,0.67,2000.0,1080.47,16199.04,6.67
695,2026-03-31T08:12:27.609084,2026-03-31T08:14:18.299043,110689.917,1,10.431,39.467,512.637,59.304,13.35,33.77536,0.0,3,19.474,95.122,382.897,58.307,102.0,41.82444,0.0,1,10.151,48.328,228.622,48.789,33.75,34.4285,0.0,14.544,8.725,15,20.498,13.875,24,0.0,0.0,0.0,0.9,0.45,0.22,2000.0,1081.87,16199.04,6.68
696,2026-03-31T08:14:20.586449,2026-03-31T08:16:06.558657,105972.147,1,11.36,66.801,344.549,56.509,61.8,31.98182,0.0,3,20.782,90.797,404.146,70.129,78.0,48.27568,0.0,1,9.85,37.119,453.78,50.64,13.45,29.96313,0.0,14.449,9.781,2,11.783,7.884,11,0.0,0.0,0.0,1.28,0.26,0.77,2000.0,1085.95,16199.04,6.7
697,2026-03-31T08:16:08.682540,2026-03-31T08:17:52.240119,103557.495,1,10.058,32.319,136.502,27.021,13.95,23.47528,0.0,3,21.724,76.326,403.008,61.286,61.75,42.88652,0.0,1,10.732,40.687,146.603,25.857,37.1,21.41476,0.0,20.922,16.272,34,13.213,8.941,33,0.0,0.0,0.0,1.31,0.52,0.79,2000.0,1093.4,16199.04,6.75
698,2026-03-31T08:17:54.247342,2026-03-31T08:19:32.352838,98105.429,1,11.304,59.54,287.96,53.177,49.15,36.9352,0.0,3,21.427,48.176,177.787,35.552,28.8,28.4096,0.0,1,9.896,30.403,157.934,32.717,14.15,23.825,0.0,20.847,19.406,65,15.585,13.336,29,0.0,0.0,0.0,1.53,0.51,0.51,2000.0,1093.34,16199.04,6.75
699,2026-03-31T08:19:34.357374,2026-03-31T08:21:10.354707,95997.276,1,9.842,44.144,175.793,29.121,46.35,23.604368,0.0,3,20.093,71.988,217.181,40.627,67.0,34.45808,0.0,1,12.738,51.775,156.271,25.714,58.05,19.2336,0.0,19.024,17.287,4,24.609,20.744,14,0.0,0.0,0.0,1.01,0.25,0.5,2000.0,1079.39,16199.04,6.66
700,2026-03-31T08:21:12.426056,2026-03-31T08:22:48.413235,95987.127,1,10.703,49.088,184.401,33.547,51.45,26.75778,0.0,3,20.652,81.408,189.103,34.46,92.1,29.13686,0.0,1,9.879,60.357,166.517,25.102,62.2,16.798688,0.0,23.919,21.345,36,22.067,20.519,53,0.0,0.0,0.0,1.28,0.51,0.77,2000.0,1085.75,16199.04,6.7
701,2026-03-31T08:22:50.414538,2026-03-31T08:24:27.246033,96831.435,1,9.753,38.869,73.497,23.338,41.4,22.2518,0.0,3,20.466,45.72,287.897,45.365,23.7,31.52066,0.0,1,10.042,46.313,112.523,25.957,52.1,22.40448,0.0,12.207,10.345,4,16.083,13.16,17,0.0,0.0,0.0,2.31,0.51,1.29,2000.0,1083.68,16199.04,6.69
702,2026-03-31T08:24:29.249555,2026-03-31T08:26:05.803917,96554.275,1,12.041,33.09,198.173,29.54,16.4,22.1396,0.0,3,23.449,67.291,206.77,46.926,52.7,38.45346,0.0,1,12.373,51.206,296.929,45.008,40.95,32.05204,0.0,21.21,20.395,32,15.541,14.751,15,0.0,0.0,0.0,2.9,1.06,1.32,2000.0,1088.54,16199.04,6.72
703,2026-03-31T08:26:07.866998,2026-03-31T08:27:44.907298,97040.227,1,12.973,45.039,146.859,32.551,37.5,26.88416,0.0,3,23.395,66.895,224.352,47.898,44.75,39.96908,0.0,1,11.39,64.126,417.728,69.065,50.2,44.86776,0.0,18.601,17.488,20,13.522,12.732,14,0.0,0.0,0.0,2.62,1.05,1.05,2000.0,1091.41,16199.04,6.74
704,2026-03-31T08:27:46.945737,2026-03-31T08:29:26.536162,99590.325,1,12.25,46.265,257.474,39.561,35.85,28.2676,0.0,3,23.066,46.851,263.482,45.748,28.45,30.57076,0.0,1,12.173,34.499,136.065,23.489,23.55,19.94366,0.0,20.882,19.562,35,12.974,12.543,30,0.0,0.0,0.0,1.03,0.0,0.77,2000.0,1091.59,16199.04,6.74
705,2026-03-31T08:29:28.536991,2026-03-31T08:31:08.795347,100258.266,1,12.688,65.979,324.658,51.163,59.8,35.4752,0.0,3,23.423,105.085,301.752,73.797,103.5,60.31776,0.0,1,12.011,67.221,212.745,40.691,62.05,29.48822,0.0,19.148,16.091,29,18.172,15.608,22,0.0,0.0,0.0,2.86,1.04,1.3,2000.0,1094.31,16199.04,6.76
706,2026-03-31T08:31:10.893336,2026-03-31T08:32:47.693962,96800.56,1,11.914,30.131,203.704,29.498,16.45,20.19176,0.0,3,22.442,79.988,404.183,53.925,70.15,34.99648,0.0,1,12.873,57.638,220.431,46.611,53.3,33.68796,0.0,21.502,19.724,30,15.143,14.228,17,0.0,0.0,0.0,2.61,0.78,1.31,2000.0,1090.04,16199.04,6.73
707,2026-03-31T08:32:49.696445,2026-03-31T08:34:29.359821,99663.168,1,12.055,57.066,216.571,40.464,55.6,28.77646,0.0,3,22.088,53.17,215.001,47.546,28.15,36.09862,0.0,1,12.203,61.447,249.908,48.615,52.85,35.31272,0.0,22.812,21.143,72,17.227,13.673,24,0.0,0.0,0.0,3.27,1.26,1.51,2000.0,1097.89,16199.04,6.78
708,2026-03-31T08:34:31.480560,2026-03-31T08:36:12.325999,100845.357,1,10.692,46.34,192.976,36.126,40.9,27.66986,0.0,3,21.563,55.313,196.843,40.673,35.35,31.68764,0.0,1,12.021,39.035,167.539,33.431,18.55,26.49946,0.0,19.363,16.4,37,17.789,16.963,39,0.0,0.0,0.0,4.22,1.58,2.11,2000.0,1098.35,16199.04,6.78
709,2026-03-31T08:36:14.381463,2026-03-31T08:37:50.600207,96218.684,1,14.071,58.537,294.134,43.654,57.0,29.60934,0.0,3,23.156,107.449,263.334,55.171,104.5,44.5685,0.0,1,11.119,31.844,179.877,31.585,15.4,23.12736,0.0,21.139,19.613,59,14.878,13.561,28,0.0,0.0,0.0,3.21,0.8,1.6,2000.0,1098.8,16199.04,6.78
710,2026-03-31T08:37:52.630511,2026-03-31T08:39:32.000503,99369.644,1,11.009,41.395,132.435,29.946,35.4,26.1634,0.0,3,22.253,72.718,374.252,58.644,51.3,43.4791,0.0,1,11.314,41.669,226.084,38.862,23.45,28.99264,0.0,19.42,18.645,46,12.665,12.097,12,0.0,0.0,0.0,1.29,0.26,1.03,2000.0,1099.2,16199.04,6.79
711,2026-03-31T08:39:34.058865,2026-03-31T08:41:19.854293,105795.289,1,12.459,55.292,289.476,41.386,53.3,27.06502,0.0,3,21.925,90.071,569.45,99.073,62.95,62.75956,0.0,1,12.01,65.657,249.054,46.066,61.25,33.13948,0.0,14.754,12.972,42,14.753,13.793,33,0.0,0.0,0.0,2.7,1.47,0.98,2000.0,1103.92,16199.04,6.81
712,2026-03-31T08:41:21.980423,2026-03-31T08:43:01.017400,99036.815,1,11.293,34.838,264.893,54.066,14.6,33.48376,0.0,3,23.306,78.107,251.651,52.766,62.8,43.16856,0.0,1,11.283,50.716,284.977,46.575,39.7,34.08036,0.0,17.321,14.238,60,14.259,11.843,20,0.0,0.0,0.0,4.36,1.36,2.18,2000.0,1100.51,16199.04,6.79
713,2026-03-31T08:43:03.035641,2026-03-31T08:44:46.706273,103670.556,1,12.416,53.047,210.441,42.145,41.7,32.18744,0.0,3,23.543,81.648,212.487,47.533,72.45,39.97328,0.0,1,11.49,28.51,302.872,42.327,15.05,21.83856,0.0,13.893,10.134,42,11.347,8.262,17,0.0,0.0,0.0,2.63,0.79,1.05,2000.0,1097.59,16199.04,6.78
714,2026-03-31T08:44:48.718654,2026-03-31T08:46:29.186021,100467.259,1,11.161,45.653,238.231,42.583,37.55,30.1123,0.0,3,21.891,73.758,444.315,70.076,50.0,45.18652,0.0,1,12.305,54.828,245.879,37.856,50.85,26.5223,0.0,10.842,9.429,22,13.298,9.828,34,0.0,0.0,0.0,2.38,0.79,1.06,2000.0,1093.55,16199.04,6.75
715,2026-03-31T08:46:31.189754,2026-03-31T08:48:09.374928,98185.103,1,13.789,50.539,168.878,27.574,48.1,21.6616,0.0,3,20.783,76.277,408.967,63.308,60.75,45.35388,0.0,1,11.37,50.124,256.79,47.751,34.6,32.31928,0.0,12.467,11.814,32,7.884,7.509,32,0.0,0.0,0.0,3.47,0.74,1.98,2000.0,1096.7,16199.04,6.77
716,2026-03-31T08:48:11.658415,2026-03-31T08:49:51.026340,99367.802,1,11.07,60.28,257.629,48.461,56.5,31.1764,0.0,3,22.189,46.628,196.085,38.256,27.65,27.2215,0.0,1,11.976,40.656,250.89,36.912,18.3,28.21956,0.0,23.109,20.966,48,11.444,9.437,23,0.0,0.0,0.0,1.57,1.05,0.26,2000.0,1097.16,16199.04,6.77
717,2026-03-31T08:49:53.034432,2026-03-31T08:51:39.121997,106087.47,1,12.295,64.037,433.523,55.195,51.65,36.98588,0.0,3,23.03,69.111,248.5,48.899,50.0,39.0603,0.0,1,12.181,65.767,312.766,51.213,61.85,31.9568,0.0,22.405,11.147,60,12.507,11.777,25,0.0,0.0,0.0,2.39,0.53,1.33,2000.0,1101.09,16199.04,6.8
718,2026-03-31T08:51:41.249814,2026-03-31T08:53:18.976345,97726.422,1,11.13,33.827,128.962,25.378,18.6,22.13602,0.0,3,22.104,67.208,227.047,41.105,55.3,33.64768,0.0,1,12.24,53.475,174.922,29.578,60.5,23.31152,0.0,26.506,21.82,45,15.543,11.955,11,0.0,0.0,0.0,2.09,0.52,1.31,2000.0,1100.3,16199.04,6.79
719,2026-03-31T08:53:21.012656,2026-03-31T08:54:58.358790,97345.836,1,10.925,45.363,199.517,31.589,39.3,24.68996,0.0,3,23.32,75.945,213.054,45.248,71.7,36.6732,0.0,1,11.229,50.476,136.566,26.924,54.35,21.47096,0.0,21.956,21.171,31,22.371,18.553,51,0.0,0.0,0.0,2.61,1.04,1.04,2000.0,1103.69,16199.04,6.81
720,2026-03-31T08:55:00.362486,2026-03-31T08:56:39.304738,98942.118,1,11.204,63.924,265.901,49.363,60.65,33.54704,0.0,3,22.122,51.5,192.05,35.834,28.05,29.49366,0.0,1,11.853,48.015,296.587,52.484,22.35,36.5,0.0,21.411,19.768,27,14.164,12.758,12,0.0,0.0,0.0,1.03,0.26,0.77,2000.0,1098.45,16199.04,6.78
721,2026-03-31T08:56:41.314099,2026-03-31T08:58:17.773870,96459.672,1,10.813,28.06,124.686,23.113,14.9,18.0331,0.0,3,22.906,45.532,136.172,32.168,26.4,26.9944,0.0,1,11.975,48.225,224.171,33.72,42.1,26.53038,0.0,21.694,17.76,27,19.545,16.426,46,0.0,0.0,0.0,2.36,0.79,1.05,2000.0,1101.48,16199.04,6.8
722,2026-03-31T08:58:19.777314,2026-03-31T08:59:59.694620,99917.205,1,11.475,51.872,221.761,44.895,39.4,33.90432,0.0,3,22.976,56.519,253.474,41.841,37.65,33.01616,0.0,1,12.361,52.362,171.203,34.607,51.35,27.592,0.0,24.828,23.432,32,15.597,12.484,29,0.0,0.0,0.0,2.12,0.71,1.18,2000.0,1098.33,16199.04,6.78
723,2026-03-31T09:00:01.710183,2026-03-31T09:01:40.547416,98837.15,1,11.765,54.321,732.971,92.082,15.5,50.3806,0.0,3,22.481,81.191,314.673,64.464,57.65,50.45288,0.0,1,11.829,44.375,166.371,35.006,32.8,29.065,0.0,21.279,18.797,25,17.262,16.406,21,0.0,0.0,0.0,1.9,0.24,1.43,2000.0,1100.51,16199.04,6.79
724,2026-03-31T09:01:43.178690,2026-03-31T09:03:26.707963,103529.179,1,12.096,70.242,461.102,85.857,53.0,52.582,0.0,3,25.293,107.522,314.425,60.721,101.5,44.5536,0.0,1,12.004,39.261,135.853,28.621,23.9,25.0389,0.0,25.056,15.167,33,17.525,16.338,15,0.0,0.0,0.0,1.29,0.0,0.52,2000.0,1105.11,16199.04,6.82
725,2026-03-31T09:03:28.714173,2026-03-31T09:05:12.608404,103894.137,1,12.592,61.285,234.008,36.697,62.05,26.05912,0.0,3,22.537,97.667,460.679,80.037,81.75,57.9966,0.0,1,11.263,32.553,197.544,28.921,16.05,21.87488,0.0,22.657,21.588,29,22.417,15.913,31,0.0,0.0,0.0,2.36,0.52,1.31,2000.0,1106.26,16199.04,6.83
726,2026-03-31T09:05:14.609801,2026-03-31T09:06:52.222447,97612.57,1,11.355,30.049,135.878,24.106,17.05,18.54264,0.0,3,23.363,52.695,224.271,39.688,28.1,32.1784,0.0,1,11.666,27.26,145.797,25.432,14.55,18.92376,0.0,22.756,21.443,25,18.078,14.727,28,0.0,0.0,0.0,2.34,0.52,1.04,2000.0,1105.8,16199.04,6.83
727,2026-03-31T09:06:54.227818,2026-03-31T09:08:35.670672,101442.771,1,11.117,43.952,190.66,39.292,19.45,31.3438,0.0,3,21.859,63.525,219.777,41.513,46.9,35.00596,0.0,1,12.065,48.821,132.272,28.027,52.9,23.52752,0.0,21.661,17.188,36,17.911,17.16,17,0.0,0.0,0.0,2.09,0.79,1.05,2000.0,1106.07,16199.04,6.83
728,2026-03-31T09:08:37.679415,2026-03-31T09:10:13.570939,95891.282,1,11.228,56.352,207.126,40.877,57.15,30.49558,0.0,3,23.307,49.825,236.163,40.644,27.4,31.15202,0.0,1,11.284,49.671,335.875,47.662,39.45,32.795,0.0,20.402,18.755,34,17.879,16.961,23,0.0,0.0,0.0,2.32,1.03,1.03,2000.0,1102.35,16199.04,6.81
729,2026-03-31T09:10:15.578081,2026-03-31T09:11:58.747541,103169.371,1,12.064,56.985,217.791,38.928,60.65,27.75488,0.0,3,20.991,35.057,145.837,24.759,26.0,15.72904,0.0,1,11.433,40.073,127.559,27.992,33.4,24.75888,0.0,19.966,17.132,18,18.103,14.074,29,0.0,0.0,0.0,1.26,0.51,0.51,2000.0,1099.36,16199.04,6.79
730,2026-03-31T09:12:00.955076,2026-03-31T09:13:40.762740,99807.597,1,11.923,39.611,220.225,36.885,16.5,29.09816,0.0,3,22.704,63.706,333.914,59.471,27.65,48.79736,0.0,1,10.846,29.302,247.557,36.255,13.6,23.519,0.0,25.588,24.213,28,17.9,15.882,28,0.0,0.0,0.0,1.87,0.7,0.93,2000.0,1096.96,16199.04,6.77
731,2026-03-31T09:13:42.974221,2026-03-31T09:15:22.224636,99250.271,1,13.503,69.458,214.851,36.59,62.35,26.61504,0.0,3,22.621,90.587,268.812,56.25,90.4,46.371,0.0,1,11.297,35.938,125.02,27.782,17.1,24.10202,0.0,22.632,20.428,13,19.594,18.778,8,0.0,0.0,0.0,2.6,0.78,1.56,2000.0,1103.87,16199.04,6.81
732,2026-03-31T09:15:24.234520,2026-03-31T09:17:17.833067,113598.467,1,11.622,45.685,242.193,44.595,16.2,35.7484,0.0,3,22.388,54.936,178.441,42.851,27.1,36.0142,0.0,1,12.774,60.111,366.83,51.675,52.8,32.1763,0.0,26.044,18.941,36,15.875,7.936,11,0.0,0.0,0.0,2.1,0.79,1.05,2000.0,1105.49,16199.04,6.82
733,2026-03-31T09:17:19.839135,2026-03-31T09:18:55.364747,95525.525,1,12.676,45.662,198.126,28.707,45.45,22.302,0.0,3,22.359,68.538,249.289,53.993,36.7,46.00856,0.0,1,12.001,66.917,472.558,80.085,39.05,53.4968,0.0,25.096,21.63,34,18.865,16.449,30,0.0,0.0,0.0,1.3,0.78,0.52,2000.0,1104.69,16199.04,6.82
734,2026-03-31T09:18:57.411052,2026-03-31T09:20:42.282472,104871.317,1,11.035,31.098,158.958,27.649,15.6,20.95064,0.0,3,23.092,61.463,251.551,43.897,46.55,33.82062,0.0,1,11.865,35.186,306.691,40.705,15.55,27.3624,0.0,27.007,18.243,42,18.462,15.596,17,0.0,0.0,0.0,2.07,0.52,1.03,2000.0,1105.54,16199.04,6.82
735,2026-03-31T09:20:44.717394,2026-03-31T09:22:37.949718,113232.227,1,11.35,43.574,252.684,47.187,17.7,32.49452,0.0,3,23.71,66.573,324.907,56.798,31.15,45.57608,0.0,1,11.742,40.157,145.56,29.841,29.55,24.64232,0.0,23.831,19.458,29,20.708,11.067,23,0.0,0.0,0.0,1.55,0.52,0.78,2000.0,1104.82,16199.04,6.82
736,2026-03-31T09:22:40.046751,2026-03-31T09:24:19.875360,99828.507,1,11.833,43.663,170.512,31.465,36.45,26.5664,0.0,3,22.803,47.147,145.428,33.682,26.65,28.3316,0.0,1,10.87,42.096,154.056,28.228,35.95,23.65128,0.0,25.94,22.607,58,17.782,14.187,30,0.0,0.0,0.0,1.84,0.79,0.52,2000.0,1105.5,16199.04,6.82
737,2026-03-31T09:24:21.877796,2026-03-31T09:26:01.688015,99810.141,1,13.177,48.967,156.888,28.115,47.4,22.40638,0.0,3,22.247,48.76,185.499,42.937,27.1,33.32584,0.0,1,12.609,41.735,192.334,30.41,34.05,24.87624,0.0,21.103,18.046,42,17.569,13.568,18,0.0,0.0,0.0,2.56,1.02,1.28,2000.0,1108.6,16199.04,6.84
738,2026-03-31T09:26:03.702667,2026-03-31T09:27:45.960472,102257.7,1,11.859,54.513,188.013,31.226,55.95,23.8856,0.0,3,24.373,87.413,271.319,47.65,89.3,37.6132,0.0,1,11.189,52.503,219.667,36.599,53.9,28.2311,0.0,25.094,20.111,38,16.28,14.119,40,0.0,0.0,0.0,1.98,0.99,0.74,2000.0,1109.31,16199.04,6.85
739,2026-03-31T09:27:48.009647,2026-03-31T09:29:27.785739,99776.016,1,12.077,41.906,190.585,31.953,33.35,24.30744,0.0,3,23.154,62.411,143.457,37.02,53.1,32.6483,0.0,1,11.653,27.668,89.22,19.059,16.8,15.7938,0.0,20.6,16.619,28,15.07,11.966,22,0.0,0.0,0.0,2.09,0.52,1.04,2000.0,1108.81,16199.04,6.84
740,2026-03-31T09:29:29.846905,2026-03-31T09:31:06.372514,96525.521,1,12.5,54.791,235.692,40.002,51.7,28.1818,0.0,3,23.107,79.869,319.863,58.678,62.65,48.0078,0.0,1,11.992,34.251,132.842,28.42,16.25,22.93478,0.0,26.398,24.893,42,17.16,16.524,14,0.0,0.0,0.0,1.58,0.26,1.05,2000.0,1109.47,16199.04,6.85
741,2026-03-31T09:31:08.465586,2026-03-31T09:32:46.994057,98528.366,1,11.908,31.972,271.669,36.667,14.95,25.0164,0.0,3,23.026,60.609,189.628,40.348,42.3,34.67644,0.0,1,11.224,41.385,125.602,28.997,30.05,25.36952,0.0,24.474,22.306,57,16.888,16.119,12,0.0,0.0,0.0,1.67,0.48,0.72,2000.0,1110.18,16199.04,6.85
742,2026-03-31T09:32:48.998865,2026-03-31T09:34:24.383741,95384.789,1,12.441,36.031,124.649,23.253,25.6,20.32476,0.0,3,22.965,47.999,153.45,33.605,29.35,26.5466,0.0,1,12.064,41.449,248.117,37.148,22.45,28.64408,0.0,21.656,20.481,22,17.021,16.134,19,0.0,0.0,0.0,1.57,0.52,0.79,2000.0,1110.59,16199.04,6.86
743,2026-03-31T09:34:26.425508,2026-03-31T09:36:03.770535,97344.934,1,12.976,61.43,251.331,44.577,56.4,30.06096,0.0,3,23.387,48.082,151.988,34.085,28.95,26.95584,0.0,1,12.663,64.907,315.106,51.219,61.6,33.601,0.0,28.324,24.088,18,41.831,34.58,0,0.0,0.0,0.0,0.98,0.25,0.49,2000.0,1091.58,16199.04,6.74
744,2026-03-31T09:36:05.772909,2026-03-31T09:37:41.145340,95372.38,1,9.451,11.695,14.985,1.052,11.65,0.8399,0.0,3,19.156,59.729,161.962,37.239,51.15,31.76276,0.0,1,9.491,31.754,104.592,24.795,13.6,22.576556,0.0,62.721,54.369,0,52.912,50.483,9,0.0,0.0,0.0,0.26,0.0,0.26,2000.0,1088.14,16199.04,6.72
745,2026-03-31T09:37:43.148615,2026-03-31T09:39:23.433039,100284.38,1,9.401,28.413,97.164,24.584,13.2,21.54348,0.0,3,18.57,74.394,166.979,39.44,82.25,33.87092,0.0,1,11.736,55.107,205.586,30.052,56.4,20.33466,0.0,13.558,11.776,0,35.769,23.649,2,0.0,0.0,0.0,0.26,0.0,0.26,2000.0,1093.91,16199.04,6.75
746,2026-03-31T09:39:25.433852,2026-03-31T09:40:58.876340,93442.451,1,11.928,62.782,161.423,30.641,62.75,21.377,0.0,3,19.897,67.816,200.135,38.428,68.8,33.37608,0.0,1,12.581,58.416,124.571,20.29,62.4,12.87254,0.0,20.674,17.993,4,23.919,20.939,6,0.0,0.0,0.0,0.72,0.24,0.24,2000.0,1097.47,16199.04,6.77
747,2026-03-31T09:41:00.909419,2026-03-31T09:42:51.432871,110523.394,1,9.627,34.855,141.835,28.689,14.1,24.94008,0.0,3,19.499,61.993,197.54,44.056,41.75,39.31788,0.0,1,9.147,34.839,116.389,25.123,27.6,22.330352,0.0,23.276,12.549,6,23.232,19.484,11,0.0,0.0,0.0,1.19,0.71,0.48,2000.0,1097.15,16199.04,6.77
748,2026-03-31T09:42:54.138115,2026-03-31T09:45:04.980529,130842.365,1,9.875,45.287,152.698,26.711,51.35,22.215776,0.0,3,20.194,55.997,509.48,61.191,24.8,40.7004,0.0,1,9.242,26.235,117.275,24.428,13.0,19.467616,0.0,26.544,25.233,3,,,,0.0,0.0,0.0,1.28,0.26,0.51,2000.0,1096.88,16199.04,6.77
749,2026-03-31T09:45:06.986241,2026-03-31T09:47:14.077708,127091.413,1,11.101,53.639,116.242,22.675,57.4,16.90234,0.0,3,19.76,65.819,162.935,42.227,61.9,39.408,0.0,1,9.912,43.687,137.957,29.407,45.85,25.4879,0.0,,,,22.64,20.397,6,0.0,0.0,0.0,1.02,0.26,0.51,2000.0,1098.11,16199.04,6.78
750,2026-03-31T09:47:16.080073,2026-03-31T09:48:56.253798,100173.677,1,9.932,31.09,169.008,29.553,13.4,23.329062,0.0,3,19.562,79.017,250.729,47.993,83.6,38.01018,0.0,1,9.869,61.516,157.727,23.897,62.75,16.181626,0.0,19.577,16.791,6,41.222,29.57,4,0.0,0.0,0.0,1.21,0.48,0.48,2000.0,1095.81,16199.04,6.76
751,2026-03-31T09:48:58.269006,2026-03-31T09:50:36.475077,98206.011,1,10.459,51.062,124.03,25.641,60.9,21.3092,0.0,3,19.372,38.088,124.645,28.936,23.65,22.88398,0.0,1,10.507,63.991,228.842,39.362,62.55,23.757,0.0,13.728,11.062,2,15.581,13.795,4,0.0,0.0,0.0,1.15,0.46,0.23,2000.0,1105.38,16199.04,6.82
752,2026-03-31T09:50:38.479413,2026-03-31T09:52:18.038246,99558.765,1,9.956,40.616,104.813,26.074,39.75,23.9764,0.0,3,19.574,36.873,199.429,33.781,23.0,22.5768,0.0,1,10.285,39.236,105.494,26.311,33.05,24.36264,0.0,23.858,18.441,2,23.974,19.907,3,0.0,0.0,0.0,0.23,0.0,0.23,2000.0,1091.2,16199.04,6.74
753,2026-03-31T09:52:20.039404,2026-03-31T09:54:15.140705,115101.245,1,9.781,31.628,139.255,25.332,14.3,21.616392,0.0,3,19.287,71.377,144.357,35.329,73.55,30.71968,0.0,1,12.825,58.852,169.357,24.511,62.35,15.5376,0.0,20.237,16.355,10,24.213,9.639,11,0.0,0.0,0.0,1.26,0.51,0.76,2000.0,1096.71,16199.04,6.77
754,2026-03-31T09:54:17.149805,2026-03-31T09:55:54.604077,97454.215,1,9.988,39.355,104.671,24.975,38.65,23.134358,0.0,3,20.488,60.097,127.506,32.827,55.0,28.89282,0.0,1,9.481,23.927,92.704,19.359,12.4,15.959322,0.0,19.549,18.39,12,12.043,9.194,50,0.0,0.0,0.0,2.28,0.51,1.52,2000.0,1108.84,16199.04,6.85
755,2026-03-31T09:55:57.086400,2026-03-31T09:57:32.915588,95829.142,1,9.684,35.089,119.008,25.352,27.35,21.549956,0.0,3,20.126,69.21,222.365,38.121,67.35,33.21098,0.0,1,11.267,40.045,244.938,34.807,29.8,25.46854,0.0,19.21,18.225,20,22.489,17.303,19,0.0,0.0,0.0,3.7,1.59,1.59,2000.0,1110.45,16199.04,6.86
756,2026-03-31T09:57:35.121610,2026-03-31T09:59:12.749427,97627.753,1,9.749,13.196,57.142,5.318,12.1,2.144072,0.0,3,19.903,52.389,219.172,41.253,27.95,34.94416,0.0,1,9.514,16.217,125.277,15.035,13.25,5.594052,0.0,20.012,19.195,27,17.119,15.167,15,0.0,0.0,0.0,1.27,0.51,0.25,2000.0,1109.0,16199.04,6.85
757,2026-03-31T09:59:14.759376,2026-03-31T10:00:48.723737,93964.31,1,10.654,48.282,125.557,21.48,52.4,17.5892,0.0,3,20.181,64.966,151.719,38.586,60.4,34.83108,0.0,1,10.223,36.382,103.805,24.552,29.0,22.6166,0.0,28.318,25.786,29,23.228,20.111,8,0.0,0.0,0.0,1.27,0.76,0.51,2000.0,1103.66,16199.04,6.81
758,2026-03-31T10:00:50.756382,2026-03-31T10:02:24.123016,93366.596,1,11.891,40.279,108.545,24.825,33.75,21.39718,0.0,3,21.825,70.59,217.331,36.301,67.3,28.6692,0.0,1,10.406,43.457,146.461,26.335,48.2,22.939,0.0,20.929,17.753,7,13.643,12.165,35,0.0,0.0,0.0,0.26,0.26,0.0,2000.0,1119.02,16199.04,6.91
759,2026-03-31T10:02:26.125506,2026-03-31T10:04:01.517416,95391.88,1,10.809,43.103,126.189,25.431,39.7,21.348,0.0,3,19.468,51.226,124.872,33.36,37.9,29.25928,0.0,1,13.23,54.79,178.412,30.293,61.2,21.37384,0.0,21.782,20.223,62,16.9,11.625,29,0.0,0.0,0.0,1.02,0.26,0.51,2000.0,1113.61,16199.04,6.87
760,2026-03-31T10:04:03.518461,2026-03-31T10:05:35.441505,91922.991,1,10.571,44.12,116.349,24.721,50.95,21.46396,0.0,3,19.381,27.682,102.038,16.837,22.9,8.98952,0.0,1,10.08,46.537,115.397,23.853,53.3,20.79188,0.0,23.764,21.957,3,25.178,23.947,11,0.0,0.0,0.0,1.27,0.51,0.51,2000.0,1111.78,16199.04,6.86
761,2026-03-31T10:05:37.452852,2026-03-31T10:07:19.742791,102289.872,1,10.244,34.459,85.011,23.053,25.35,21.58476,0.0,3,18.822,58.303,203.004,42.055,35.25,36.63646,0.0,1,9.771,48.346,162.191,27.403,55.7,21.800464,0.0,16.586,13.255,37,24.021,16.319,6,0.0,0.0,0.0,1.03,0.26,0.51,2000.0,1111.46,16199.04,6.86
762,2026-03-31T10:07:21.744000,2026-03-31T10:09:49.316649,147572.583,1,9.947,29.895,137.814,24.898,13.3,20.86299,0.0,3,18.679,40.539,147.365,27.329,24.75,21.8329,0.0,1,9.858,41.738,175.744,26.415,43.25,22.3564,0.0,,,,21.046,6.662,7,0.0,0.0,0.0,0.99,0.5,0.25,2000.0,1108.67,16199.04,6.84
763,2026-03-31T10:09:51.394082,2026-03-31T10:11:40.976464,109582.307,1,11.535,51.397,175.927,29.053,53.6,21.78854,0.0,3,19.484,72.083,167.987,38.35,75.25,34.1513,0.0,1,10.307,44.535,94.79,24.142,53.15,22.03544,0.0,25.689,15.334,11,20.705,16.642,7,0.0,0.0,0.0,1.17,0.47,0.23,2000.0,1106.91,16199.04,6.83
764,2026-03-31T10:11:43.544718,2026-03-31T10:13:38.367382,114822.521,1,11.06,59.661,247.829,32.607,62.3,20.72684,0.0,3,21.866,79.645,158.777,39.288,94.85,34.60204,0.0,1,9.723,33.544,158.593,29.745,14.0,24.850406,0.0,18.937,9.091,11,21.329,16.026,65,0.0,0.0,1.0,3.3,0.27,1.92,2000.0,1107.33,16199.04,6.84
765,2026-03-31T10:13:40.377384,2026-03-31T10:15:48.035319,127657.872,1,10.402,39.338,197.903,34.295,25.1,27.17372,0.0,3,19.423,53.823,193.426,38.856,34.7,31.5528,0.0,1,9.702,31.33,125.879,25.344,14.45,22.4752,0.0,21.498,18.221,8,,,,0.0,0.0,0.0,1.01,0.25,0.76,2000.0,1106.65,16199.04,6.83
766,2026-03-31T10:15:50.044063,2026-03-31T10:18:23.608790,153564.677,1,10.475,49.129,142.678,28.314,56.75,23.25424,0.0,3,19.336,78.225,210.804,48.672,85.1,41.96532,0.0,1,11.225,66.067,386.863,51.51,62.35,27.5692,0.0,41.471,10.568,2,,,,0.0,0.0,0.0,1.04,0.52,0.26,2000.0,1107.75,16199.04,6.84
767,2026-03-31T10:18:25.611666,2026-03-31T10:20:15.247655,109635.925,1,9.877,50.06,233.097,35.96,53.55,25.711888,0.0,3,20.66,95.208,464.478,75.56,93.2,47.1348,0.0,1,10.357,40.025,134.842,30.577,32.2,25.1783,0.0,26.434,22.811,29,16.841,10.53,10,0.0,0.0,0.0,0.92,0.23,0.46,2000.0,1107.84,16199.04,6.84
768,2026-03-31T10:20:17.384369,2026-03-31T10:21:56.292809,98908.402,1,9.329,45.569,122.436,22.119,51.95,18.653504,0.0,3,18.942,28.217,116.423,19.296,22.4,10.78616,0.0,1,9.891,46.849,110.412,24.024,52.35,20.78091,0.0,19.647,18.367,18,17.929,15.86,35,0.0,0.0,0.0,0.51,0.25,0.25,2000.0,1110.87,16199.04,6.86
769,2026-03-31T10:21:58.299394,2026-03-31T10:23:38.607322,100307.891,1,10.373,39.07,106.087,24.642,35.35,22.76192,0.0,3,21.25,96.863,290.348,58.976,96.2,42.861,0.0,1,11.723,60.839,396.396,48.289,62.2,23.4441,0.0,15.339,13.429,17,15.702,12.413,24,0.0,0.0,0.0,0.77,0.51,0.0,2000.0,1103.44,16199.04,6.81
770,2026-03-31T10:23:40.610817,2026-03-31T10:26:01.122754,140511.875,1,9.756,53.471,156.463,34.253,61.8,27.109064,0.0,3,19.472,50.727,392.853,57.155,23.4,38.79356,0.0,1,9.607,40.127,480.536,59.413,16.5,33.349002,0.0,,,,15.063,7.437,12,0.0,0.0,0.0,1.19,0.0,0.95,2000.0,1106.2,16199.04,6.83
771,2026-03-31T10:26:03.218440,2026-03-31T10:27:41.063662,97845.164,1,9.669,18.616,142.33,19.855,12.3,11.06709,0.0,3,19.956,68.704,247.68,48.577,51.2,43.21268,0.0,1,10.421,54.029,187.586,33.055,62.3,25.66608,0.0,33.065,29.515,2,18.926,15.771,5,0.0,0.0,0.0,1.29,0.26,0.77,2000.0,1100.55,16199.04,6.79
772,2026-03-31T10:27:43.114228,2026-03-31T10:29:44.546344,121432.061,1,9.465,32.559,98.855,26.133,14.6,22.725774,0.0,3,19.701,66.321,146.449,37.408,65.8,34.322,0.0,1,9.868,49.468,157.249,33.621,51.9,26.979418,0.0,20.584,7.948,4,20.595,14.709,21,0.0,0.0,0.0,1.01,0.25,0.76,2000.0,1101.47,16199.04,6.8
773,2026-03-31T10:29:46.905956,2026-03-31T10:31:38.763199,111857.195,1,10.573,50.361,120.898,26.972,60.3,22.0592,0.0,3,19.93,46.403,142.556,33.855,25.05,28.29612,0.0,1,9.116,38.453,94.783,23.358,38.05,21.464688,0.0,11.618,10.423,17,15.064,7.093,7,0.0,0.0,0.0,1.21,0.49,0.49,2000.0,1101.63,16199.04,6.8
774,2026-03-31T10:31:40.920441,2026-03-31T10:33:19.551236,98630.734,1,10.405,33.881,110.891,24.666,19.35,22.3366,0.0,3,22.021,109.379,261.993,55.493,104.0,39.8723,0.0,1,11.617,52.626,137.147,28.903,61.3,23.293,0.0,24.441,20.512,15,29.581,22.353,17,0.0,0.0,0.0,1.29,0.26,0.78,2000.0,1093.0,16199.04,6.75
775,2026-03-31T10:33:21.557342,2026-03-31T10:34:57.818741,96261.35,1,9.681,49.689,167.796,27.762,55.85,22.13544,0.0,3,20.662,111.833,858.445,98.721,98.35,55.55352,0.0,1,13.201,54.488,182.111,31.04,53.45,21.77596,0.0,13.227,12.573,14,30.163,26.833,10,0.0,0.0,0.0,1.5,0.5,0.75,2000.0,1091.32,16199.04,6.74
776,2026-03-31T10:34:59.893480,2026-03-31T10:36:34.056603,94163.067,1,10.099,39.677,135.041,28.601,32.45,24.47948,0.0,3,20.555,71.397,187.227,42.085,74.65,37.75688,0.0,1,13.421,58.885,147.747,29.366,61.55,20.90836,0.0,15.483,14.638,9,21.011,19.918,9,0.0,0.0,0.0,1.79,0.51,1.03,2000.0,1092.12,16199.04,6.74
777,2026-03-31T10:36:36.058968,2026-03-31T10:38:14.489638,98430.564,1,10.787,45.208,126.298,27.239,52.35,23.67704,0.0,3,20.243,54.779,145.988,36.792,33.5,32.78736,0.0,1,10.867,46.923,134.073,25.655,54.9,21.44496,0.0,14.904,11.956,5,27.11,25.184,5,0.0,0.0,0.0,1.02,0.26,0.26,2000.0,1092.86,16199.04,6.75
778,2026-03-31T10:38:16.492065,2026-03-31T10:39:52.255798,95763.689,1,11.865,58.971,193.338,27.323,62.1,17.6608,0.0,3,20.506,73.545,191.313,40.333,85.45,35.96856,0.0,1,12.644,60.081,151.458,26.325,62.15,18.6659,0.0,22.765,20.168,7,28.472,27.362,8,0.0,0.0,0.0,1.1,0.37,0.55,2000.0,1100.24,16199.04,6.79
779,2026-03-31T10:39:54.471894,2026-03-31T10:41:43.889135,109417.194,1,9.108,39.536,295.518,41.346,19.25,29.583788,0.0,3,22.439,97.187,333.446,42.93,99.0,27.97224,0.0,1,9.921,63.933,374.366,51.568,61.9,29.4359,0.0,18.78,14.078,9,16.066,15.396,9,0.0,0.0,0.0,0.76,0.0,0.51,2000.0,1120.55,16199.04,6.92
780,2026-03-31T10:41:45.890411,2026-03-31T10:43:24.790180,98899.718,1,10.105,52.801,135.673,27.226,61.6,21.57808,0.0,3,21.621,103.391,304.53,49.749,103.0,34.64032,0.0,1,11.095,40.29,104.152,25.52,39.4,23.05456,0.0,20.348,16.187,18,15.484,12.503,17,0.0,0.0,0.0,1.28,0.26,0.51,2000.0,1108.68,16199.04,6.84
781,2026-03-31T10:43:26.793491,2026-03-31T10:45:05.261002,98467.44,1,11.373,58.669,115.363,22.099,62.15,15.42088,0.0,3,19.711,68.509,195.942,44.388,58.35,39.00636,0.0,1,10.65,42.524,144.42,29.15,38.3,25.26392,0.0,16.197,13.565,12,31.163,22.368,18,0.0,0.0,0.0,1.01,0.25,0.76,2000.0,1113.65,16199.04,6.87
782,2026-03-31T10:45:07.268964,2026-03-31T10:47:00.866641,113597.611,1,9.428,35.018,145.918,28.614,14.5,25.775084,0.0,3,21.163,74.667,225.374,41.933,79.7,35.40352,0.0,1,10.588,46.339,134.434,26.762,54.15,23.21992,0.0,20.684,8.334,15,16.161,14.056,10,0.0,0.0,0.0,2.93,1.07,1.33,2000.0,1115.15,16199.04,6.88
783,2026-03-31T10:47:02.871378,2026-03-31T10:48:57.849203,114977.767,1,10.187,29.116,142.199,25.394,13.9,21.0936,0.0,3,18.442,68.814,160.864,40.78,70.0,37.058,0.0,1,9.905,61.789,322.508,51.055,58.9,29.337,0.0,18.97,16.691,3,17.008,6.034,7,0.0,0.0,0.0,0.72,0.24,0.24,2000.0,1097.23,16199.04,6.77
784,2026-03-31T10:48:59.956134,2026-03-31T10:50:36.757743,96801.54,1,10.649,50.136,135.652,23.253,58.5,18.5952,0.0,3,20.421,63.373,175.58,42.358,48.0,38.0756,0.0,1,9.963,46.318,105.961,23.663,54.2,20.725408,0.0,14.864,13.085,6,22.884,18.651,11,0.0,0.0,0.0,0.26,0.0,0.26,2000.0,1092.88,16199.04,6.75
785,2026-03-31T10:50:38.786093,2026-03-31T10:52:46.727422,127941.28,1,10.552,44.517,119.083,26.53,52.15,23.37316,0.0,3,19.401,59.783,146.072,35.391,54.35,31.24616,0.0,1,9.912,36.22,125.008,26.216,26.6,22.943832,0.0,22.274,17.483,5,,,,0.0,0.0,0.0,0.7,0.23,0.23,2000.0,1098.41,16199.04,6.78
786,2026-03-31T10:52:48.737106,2026-03-31T10:54:29.865340,101128.197,1,10.194,45.843,124.113,25.391,51.8,21.9587,0.0,3,19.734,77.758,213.84,40.439,83.4,33.20892,0.0,1,10.297,42.401,117.422,27.008,43.65,23.478,0.0,20.943,13.409,4,33.688,27.866,4,0.0,0.0,0.0,0.0,0.0,0.0,2000.0,1096.16,16199.04,6.77
787,2026-03-31T10:54:31.965748,2026-03-31T10:56:09.005922,97040.111,1,9.425,50.709,285.376,37.539,59.75,25.760732,0.0,3,31.843,96.909,207.422,37.388,103.0,28.36924,0.0,1,10.694,47.194,176.78,29.009,52.1,22.0857,0.0,37.266,31.352,0,52.043,40.74,0,0.0,0.0,0.0,0.49,0.24,0.24,2000.0,1093.72,16199.04,6.75
788,2026-03-31T10:56:11.028108,2026-03-31T10:57:50.552731,99524.573,1,10.988,53.445,134.101,24.589,61.7,18.096,0.0,3,17.937,48.806,165.252,39.265,22.85,34.64376,0.0,1,8.843,40.59,95.493,24.566,48.4,22.64451,0.0,37.19,24.603,0,35.444,30.999,3,0.0,0.0,0.0,0.25,0.0,0.25,2000.0,1098.01,16199.04,6.78
789,2026-03-31T10:57:52.555445,2026-03-31T10:59:32.461985,99906.504,1,9.745,51.285,136.911,21.485,61.75,16.93054,0.0,3,20.401,78.969,221.04,50.058,84.2,41.96632,0.0,1,11.483,61.965,220.795,32.593,62.05,19.18582,0.0,28.119,22.656,0,34.189,23.421,2,0.0,0.0,0.0,0.51,0.0,0.51,2000.0,1097.24,16199.04,6.77
790,2026-03-31T10:59:34.471132,2026-03-31T11:01:40.733759,126262.57,1,9.604,34.311,160.298,29.09,15.15,24.727604,0.0,3,21.064,83.416,226.484,39.656,101.0,32.99452,0.0,1,10.59,63.514,185.662,30.606,62.0,18.0772,0.0,37.195,30.198,0,,,,0.0,0.0,0.0,0.51,0.0,0.51,2000.0,1094.75,16199.04,6.76
791,2026-03-31T11:01:42.746754,2026-03-31T11:03:24.101575,101354.76,1,9.789,33.875,113.235,25.975,17.55,23.60429,0.0,3,18.465,36.278,125.578,30.324,21.9,23.02988,0.0,1,8.915,35.364,113.635,27.094,14.45,24.90032,0.0,54.092,46.284,0,15.557,13.086,4,0.0,0.0,0.0,0.73,0.24,0.49,2000.0,1095.92,16199.04,6.77
792,2026-03-31T11:03:26.686953,2026-03-31T11:05:09.937161,103250.145,1,8.845,25.729,92.514,22.331,13.05,18.248948,0.0,3,19.54,49.694,150.898,34.276,25.65,30.4316,0.0,1,10.314,61.69,223.242,40.48,61.65,25.44,0.0,23.525,13.149,2,20.72,19.905,4,0.0,0.0,0.0,1.03,0.0,0.51,2000.0,1092.7,16199.04,6.75
793,2026-03-31T11:05:11.941273,2026-03-31T11:07:13.966005,122024.697,1,10.422,40.222,158.993,30.271,36.05,25.417,0.0,3,21.798,74.845,185.331,34.146,77.0,29.05034,0.0,1,10.467,49.034,156.055,29.078,57.65,23.8508,0.0,23.223,5.857,4,16.108,15.079,8,0.0,0.0,0.0,1.02,0.25,0.25,2000.0,1091.94,16199.04,6.74
794,2026-03-31T11:07:15.969510,2026-03-31T11:08:53.069347,97099.759,1,10.342,42.961,163.851,29.907,47.5,26.0457,0.0,3,20.773,63.182,217.558,45.249,38.55,41.31952,0.0,1,11.588,52.906,219.429,30.43,59.15,21.5977,0.0,15.91,14.435,10,22.48,19.232,10,0.0,0.0,0.0,1.26,0.25,0.75,2000.0,1092.61,16199.04,6.74
795,2026-03-31T11:08:55.112164,2026-03-31T11:10:42.665843,107553.622,1,10.567,39.815,241.559,42.459,14.45,31.3952,0.0,3,20.969,89.004,231.873,43.414,93.9,34.38112,0.0,1,12.869,61.866,138.005,25.11,62.65,17.05432,0.0,23.362,9.935,4,25.807,23.612,10,0.0,0.0,0.0,0.75,0.25,0.5,2000.0,1112.61,16199.04,6.87
796,2026-03-31T11:10:44.669197,2026-03-31T11:12:43.918616,119249.354,1,10.105,42.351,94.271,23.136,46.65,20.943,0.0,3,22.414,86.21,174.444,37.074,98.05,32.0932,0.0,1,9.348,43.803,189.887,29.223,48.55,23.95423,0.0,20.825,18.709,6,15.632,4.863,5,0.0,0.0,0.0,1.02,0.51,0.51,2000.0,1120.6,16199.04,6.92
797,2026-03-31T11:12:45.922033,2026-03-31T11:14:55.692401,129770.309,1,9.911,41.831,144.023,28.705,40.95,24.155602,0.0,3,19.433,22.851,26.157,1.528,23.0,1.29488,0.0,1,10.656,29.048,198.641,26.594,13.6,20.4329,0.0,23.034,18.21,6,,,,0.0,0.0,0.0,1.48,0.25,0.99,2000.0,1101.56,16199.04,6.8
798,2026-03-31T11:14:58.337544,2026-03-31T11:16:34.030181,95692.583,1,10.739,42.437,126.507,29.561,37.2,25.72252,0.0,3,20.731,60.322,177.554,36.575,52.2,32.27548,0.0,1,10.993,45.824,164.184,30.569,50.4,24.74272,0.0,22.976,19.63,5,20.453,14.216,8,0.0,0.0,0.0,0.77,0.26,0.26,2000.0,1099.04,16199.04,6.78
799,2026-03-31T11:16:36.047309,2026-03-31T11:18:11.127140,95079.766,1,10.353,41.978,105.074,24.232,37.35,22.0292,0.0,3,19.981,41.839,119.993,31.367,23.9,25.95776,0.0,1,9.831,17.767,86.986,15.143,12.85,9.041126,0.0,30.104,28.148,5,31.371,28.069,6,0.0,0.0,0.0,1.3,0.52,0.52,2000.0,1114.57,16199.04,6.88
800,2026-03-31T11:18:13.131178,2026-03-31T11:19:46.470292,93339.057,1,11.276,46.632,115.656,27.048,52.15,23.62272,0.0,3,19.008,39.98,125.662,31.157,22.95,25.07792,0.0,1,11.439,61.799,491.854,50.767,62.55,22.066,0.0,29.856,24.176,3,33.163,32.056,7,0.0,0.0,0.0,0.78,0.26,0.52,2000.0,1095.54,16199.04,6.76
801,2026-03-31T11:19:48.472402,2026-03-31T11:21:23.376931,94904.452,1,10.296,25.983,104.332,24.232,13.05,19.26934,0.0,3,21.086,66.387,140.558,34.507,65.35,31.00672,0.0,1,10.084,41.59,202.388,29.049,40.45,23.27874,0.0,28.629,25.352,8,25.389,24.268,11,0.0,0.0,0.0,1.54,0.51,0.51,2000.0,1096.57,16199.04,6.77
802,2026-03-31T11:21:25.467807,2026-03-31T11:23:27.562469,122094.5,1,10.333,41.204,100.895,24.216,47.05,22.18952,0.0,3,21.381,87.699,279.106,42.634,89.0,33.57012,0.0,1,12.791,75.634,289.424,52.762,62.75,34.29984,0.0,22.669,20.319,6,25.082,6.201,4,0.0,0.0,0.0,1.49,0.25,1.0,2000.0,1093.61,16199.04,6.75
803,2026-03-31T11:23:29.575388,2026-03-31T11:25:12.775680,103200.246,1,10.344,34.831,169.103,30.036,21.4,23.98672,0.0,3,20.524,66.087,185.043,41.359,61.25,36.41464,0.0,1,10.6,50.974,191.853,37.097,54.15,26.00024,0.0,18.782,12.241,8,36.409,32.395,5,0.0,0.0,0.0,2.04,0.51,1.27,2000.0,1092.43,16199.04,6.74
804,2026-03-31T11:25:14.780991,2026-03-31T11:26:53.393656,98612.611,1,11.06,41.821,94.0,23.394,46.35,21.4816,0.0,3,19.648,55.532,132.253,37.944,31.85,34.608,0.0,1,11.029,44.362,119.111,29.091,45.25,25.05374,0.0,20.917,18.03,11,20.019,14.757,8,0.0,0.0,0.0,1.28,0.26,0.77,2000.0,1110.94,16199.04,6.86
805,2026-03-31T11:26:55.397464,2026-03-31T11:28:39.242871,103845.351,1,10.448,23.029,84.115,20.109,12.85,15.65056,0.0,3,20.82,66.837,219.618,40.541,65.95,35.76358,0.0,1,10.852,44.406,127.064,27.626,50.7,23.96936,0.0,18.047,14.793,5,22.73,21.048,4,0.0,0.0,0.0,0.98,0.24,0.49,2000.0,1105.86,16199.04,6.83
806,2026-03-31T11:28:41.596068,2026-03-31T11:30:27.793264,106197.134,1,10.68,35.93,148.167,30.634,14.25,26.14124,0.0,3,20.162,45.964,130.649,34.201,24.05,29.84264,0.0,1,11.483,44.011,177.879,24.244,44.7,19.351,0.0,19.823,15.804,12,20.652,14.321,6,0.0,0.0,0.0,0.45,0.0,0.22,2000.0,1098.01,16199.04,6.78
807,2026-03-31T11:30:29.796981,2026-03-31T11:32:10.304033,100506.993,1,10.518,51.074,147.489,24.535,59.25,19.3492,0.0,3,21.627,82.439,302.521,56.305,88.95,45.29578,0.0,1,10.65,53.091,168.515,37.383,58.3,28.9251,0.0,17.472,12.588,10,18.939,14.386,10,0.0,0.0,0.0,0.81,0.0,0.41,2000.0,1109.5,16199.04,6.85
808,2026-03-31T11:32:12.309352,2026-03-31T11:33:54.006116,101696.686,1,11.074,37.725,94.113,24.759,33.15,22.68956,0.0,3,20.909,68.965,304.14,57.076,39.15,47.27488,0.0,1,12.452,67.494,481.022,52.341,62.8,27.66642,0.0,21.808,13.1,7,16.615,14.142,11,0.0,0.0,0.0,0.98,0.49,0.49,2000.0,1102.58,16199.04,6.81
809,2026-03-31T11:33:56.008967,2026-03-31T11:35:30.965524,94956.491,1,10.425,18.421,64.353,14.516,12.5,9.9826,0.0,3,20.179,35.603,125.512,25.569,23.8,18.91568,0.0,1,10.606,40.248,151.768,28.048,34.75,23.36772,0.0,26.001,21.852,9,33.049,30.329,9,0.0,0.0,0.0,1.74,0.5,0.75,2000.0,1104.38,16199.04,6.82
810,2026-03-31T11:35:33.134140,2026-03-31T11:37:27.842490,114708.29,1,11.106,35.146,123.11,23.956,26.05,21.76552,0.0,3,20.293,42.5,147.975,32.602,24.3,25.8494,0.0,1,10.485,20.235,72.807,16.316,12.8,12.0026,0.0,26.282,9.994,3,23.485,16.065,7,0.0,0.0,0.0,0.51,0.26,0.26,2000.0,1104.73,16199.04,6.82
811,2026-03-31T11:37:30.281277,2026-03-31T11:39:14.985390,104704.073,1,9.974,35.071,164.495,29.313,16.7,24.911534,0.0,3,21.147,82.358,172.247,34.535,86.9,29.47736,0.0,1,11.171,56.401,125.88,22.354,62.25,16.76616,0.0,23.251,20.1,12,16.6,11.871,12,0.0,0.0,0.0,1.54,0.51,0.77,2000.0,1102.94,16199.04,6.81
812,2026-03-31T11:39:16.991455,2026-03-31T11:41:22.760710,125769.204,1,10.261,20.628,84.132,18.197,12.5,13.0274,0.0,3,19.239,62.39,322.449,48.337,39.05,39.72524,0.0,1,10.495,57.433,198.794,33.364,62.2,24.39436,0.0,22.719,12.748,10,22.593,9.687,9,0.0,0.0,0.0,0.99,0.0,0.74,2000.0,1104.37,16199.04,6.82
813,2026-03-31T11:41:24.855365,2026-03-31T11:43:00.013790,95158.38,1,11.761,51.139,113.385,24.423,55.35,20.20754,0.0,3,20.664,79.376,182.98,40.147,94.2,35.3214,0.0,1,11.438,51.283,162.589,27.668,54.2,20.41682,0.0,21.675,16.908,8,24.657,22.974,4,0.0,0.0,0.0,1.27,0.51,0.51,2000.0,1093.07,16199.04,6.75
814,2026-03-31T11:43:02.059205,2026-03-31T11:44:45.482882,103423.634,1,11.19,46.795,83.428,20.415,52.4,17.7884,0.0,3,19.979,45.749,142.182,32.698,24.85,27.7073,0.0,1,10.261,45.011,184.159,32.534,48.75,26.56032,0.0,20.166,16.166,4,25.211,13.52,0,0.0,0.0,0.0,1.55,0.26,1.03,2000.0,1088.55,16199.04,6.72
815,2026-03-31T11:44:47.488328,2026-03-31T11:46:31.166371,103677.978,1,10.437,40.708,216.624,35.241,29.85,26.9324,0.0,3,20.404,71.329,281.159,48.66,67.5,39.22354,0.0,1,10.733,18.577,88.747,15.093,13.2,9.6864,0.0,27.093,21.546,6,19.823,14.096,15,0.0,0.0,0.0,1.29,0.52,0.52,2000.0,1096.05,16199.04,6.77
816,2026-03-31T11:46:33.169270,2026-03-31T11:48:06.499241,93329.918,1,13.062,54.955,128.503,21.44,62.1,16.17582,0.0,3,20.548,59.079,146.476,37.305,45.6,33.70918,0.0,1,10.371,42.256,207.481,32.57,36.55,26.078,0.0,30.408,26.633,4,22.565,20.405,5,0.0,0.0,0.0,0.52,0.0,0.52,2000.0,1086.55,16199.04,6.71
817,2026-03-31T11:48:08.509883,2026-03-31T11:50:15.473526,126963.579,1,10.845,54.341,224.395,35.111,56.65,24.136,0.0,3,20.018,33.899,123.079,26.545,23.35,18.042,0.0,1,11.401,48.132,125.69,23.954,52.35,20.08384,0.0,26.799,21.459,14,,,,0.0,0.0,0.0,1.03,0.26,0.51,2000.0,1096.19,16199.04,6.77
818,2026-03-31T11:50:17.475903,2026-03-31T11:51:57.261849,99785.899,1,9.957,51.054,135.389,26.508,57.4,20.825048,0.0,3,19.622,84.227,188.494,34.967,93.7,28.54608,0.0,1,10.524,55.531,394.306,56.456,46.6,34.28392,0.0,21.262,18.855,8,23.469,16.899,7,0.0,0.0,0.0,1.51,0.0,1.01,2000.0,1089.68,16199.04,6.73
819,2026-03-31T11:51:59.351429,2026-03-31T11:53:39.458476,100107.009,1,10.243,43.432,136.341,26.331,52.0,22.53684,0.0,3,20.992,78.679,207.577,44.616,81.15,37.01288,0.0,1,12.351,67.433,282.025,42.855,62.6,26.61774,0.0,15.633,12.522,16,18.249,16.946,19,0.0,0.0,0.0,1.78,0.51,0.76,2000.0,1091.34,16199.04,6.74
820,2026-03-31T11:53:41.462074,2026-03-31T11:55:26.505486,105043.369,1,10.993,36.199,93.659,23.856,25.65,22.33588,0.0,3,18.686,83.999,192.899,36.638,93.4,30.14128,0.0,1,11.07,31.028,114.705,26.137,14.35,22.6568,0.0,20.663,16.519,9,16.281,13.294,7,0.0,0.0,0.0,0.77,0.26,0.51,2000.0,1095.99,16199.04,6.77
821,2026-03-31T11:55:28.511432,2026-03-31T11:57:34.891790,126380.307,1,10.684,50.793,135.197,25.131,61.4,20.5048,0.0,3,19.767,49.231,188.042,39.976,24.0,34.0103,0.0,1,9.532,46.768,208.619,34.988,52.85,28.203904,0.0,,,,18.06,15.224,9,0.0,0.0,0.0,0.98,0.25,0.49,2000.0,1087.29,16199.04,6.71
822,2026-03-31T11:57:36.896128,2026-03-31T11:59:15.350390,98454.195,1,10.601,30.95,115.371,26.513,13.75,22.69432,0.0,3,19.795,61.819,157.974,41.012,48.65,37.04232,0.0,1,11.008,35.487,132.282,27.419,22.45,23.86292,0.0,27.307,22.917,11,27.195,22.513,17,0.0,0.0,0.0,3.38,1.56,1.56,2000.0,1086.49,16199.04,6.71
823,2026-03-31T11:59:17.387937,2026-03-31T12:01:06.048860,108660.884,1,9.888,12.15,14.912,1.077,12.2,0.888046,0.0,3,21.241,77.722,214.754,38.811,80.9,31.99494,0.0,1,12.619,56.518,179.168,25.97,62.45,18.9355,0.0,21.807,19.231,9,33.722,17.258,15,0.0,0.0,0.0,1.27,0.25,0.76,2000.0,1100.52,16199.04,6.79
824,2026-03-31T12:01:08.133027,2026-03-31T12:03:09.775889,121642.795,1,14.246,53.408,168.131,24.262,58.75,18.48088,0.0,3,21.003,67.481,188.742,42.585,59.3,38.17856,0.0,1,13.929,62.937,125.973,23.655,62.8,15.66528,0.0,28.681,26.629,11,20.709,6.447,9,0.0,0.0,0.0,1.27,0.25,0.76,2000.0,1093.71,16199.04,6.75
825,2026-03-31T12:03:12.138873,2026-03-31T12:04:48.805912,96666.975,1,10.601,47.202,525.163,55.247,45.7,28.905,0.0,3,21.86,89.708,199.579,36.499,98.75,28.2124,0.0,1,11.102,50.567,183.993,33.611,51.45,23.66048,0.0,23.943,20.464,11,32.874,27.41,19,0.0,0.0,0.0,1.79,0.51,0.77,2000.0,1092.93,16199.04,6.75
826,2026-03-31T12:04:50.812896,2026-03-31T12:06:24.218991,93406.037,1,11.11,42.71,121.091,27.082,50.2,24.34708,0.0,3,21.913,86.486,286.811,55.614,76.8,42.0217,0.0,1,10.008,42.008,172.573,32.233,28.5,27.49572,0.0,29.378,25.569,20,29.677,26.558,8,0.0,0.0,0.0,1.23,0.25,0.25,2000.0,1112.04,16199.04,6.86
827,2026-03-31T12:06:26.354018,2026-03-31T12:07:58.931924,92577.856,1,10.565,12.342,15.057,0.952,12.2,0.788,0.0,3,19.743,73.448,156.708,35.128,72.35,31.06758,0.0,1,11.209,47.043,164.738,32.838,48.2,27.38132,0.0,33.954,31.416,8,30.155,25.869,3,0.0,0.0,0.0,1.81,0.52,0.78,2000.0,1099.24,16199.04,6.79
828,2026-03-31T12:08:00.933563,2026-03-31T12:09:36.970489,96036.879,1,9.477,31.666,156.99,24.915,18.65,20.905388,0.0,3,23.74,79.381,199.82,37.858,74.05,30.97352,0.0,1,10.052,12.552,18.4,1.194,12.4,0.90648,0.0,29.768,25.737,11,29.985,25.443,9,0.0,0.0,0.0,1.03,0.51,0.26,2000.0,1100.21,16199.04,6.79
829,2026-03-31T12:09:38.975827,2026-03-31T12:11:18.358091,99382.194,1,10.608,24.749,199.441,29.606,12.6,19.2771,0.0,3,21.155,61.154,219.678,47.572,31.65,40.82106,0.0,1,10.777,37.498,114.136,27.202,25.75,24.94176,0.0,30.516,21.942,7,36.093,31.676,4,0.0,0.0,0.0,0.94,0.0,0.47,2000.0,1096.98,16199.04,6.77
830,2026-03-31T12:11:20.369309,2026-03-31T12:12:54.525738,94156.371,1,10.415,40.257,122.034,27.096,32.75,22.84926,0.0,3,20.01,60.194,157.065,42.44,34.05,38.74138,0.0,1,10.516,61.642,254.595,45.056,62.6,29.25444,0.0,18.01,17.385,6,30.158,27.768,20,0.0,0.0,0.0,1.79,1.03,0.26,2000.0,1099.97,16199.04,6.79
831,2026-03-31T12:12:56.528386,2026-03-31T12:14:34.285373,97756.92,1,10.724,34.647,110.253,25.798,25.9,22.2688,0.0,3,18.96,61.579,168.51,40.174,50.35,36.4552,0.0,1,10.142,33.278,125.994,25.706,16.2,22.4976,0.0,22.331,18.593,7,32.782,31.142,12,0.0,0.0,0.0,0.49,0.25,0.25,2000.0,1102.54,16199.04,6.81
832,2026-03-31T12:14:36.573808,2026-03-31T12:16:42.410572,125836.681,1,9.75,44.652,135.076,31.424,51.35,27.1479,0.0,3,19.777,53.727,178.834,41.025,24.2,36.4167,0.0,1,11.092,49.362,208.214,32.976,53.05,24.47524,0.0,19.614,9.099,12,22.251,11.928,9,0.0,0.0,0.0,1.28,0.26,0.77,2000.0,1101.46,16199.04,6.8
833,2026-03-31T12:16:44.413651,2026-03-31T12:18:24.669395,100255.7,1,10.792,46.772,104.814,24.413,52.3,21.53548,0.0,3,20.688,57.516,156.102,38.894,35.8,35.17036,0.0,1,12.116,58.147,184.408,30.129,61.95,18.86656,0.0,16.945,12.83,0,23.899,16.359,9,0.0,0.0,0.0,1.02,0.51,0.26,2000.0,1102.38,16199.04,6.81
834,2026-03-31T12:18:26.674098,2026-03-31T12:20:05.816657,99142.477,1,11.021,53.757,169.651,24.735,61.1,17.21094,0.0,3,20.385,71.464,229.74,46.48,74.3,40.00128,0.0,1,10.743,45.561,162.877,25.793,51.3,20.9174,0.0,15.906,12.626,3,32.412,23.835,4,0.0,0.0,0.0,0.9,0.45,0.45,2000.0,1102.99,16199.04,6.81
835,2026-03-31T12:20:07.819880,2026-03-31T12:21:46.764838,98944.916,1,9.964,31.555,177.8,31.723,12.7,25.442656,0.0,3,19.171,84.36,273.187,39.676,84.05,30.681,0.0,1,10.136,51.44,136.437,31.933,59.45,25.46064,0.0,25.917,24.198,12,21.577,19.976,19,0.0,0.0,0.0,1.02,0.25,0.76,2000.0,1097.56,16199.04,6.78
836,2026-03-31T12:21:48.765712,2026-03-31T12:23:24.052671,95286.914,1,10.7,52.192,343.219,49.163,54.6,31.74836,0.0,3,19.3,68.695,187.716,44.107,61.3,39.45154,0.0,1,9.53,41.34,135.127,28.155,43.1,24.8077,0.0,22.841,19.974,4,24.425,22.988,8,0.0,0.0,0.0,1.53,0.51,0.77,2000.0,1087.04,16199.04,6.71
837,2026-03-31T12:23:26.056816,2026-03-31T12:25:34.550309,128493.435,1,10.342,50.209,158.42,28.591,53.3,21.82824,0.0,3,19.87,24.423,187.362,16.455,22.75,3.505,0.0,1,9.345,17.575,68.561,12.93,12.7,8.36903,0.0,30.429,27.135,7,,,,0.0,0.0,0.0,1.52,0.25,0.51,2000.0,1094.42,16199.04,6.76
838,2026-03-31T12:25:36.556349,2026-03-31T12:27:11.553398,94997.008,1,11.287,37.98,104.967,25.687,33.0,23.6295,0.0,3,23.849,86.462,181.108,32.026,96.95,26.9788,0.0,1,10.772,33.882,127.971,26.108,16.7,22.71948,0.0,26.853,22.054,0,27.21,25.844,13,0.0,0.0,0.0,1.54,0.51,0.77,2000.0,1089.36,16199.04,6.72
839,2026-03-31T12:27:13.561397,2026-03-31T12:29:10.709323,117147.878,1,11.333,53.26,166.697,28.309,62.1,22.0764,0.0,3,23.059,94.467,183.956,39.119,102.0,31.7734,0.0,1,11.001,63.594,245.022,42.677,62.25,27.1596,0.0,17.033,13.897,7,21.592,8.26,7,0.0,0.0,0.0,1.81,0.78,1.03,2000.0,1091.61,16199.04,6.74
840,2026-03-31T12:29:12.966079,2026-03-31T12:30:48.633882,95667.701,1,12.367,52.985,133.0,24.816,59.4,19.20088,0.0,3,21.089,76.708,197.201,42.392,78.7,36.7021,0.0,1,10.716,50.588,375.973,49.088,52.2,30.32922,0.0,26.63,23.3,2,33.648,25.486,13,0.0,0.0,0.0,0.52,0.26,0.26,2000.0,1092.29,16199.04,6.74
841,2026-03-31T12:30:50.692276,2026-03-31T12:32:25.543000,94850.647,1,11.438,52.099,145.857,25.283,54.45,18.81082,0.0,3,19.491,51.892,205.29,40.138,25.35,33.0276,0.0,1,9.968,13.684,63.274,7.526,12.2,2.898152,0.0,25.837,22.241,11,34.931,27.599,10,0.0,0.0,0.0,1.29,0.26,0.77,2000.0,1091.34,16199.04,6.74
842,2026-03-31T12:32:27.546631,2026-03-31T12:34:11.080370,103533.693,1,10.796,20.276,192.582,22.204,12.6,12.5065,0.0,3,20.431,68.31,168.637,39.134,65.1,34.8272,0.0,1,10.57,37.248,193.677,30.4,23.65,25.27326,0.0,26.978,21.788,17,36.251,19.096,6,0.0,0.0,0.0,2.06,0.26,1.29,2000.0,1093.5,16199.04,6.75
843,2026-03-31T12:34:13.084969,2026-03-31T12:36:03.945647,110860.622,1,10.934,41.053,93.898,22.659,38.3,20.2101,0.0,3,19.673,47.478,168.352,35.714,24.6,29.5828,0.0,1,10.583,36.77,102.386,25.82,27.95,23.3761,0.0,19.357,17.112,5,33.039,16.705,9,0.0,0.0,0.0,1.03,0.26,0.51,2000.0,1093.62,16199.04,6.75
844,2026-03-31T12:36:05.957978,2026-03-31T12:37:41.587616,95629.589,1,11.634,51.629,430.07,48.012,53.15,27.78856,0.0,3,21.53,85.128,303.587,48.966,93.4,37.42172,0.0,1,12.554,62.629,417.658,41.615,62.8,18.37196,0.0,20.705,18.551,7,34.369,27.624,11,0.0,0.0,0.0,0.26,0.26,0.0,2000.0,1103.59,16199.04,6.81
845,2026-03-31T12:37:43.589594,2026-03-31T12:39:19.176137,95586.5,1,9.981,45.581,364.672,52.54,28.3,33.20348,0.0,3,21.059,75.874,167.509,41.578,81.9,36.755,0.0,1,10.901,52.503,124.855,30.664,61.45,24.73748,0.0,22.791,21.462,15,24.393,20.206,7,0.0,0.0,0.0,0.5,0.25,0.25,2000.0,1108.61,16199.04,6.84
846,2026-03-31T12:39:21.522239,2026-03-31T12:41:27.610674,126088.379,1,10.346,32.604,153.667,25.771,15.1,22.14464,0.0,3,21.422,71.21,168.326,34.198,69.4,28.218,0.0,1,10.255,61.901,313.112,42.497,62.3,24.1756,0.0,20.174,17.85,6,,,,0.0,0.0,0.0,1.53,0.51,0.77,2000.0,1096.5,16199.04,6.77
847,2026-03-31T12:41:29.613851,2026-03-31T12:43:06.337346,96723.443,1,10.07,34.205,73.352,21.276,29.2,19.43296,0.0,3,20.737,81.255,167.713,31.846,82.0,26.469,0.0,1,10.074,44.89,94.481,23.19,52.6,21.0152,0.0,16.709,13.305,10,16.537,15.68,4,0.0,0.0,0.0,1.51,0.25,0.5,2000.0,1093.66,16199.04,6.75
848,2026-03-31T12:43:08.337828,2026-03-31T12:45:02.228599,113890.732,1,10.997,46.588,124.64,21.516,53.25,18.60544,0.0,3,20.044,71.976,251.658,55.466,61.4,47.87458,0.0,1,10.093,37.573,115.432,28.561,27.2,25.19752,0.0,20.757,8.453,4,17.416,13.833,4,0.0,0.0,0.0,1.81,0.52,1.03,2000.0,1095.65,16199.04,6.76
849,2026-03-31T12:45:05.052555,2026-03-31T12:46:46.689265,101636.67,1,11.031,44.683,145.991,27.565,45.4,22.72942,0.0,3,19.527,46.552,148.104,36.276,24.4,29.91708,0.0,1,10.622,53.34,189.561,38.453,56.25,28.84296,0.0,15.741,11.373,15,21.51,15.247,8,0.0,0.0,0.0,1.02,0.51,0.26,2000.0,1094.0,16199.04,6.75
850,2026-03-31T12:46:48.693958,2026-03-31T12:48:29.312142,100618.123,1,11.112,42.732,197.071,33.975,28.0,27.6356,0.0,3,21.298,76.894,186.965,41.158,83.4,35.23848,0.0,1,11.177,54.456,219.466,32.733,60.9,22.94704,0.0,20.528,16.866,3,16.523,15.632,6,0.0,0.0,0.0,1.27,0.0,1.02,2000.0,1095.58,16199.04,6.76
851,2026-03-31T12:48:31.312857,2026-03-31T12:50:06.901376,95588.475,1,10.414,34.793,115.11,23.125,29.0,20.7972,0.0,3,19.92,54.712,281.151,41.358,33.3,33.8247,0.0,1,10.698,41.725,94.008,24.067,45.1,21.67688,0.0,23.603,20.456,13,21.106,20.1,8,0.0,0.5,0.0,0.77,0.0,0.51,2000.0,1090.87,16199.04,6.73
852,2026-03-31T12:50:08.907687,2026-03-31T12:52:23.591925,134684.19,1,10.386,28.181,73.729,19.797,15.9,17.69256,0.0,3,19.371,36.319,170.7,28.271,23.4,20.55652,0.0,1,10.393,51.81,125.865,22.885,60.35,18.00258,0.0,,,,17.264,8.177,3,0.0,0.0,0.0,0.76,0.51,0.25,2000.0,1092.27,16199.04,6.74
853,2026-03-31T12:52:26.030944,2026-03-31T12:54:06.792936,100761.939,1,10.401,35.861,129.185,29.314,20.75,24.34908,0.0,3,19.944,22.879,30.639,1.556,22.8,1.1269,0.0,1,9.369,29.659,83.662,23.264,12.9,21.08545,0.0,18.654,14.295,12,25.398,20.68,5,0.0,0.0,0.0,0.77,0.26,0.26,2000.0,1097.66,16199.04,6.78
854,2026-03-31T12:54:08.793952,2026-03-31T12:55:53.326165,104532.162,1,10.693,51.353,134.952,24.762,52.9,19.45028,0.0,3,19.171,66.644,189.078,42.348,57.45,36.975,0.0,1,12.557,55.49,158.625,22.907,62.2,16.32,0.0,27.54,14.964,8,27.388,25.945,5,0.0,0.0,0.0,1.0,0.5,0.25,2000.0,1094.23,16199.04,6.75
855,2026-03-31T12:55:55.329142,2026-03-31T12:57:57.815667,122486.454,1,10.644,40.356,122.935,22.777,39.4,20.2352,0.0,3,21.246,68.47,230.608,42.267,61.9,36.28048,0.0,1,10.786,52.265,167.74,32.188,56.0,23.2444,0.0,18.846,18.044,10,,,,0.0,0.0,0.0,1.29,0.52,0.26,2000.0,1091.34,16199.04,6.74
856,2026-03-31T12:57:59.821290,2026-03-31T12:59:35.498217,95676.874,1,9.898,27.381,122.907,24.929,12.9,20.8776,0.0,3,21.332,54.428,155.323,37.122,36.45,32.59226,0.0,1,10.764,39.905,115.109,24.272,42.05,21.61882,0.0,30.297,26.747,8,27.646,24.688,1,0.0,0.0,0.0,1.03,0.26,0.51,2000.0,1087.4,16199.04,6.71
857,2026-03-31T12:59:37.498698,2026-03-31T13:01:10.201899,92703.153,1,11.368,53.039,167.942,29.445,57.6,21.5617,0.0,3,20.281,61.111,178.927,41.281,45.25,36.9317,0.0,1,10.728,43.437,111.705,26.043,51.95,23.20464,0.0,27.278,25.625,10,29.76,25.384,8,0.0,0.0,0.0,0.83,0.41,0.41,2000.0,1087.15,16199.04,6.71
858,2026-03-31T13:01:12.204926,2026-03-31T13:02:48.049897,95844.929,1,9.205,37.464,127.429,25.796,34.25,22.083708,0.0,3,20.67,77.668,167.005,34.74,84.55,29.487,0.0,1,10.704,61.272,144.072,27.315,62.35,18.364,0.0,17.213,14.735,2,29.975,27.045,21,0.0,0.0,0.0,1.29,0.51,0.77,2000.0,1088.72,16199.04,6.72
859,2026-03-31T13:02:50.052752,2026-03-31T13:04:27.236742,97183.951,1,11.095,49.854,105.884,24.012,57.55,20.1009,0.0,3,20.038,77.814,478.147,61.134,75.45,44.85024,0.0,1,11.999,53.742,154.351,24.888,56.75,18.7348,0.0,22.44,20.759,11,22.413,18.701,6,0.0,0.0,0.0,1.02,0.26,0.51,2000.0,1089.58,16199.04,6.73
860,2026-03-31T13:04:29.291222,2026-03-31T13:06:09.938226,100646.941,1,10.703,28.416,115.931,25.777,13.15,21.42532,0.0,3,19.735,78.949,662.339,76.43,61.75,48.1146,0.0,1,10.383,52.626,142.333,29.478,56.15,22.77268,0.0,26.303,23.236,2,20.044,17.726,7,0.0,0.0,0.0,1.28,0.26,0.77,2000.0,1090.66,16199.04,6.73
861,2026-03-31T13:06:12.112174,2026-03-31T13:07:47.829893,95717.649,1,10.937,43.455,219.691,40.841,18.6,32.20152,0.0,3,20.798,93.169,229.896,39.503,102.0,31.12072,0.0,1,10.786,57.653,147.075,30.189,62.65,22.25266,0.0,21.911,20.661,8,28.26,24.497,7,0.0,0.0,0.0,1.47,0.74,0.49,2000.0,1086.81,16199.04,6.71
862,2026-03-31T13:07:50.225567,2026-03-31T13:09:30.460018,100234.39,1,9.361,24.904,141.428,25.333,12.9,18.1032,0.0,3,20.237,46.455,216.841,36.184,24.95,28.849,0.0,1,10.549,29.093,108.816,22.086,14.85,19.03096,0.0,34.019,28.65,5,27.623,20.74,6,0.0,0.0,0.0,0.78,0.52,0.26,2000.0,1110.61,16199.04,6.86
863,2026-03-31T13:09:32.464918,2026-03-31T13:11:37.839876,125374.91,1,11.041,48.408,200.542,31.693,52.7,24.72596,0.0,3,19.235,60.788,158.046,39.989,46.6,36.04634,0.0,1,9.724,13.876,62.384,8.19,12.3,3.164888,0.0,,,,17.902,15.648,18,0.0,0.0,0.0,1.53,0.51,0.51,2000.0,1111.72,16199.04,6.86
864,2026-03-31T13:11:39.844031,2026-03-31T13:13:20.720868,100876.797,1,11.547,57.86,178.361,31.835,62.3,22.00016,0.0,3,21.125,69.211,265.941,46.411,62.6,38.88324,0.0,1,10.382,48.175,139.099,26.262,52.0,20.7615,0.0,30.395,26.88,6,18.397,15.63,4,0.0,0.0,0.0,1.16,0.23,0.46,2000.0,1102.51,16199.04,6.81
865,2026-03-31T13:13:22.724376,2026-03-31T13:15:27.622694,124898.273,1,11.328,41.611,207.905,30.779,39.2,24.5086,0.0,3,21.299,103.554,517.38,87.548,94.5,58.07732,0.0,1,10.788,57.716,209.261,28.643,62.2,17.97112,0.0,14.605,12.587,5,,,,0.0,0.0,0.0,1.29,0.51,0.51,2000.0,1088.74,16199.04,6.72
866,2026-03-31T13:15:29.625252,2026-03-31T13:17:17.777147,108151.833,1,10.445,56.978,241.143,34.388,62.05,22.62624,0.0,3,20.86,72.033,319.899,58.445,60.95,46.81632,0.0,1,11.85,52.529,125.282,26.634,57.25,21.46408,0.0,20.651,10.674,2,20.014,17.756,13,0.0,0.0,0.0,0.77,0.0,0.77,2000.0,1092.15,16199.04,6.74
867,2026-03-31T13:17:19.784011,2026-03-31T13:19:27.174903,127390.831,1,10.754,50.036,167.661,31.951,52.3,24.55748,0.0,3,19.087,26.291,115.507,14.92,23.3,5.83544,0.0,1,12.567,62.006,235.747,37.812,59.4,25.05388,0.0,,,,19.073,17.563,6,0.0,0.0,0.0,0.87,0.44,0.22,2000.0,1090.96,16199.04,6.73
868,2026-03-31T13:19:29.177421,2026-03-31T13:21:21.653787,112476.32,1,14.984,60.656,168.058,28.036,62.6,18.62484,0.0,3,20.934,62.544,264.334,42.687,46.8,34.8221,0.0,1,11.236,41.88,125.637,27.36,42.8,24.27656,0.0,23.31,9.3,10,17.372,15.347,13,0.0,0.0,0.0,1.02,0.26,0.51,2000.0,1094.22,16199.04,6.75
869,2026-03-31T13:21:23.654923,2026-03-31T13:23:36.930865,133275.881,1,10.932,56.226,332.669,45.468,56.6,29.4594,0.0,3,20.736,78.444,287.363,48.939,84.4,40.4537,0.0,1,10.949,41.568,157.892,30.272,36.1,25.47816,0.0,,,,26.905,21.697,5,0.0,0.0,0.0,1.03,0.26,0.52,2000.0,1099.34,16199.04,6.79
870,2026-03-31T13:23:38.937521,2026-03-31T13:25:43.682615,124745.033,1,10.513,40.485,125.642,25.393,41.25,22.6193,0.0,3,20.276,46.91,130.919,34.451,24.4,30.26496,0.0,1,10.754,43.407,144.093,28.184,41.85,24.66248,0.0,24.757,23.937,3,28.42,6.774,3,0.0,0.0,0.0,1.55,0.26,1.03,2000.0,1092.4,16199.04,6.74
871,2026-03-31T13:25:45.685220,2026-03-31T13:27:23.903101,98217.817,1,12.071,46.698,180.365,30.725,46.25,24.07416,0.0,3,22.178,85.675,218.424,41.741,86.45,32.942,0.0,1,10.683,29.945,87.482,22.105,14.5,19.79416,0.0,23.73,21.593,15,25.672,21.655,3,0.0,0.0,0.0,2.03,0.76,0.76,2000.0,1093.99,16199.04,6.75
872,2026-03-31T13:27:25.910349,2026-03-31T13:29:02.715566,96805.151,1,11.336,53.405,165.257,33.427,52.2,25.23096,0.0,3,22.382,65.47,249.626,51.513,36.3,41.4084,0.0,1,11.883,17.99,88.481,11.963,14.65,6.02996,0.0,24.182,15.947,51,17.708,16.911,22,0.0,0.0,0.0,1.82,0.68,0.68,2000.0,1094.51,16199.04,6.76
873,2026-03-31T13:29:04.718686,2026-03-31T13:30:40.898575,96179.8,1,11.73,38.992,184.938,30.577,22.55,25.1908,0.0,3,24.931,77.157,205.061,39.793,69.35,33.32096,0.0,1,11.274,25.063,149.443,26.434,15.0,17.24336,0.0,23.137,21.899,32,15.728,14.898,14,0.0,0.0,0.0,2.61,1.04,1.04,2000.0,1097.12,16199.04,6.77
874,2026-03-31T13:30:42.977765,2026-03-31T13:32:17.929775,94951.928,1,12.377,59.554,240.493,41.228,57.2,28.5398,0.0,3,23.145,63.105,239.807,45.794,34.7,38.95274,0.0,1,14.62,67.818,262.545,46.755,60.3,30.197,0.0,25.6,23.009,44,14.518,13.921,13,0.0,0.0,0.0,1.75,0.75,1.0,2000.0,1094.6,16199.04,6.76
875,2026-03-31T13:32:20.005861,2026-03-31T13:34:04.416788,104410.846,1,11.142,32.407,133.352,26.441,16.4,20.94408,0.0,3,22.943,65.316,202.987,44.588,54.55,37.42054,0.0,1,11.634,56.868,178.406,39.847,54.1,31.7844,0.0,23.529,18.724,33,15.833,15.209,16,0.0,0.0,0.0,2.09,0.79,0.79,2000.0,1101.41,16199.04,6.8
876,2026-03-31T13:34:06.426854,2026-03-31T13:35:41.186071,94759.136,1,12.78,64.644,310.137,49.101,57.45,32.91222,0.0,3,24.072,73.637,189.533,39.009,66.75,32.53812,0.0,1,11.218,20.998,112.794,17.635,14.8,10.99536,0.0,21.851,20.966,27,17.387,16.598,17,0.0,0.0,0.0,1.86,0.8,1.06,2000.0,1097.26,16199.04,6.77
877,2026-03-31T13:35:43.190407,2026-03-31T13:37:20.031594,96841.097,1,11.417,22.876,253.589,28.869,14.65,14.50668,0.0,3,22.196,56.164,170.738,35.051,41.6,29.64254,0.0,1,12.263,32.376,128.129,27.682,15.8,23.35322,0.0,22.406,18.705,25,15.05,13.909,14,0.0,0.0,0.0,2.34,1.3,0.52,2000.0,1099.2,16199.04,6.79
878,2026-03-31T13:37:22.061379,2026-03-31T13:39:04.027468,101965.996,1,13.015,67.426,302.583,45.808,58.05,30.41416,0.0,3,24.369,83.775,463.685,78.376,68.3,53.69096,0.0,1,12.576,28.757,180.976,29.809,15.15,21.20868,0.0,17.45,15.523,20,15.611,15.072,12,0.0,0.0,0.0,2.37,0.53,1.32,2000.0,1110.18,16199.04,6.85
879,2026-03-31T13:39:06.091082,2026-03-31T13:40:51.365242,105274.082,1,12.171,38.354,142.489,30.402,18.1,25.269,0.0,3,23.109,87.5,393.626,76.947,58.4,57.46304,0.0,1,11.167,37.631,500.376,56.752,16.25,30.90304,0.0,15.971,14.205,19,18.181,15.024,9,0.0,0.0,0.0,1.67,0.48,0.96,2000.0,1113.49,16199.04,6.87
880,2026-03-31T13:40:53.386101,2026-03-31T13:42:28.328605,94942.426,1,11.851,63.296,264.387,59.459,54.05,43.6037,0.0,3,22.762,47.364,205.513,37.298,28.7,27.9009,0.0,1,12.002,38.099,147.547,26.829,28.8,22.07144,0.0,22.892,21.992,21,16.114,15.283,17,0.0,0.0,0.0,2.37,1.05,0.79,2000.0,1112.98,16199.04,6.87
881,2026-03-31T13:42:30.336317,2026-03-31T13:44:06.519160,96182.75,1,11.051,32.078,137.274,26.192,16.45,21.07652,0.0,3,22.623,39.124,126.328,24.693,28.35,17.73918,0.0,1,12.816,52.834,182.084,34.058,51.85,26.41584,0.0,23.096,21.609,25,16.483,15.668,47,0.0,0.0,0.0,3.14,1.05,1.83,2000.0,1108.96,16199.04,6.85
882,2026-03-31T13:44:08.529292,2026-03-31T13:45:50.975606,102446.238,1,13.129,44.547,167.308,29.321,40.55,24.5544,0.0,3,23.217,55.784,153.966,36.044,32.75,31.048,0.0,1,12.612,57.304,194.352,33.685,58.3,24.16528,0.0,21.175,18.037,24,15.585,12.104,18,0.0,0.0,0.0,1.87,0.53,1.07,2000.0,1110.43,16199.04,6.85
883,2026-03-31T13:45:52.983588,2026-03-31T13:47:30.439349,97455.689,1,12.969,73.533,229.081,44.681,62.95,33.4234,0.0,3,23.491,59.086,268.666,49.326,28.25,40.1261,0.0,1,12.482,44.226,222.096,37.569,32.0,29.58572,0.0,23.85,21.7,16,17.349,15.421,19,0.0,0.0,0.0,3.17,1.06,1.85,2000.0,1105.79,16199.04,6.83
884,2026-03-31T13:47:32.443011,2026-03-31T13:49:09.678974,97235.797,1,12.097,55.062,221.93,36.262,56.8,26.91786,0.0,3,23.462,92.612,292.475,63.579,89.8,51.86052,0.0,1,13.041,68.363,245.844,40.601,62.95,26.58648,0.0,17.524,15.887,25,15.812,15.284,7,0.0,0.0,0.0,1.84,0.0,1.58,2000.0,1104.9,16199.04,6.82
885,2026-03-31T13:49:11.722423,2026-03-31T13:50:46.362824,94640.268,1,11.568,44.893,155.797,30.095,42.05,25.96196,0.0,3,22.663,47.693,180.527,37.328,28.75,28.764,0.0,1,11.763,59.15,171.177,32.148,61.9,23.18064,0.0,23.946,22.999,19,14.907,14.141,11,0.0,0.0,0.0,2.64,1.06,1.32,2000.0,1103.32,16199.04,6.81
886,2026-03-31T13:50:48.474118,2026-03-31T13:52:32.184354,103710.094,1,12.915,62.568,247.393,40.715,59.7,28.27376,0.0,3,24.411,83.77,279.014,46.917,78.6,37.71364,0.0,1,11.79,23.259,105.709,20.174,15.2,13.94488,0.0,22.302,15.92,29,29.072,18.906,43,0.0,0.0,0.0,2.09,0.52,0.79,2000.0,1106.24,16199.04,6.83
887,2026-03-31T13:52:34.196084,2026-03-31T13:54:13.805666,99609.502,1,12.681,61.557,313.542,53.861,56.05,36.57552,0.0,3,22.579,73.682,229.439,48.191,63.6,40.06812,0.0,1,11.591,36.225,164.541,27.931,20.25,23.123,0.0,22.496,20.44,21,15.175,12.31,16,0.0,0.0,0.0,3.17,0.79,1.58,2000.0,1108.89,16199.04,6.85
888,2026-03-31T13:54:16.276770,2026-03-31T13:55:54.030542,97753.677,1,13.202,54.026,220.444,38.25,50.45,27.32852,0.0,3,22.816,103.226,521.52,103.257,70.05,75.47532,0.0,1,11.83,68.511,240.229,53.052,62.0,41.3253,0.0,24.929,23.857,28,17.012,16.225,12,0.0,0.0,0.0,2.02,0.76,0.76,2000.0,1110.85,16199.04,6.86
889,2026-03-31T13:55:56.033957,2026-03-31T13:57:34.914900,98880.849,1,12.431,54.715,153.47,31.557,52.7,25.47922,0.0,3,21.026,38.253,272.494,36.746,26.25,20.69856,0.0,1,12.546,43.135,115.093,25.785,41.35,21.66792,0.0,21.498,20.553,29,16.631,15.79,15,0.0,0.0,0.0,2.27,0.5,1.01,2000.0,1111.27,16199.04,6.86
890,2026-03-31T13:57:36.918307,2026-03-31T13:59:13.791249,96872.847,1,11.893,49.935,342.241,53.323,31.5,35.9332,0.0,3,24.556,99.184,241.211,57.557,100.8,47.129,0.0,1,12.133,50.515,183.968,38.103,41.8,31.36048,0.0,20.14,17.217,29,16.722,16.059,22,0.0,0.0,0.0,2.62,1.05,1.05,2000.0,1113.43,16199.04,6.87
891,2026-03-31T13:59:15.872551,2026-03-31T14:00:55.423465,99550.839,1,12.388,34.857,146.42,29.814,17.0,24.22068,0.0,3,23.706,67.329,282.3,49.365,50.95,37.87412,0.0,1,12.453,52.04,480.849,63.095,42.95,34.6708,0.0,20.285,18.601,13,18.557,14.044,18,0.0,0.0,0.0,2.26,0.75,1.01,2000.0,1117.84,16199.04,6.9
892,2026-03-31T14:00:57.937474,2026-03-31T14:02:42.965886,105028.223,1,11.724,25.589,111.372,20.755,15.7,15.3778,0.0,3,23.512,71.442,199.52,41.167,67.45,34.40188,0.0,1,12.088,34.607,136.496,29.692,16.0,23.84536,0.0,22.517,19.854,19,19.462,14.988,23,0.0,0.0,0.0,2.09,0.79,0.79,2000.0,1117.79,16199.04,6.9
893,2026-03-31T14:02:45.058407,2026-03-31T14:04:18.744114,93685.616,1,13.423,51.644,188.889,31.4,53.2,24.19128,0.0,3,24.195,89.082,189.917,42.967,95.0,35.995,0.0,1,12.592,44.344,220.219,37.223,32.4,28.46904,0.0,26.452,24.81,27,16.107,15.413,11,0.0,0.0,0.0,2.36,0.79,1.31,2000.0,1117.44,16199.04,6.9
894,2026-03-31T14:04:21.502487,2026-03-31T14:05:59.286916,97784.33,1,12.689,41.273,126.781,24.464,39.45,21.26662,0.0,3,24.199,72.526,187.435,43.931,65.9,37.5052,0.0,1,12.624,40.641,127.448,28.449,30.15,23.90088,0.0,23.973,22.653,37,17.732,16.663,30,0.0,0.0,0.0,1.3,0.52,0.52,2000.0,1118.1,16199.04,6.9
895,2026-03-31T14:06:01.872270,2026-03-31T14:07:41.707293,99834.926,1,10.802,41.957,486.493,53.274,22.1,29.06568,0.0,3,24.119,73.583,222.211,47.904,68.25,40.36068,0.0,1,11.875,40.359,178.473,38.775,16.35,31.31432,0.0,21.555,17.286,31,20.095,18.13,8,0.0,0.0,0.0,1.54,1.03,0.51,2000.0,1110.98,16199.04,6.86
896,2026-03-31T14:07:43.811424,2026-03-31T14:09:20.898948,97087.394,1,14.018,58.202,188.505,37.392,56.0,26.30766,0.0,3,22.839,64.798,160.105,38.225,52.7,33.27896,0.0,1,10.635,61.061,158.275,36.681,56.75,27.6701,0.0,21.375,17.006,19,16.253,13.42,17,0.0,0.0,0.0,2.1,0.79,0.79,2000.0,1116.56,16199.04,6.89
897,2026-03-31T14:09:22.901716,2026-03-31T14:11:06.583781,103681.966,1,12.704,43.243,279.834,42.225,16.5,30.96146,0.0,3,24.616,57.622,317.325,52.496,29.5,38.36692,0.0,1,12.701,39.2,275.111,45.617,16.35,31.70496,0.0,22.565,21.874,22,14.626,9.855,8,0.0,0.0,0.0,3.49,1.0,1.75,2000.0,1115.32,16199.04,6.89
898,2026-03-31T14:11:08.587016,2026-03-31T14:12:45.082101,96495.0,1,13.126,47.034,146.232,30.534,51.8,26.40736,0.0,3,22.466,66.797,250.904,48.649,46.6,39.52996,0.0,1,11.405,37.637,163.488,34.644,16.0,27.6282,0.0,24.816,23.683,51,16.813,14.563,12,0.0,0.0,0.0,2.08,0.52,1.04,2000.0,1117.0,16199.04,6.9
899,2026-03-31T14:12:47.109230,2026-03-31T14:14:29.489438,102380.12,1,11.253,36.538,191.316,40.489,15.1,30.32138,0.0,3,23.566,82.481,466.817,73.357,62.5,48.6208,0.0,1,11.719,34.757,189.205,32.953,15.65,26.40864,0.0,23.584,13.937,47,15.163,13.549,22,0.0,0.0,0.0,3.13,1.04,1.31,2000.0,1119.16,16199.04,6.91
900,2026-03-31T14:14:31.498300,2026-03-31T14:16:13.359612,101861.221,1,11.969,32.369,229.435,32.383,15.2,23.60786,0.0,3,24.157,63.358,305.366,53.459,36.7,39.9433,0.0,1,12.866,59.737,296.397,55.285,54.8,36.6245,0.0,22.796,21.302,20,20.798,15.18,22,0.0,0.0,0.0,2.0,0.5,1.5,2000.0,1110.7,16199.04,6.86
901,2026-03-31T14:16:15.794928,2026-03-31T14:17:56.978745,101183.709,1,12.561,57.122,310.271,53.302,55.7,31.3984,0.0,3,24.484,71.994,355.727,57.435,49.05,45.97684,0.0,1,11.938,57.641,412.035,53.937,52.95,31.77988,0.0,21.266,15.077,58,18.098,16.074,24,0.0,0.0,0.0,2.26,0.5,1.01,2000.0,1106.44,16199.04,6.83
902,2026-03-31T14:17:58.990541,2026-03-31T14:19:33.770195,94779.574,1,12.276,30.03,121.702,25.481,15.9,19.9834,0.0,3,23.273,96.23,293.332,51.91,94.1,40.31668,0.0,1,11.466,42.964,269.716,47.739,16.15,32.61506,0.0,23.066,22.039,24,16.611,15.762,9,0.0,0.0,0.0,0.78,0.52,0.26,2000.0,1092.92,16199.04,6.75
903,2026-03-31T14:19:35.772932,2026-03-31T14:21:16.461690,100688.673,1,12.849,45.623,167.467,31.439,46.75,26.31054,0.0,3,23.732,78.188,271.942,55.852,61.9,42.66784,0.0,1,12.116,33.844,224.519,37.386,15.8,26.70976,0.0,20.098,13.972,26,13.755,13.066,7,0.0,0.0,0.0,1.77,0.51,1.27,2000.0,1098.36,16199.04,6.78
904,2026-03-31T14:21:18.467865,2026-03-31T14:22:57.838009,99370.054,1,13.095,46.288,270.507,39.369,34.2,28.92432,0.0,3,24.464,69.727,294.68,43.849,62.05,34.5272,0.0,1,11.385,31.525,206.254,34.644,15.35,23.7116,0.0,25.288,19.868,47,18.72,17.468,19,0.0,0.0,0.0,2.25,1.12,0.9,2000.0,1108.77,16199.04,6.84
905,2026-03-31T14:22:59.926158,2026-03-31T14:24:36.426870,96500.614,1,12.532,56.405,237.929,47.672,44.1,35.9243,0.0,3,22.752,64.435,496.869,74.0,29.65,45.02056,0.0,1,12.728,45.968,154.573,32.225,37.75,27.2284,0.0,23.983,22.03,49,20.154,18.16,24,0.0,0.0,0.0,1.79,0.77,0.77,2000.0,1107.78,16199.04,6.84
906,2026-03-31T14:24:38.430208,2026-03-31T14:26:16.866801,98436.495,1,12.377,54.276,388.019,51.59,49.1,31.1312,0.0,3,24.372,81.549,296.623,49.694,74.95,38.98512,0.0,1,11.692,32.213,111.95,23.179,17.1,19.6889,0.0,21.275,20.396,26,14.989,13.842,13,0.0,0.0,0.0,2.89,0.79,1.57,2000.0,1113.79,16199.04,6.88
907,2026-03-31T14:26:18.877658,2026-03-31T14:27:56.080315,97202.565,1,12.397,48.777,249.864,42.366,40.85,29.0546,0.0,3,23.405,89.337,200.723,41.191,94.45,34.32264,0.0,1,12.589,58.624,301.198,50.009,52.25,30.81036,0.0,24.213,22.583,41,14.476,13.773,11,0.0,0.0,0.0,2.11,0.79,1.06,2000.0,1113.18,16199.04,6.87
908,2026-03-31T14:27:58.082743,2026-03-31T14:29:35.459919,97377.117,1,12.328,34.008,112.202,26.332,17.1,22.3096,0.0,3,24.741,78.056,283.004,52.703,61.45,40.3892,0.0,1,9.912,46.394,204.623,41.786,33.25,30.479558,0.0,68.729,54.02,1,40.578,34.86,0,0.0,0.0,0.0,1.0,0.5,0.25,2000.0,1100.3,16199.04,6.79
909,2026-03-31T14:29:37.465367,2026-03-31T14:31:16.969635,99504.223,1,10.658,43.229,89.779,23.513,48.85,21.12408,0.0,3,20.019,68.25,146.731,35.179,69.65,32.388,0.0,1,11.007,44.924,132.44,25.4,51.6,21.85712,0.0,23.282,20.916,6,23.567,16.053,12,0.0,0.0,0.0,1.14,0.23,0.91,2000.0,1096.67,16199.04,6.77
910,2026-03-31T14:31:18.973549,2026-03-31T14:32:55.124579,96150.985,1,10.791,57.996,134.86,26.21,62.25,19.03668,0.0,3,21.704,81.322,272.317,45.961,80.4,36.797,0.0,1,10.217,60.095,293.677,44.366,62.3,30.4927,0.0,20.918,18.963,6,12.584,9.615,15,0.0,0.0,0.0,0.51,0.0,0.51,2000.0,1089.08,16199.04,6.72
911,2026-03-31T14:32:57.264876,2026-03-31T14:34:37.936116,100671.178,1,10.278,33.923,188.247,30.228,14.15,23.9912,0.0,3,20.497,49.074,147.866,33.943,25.55,28.84682,0.0,1,9.752,50.096,105.261,22.374,54.75,18.71941,0.0,15.866,13.059,3,22.015,14.857,8,0.0,0.0,0.0,0.77,0.26,0.51,2000.0,1091.34,16199.04,6.74
912,2026-03-31T14:34:39.936995,2026-03-31T14:36:47.502040,127565.002,1,10.194,19.538,137.019,18.422,12.7,11.4128,0.0,3,18.331,76.898,178.582,38.705,90.1,33.68096,0.0,1,9.914,33.104,104.999,24.865,13.7,22.958756,0.0,21.887,17.699,7,,,,0.0,0.0,0.0,1.03,0.26,0.51,2000.0,1093.44,16199.04,6.75
913,2026-03-31T14:36:49.504181,2026-03-31T14:38:26.777952,97273.736,1,10.457,42.002,181.919,30.986,34.1,25.75504,0.0,3,20.853,62.659,220.109,36.983,60.9,29.50528,0.0,1,12.205,57.437,231.151,28.779,62.35,18.57034,0.0,24.872,22.452,7,22.209,20.327,6,0.0,0.0,0.0,0.64,0.21,0.42,2000.0,1091.72,16199.04,6.74
914,2026-03-31T14:38:28.929236,2026-03-31T14:40:43.627291,134698.009,1,11.189,48.928,147.155,29.469,57.1,24.642,0.0,3,21.269,53.905,169.631,42.054,25.2,36.64848,0.0,1,10.313,29.592,283.201,39.729,12.85,25.68032,0.0,20.834,17.82,8,,,,0.0,0.0,0.0,0.77,0.0,0.77,2000.0,1094.09,16199.04,6.75
915,2026-03-31T14:40:45.633154,2026-03-31T14:42:22.985813,97352.6,1,10.933,57.053,166.321,27.955,61.85,18.47376,0.0,3,23.311,86.082,192.938,34.921,93.8,29.47084,0.0,1,10.253,16.876,83.947,14.022,12.45,7.86128,0.0,19.013,15.829,6,25.526,22.748,12,0.0,0.0,0.0,0.77,0.26,0.51,2000.0,1088.49,16199.04,6.72
916,2026-03-31T14:42:24.986499,2026-03-31T14:44:34.848261,129861.719,1,10.835,41.675,447.223,51.595,23.25,30.4566,0.0,3,19.233,43.248,232.265,36.98,23.55,27.07958,0.0,1,10.935,37.251,189.337,32.104,16.4,26.57444,0.0,25.941,22.778,3,,,,0.0,0.0,0.0,1.27,0.51,0.51,2000.0,1099.09,16199.04,6.78
917,2026-03-31T14:44:36.861159,2026-03-31T14:46:11.717523,94856.324,1,10.324,46.403,115.776,28.556,54.85,25.2084,0.0,3,19.613,70.235,354.325,52.479,63.45,40.12346,0.0,1,15.203,70.976,224.155,39.568,62.65,25.7676,0.0,17.508,15.317,3,22.985,19.211,5,0.0,0.0,0.0,1.41,0.23,0.94,2000.0,1091.29,16199.04,6.74
918,2026-03-31T14:46:13.880995,2026-03-31T14:47:51.589854,97708.804,1,10.32,49.467,394.216,50.74,39.6,29.53984,0.0,3,23.549,113.724,382.184,65.942,104.5,42.61622,0.0,1,11.382,53.584,135.927,30.722,62.05,23.40012,0.0,18.428,14.921,8,22.285,18.231,11,0.0,0.0,0.0,0.26,0.0,0.26,2000.0,1092.43,16199.04,6.74
919,2026-03-31T14:47:53.735877,2026-03-31T14:49:27.856392,94120.466,1,12.587,52.445,141.317,22.223,58.75,17.08448,0.0,3,22.023,90.748,210.255,38.725,103.0,30.52236,0.0,1,10.429,42.553,105.173,26.157,51.6,23.40296,0.0,23.106,20.158,5,20.409,16.814,7,0.0,0.0,0.0,1.28,0.26,0.77,2000.0,1091.84,16199.04,6.74
920,2026-03-31T14:49:29.859928,2026-03-31T14:51:06.029455,96169.457,1,10.089,57.541,453.189,52.908,62.3,25.48336,0.0,3,22.033,87.995,307.332,48.236,96.85,35.4763,0.0,1,11.606,61.011,238.463,33.275,62.35,19.07124,0.0,15.723,14.499,4,33.789,26.854,10,0.0,0.0,0.0,1.02,0.25,0.51,2000.0,1094.63,16199.04,6.76
921,2026-03-31T14:51:08.351482,2026-03-31T14:53:02.944378,114592.846,1,10.755,47.722,185.471,28.429,57.4,23.10692,0.0,3,21.542,93.473,300.864,44.072,103.0,32.66446,0.0,1,10.441,33.265,296.901,41.025,13.1,28.3396,0.0,19.228,8.92,5,15.801,11.535,9,0.0,0.0,0.0,1.28,0.26,0.77,2000.0,1100.2,16199.04,6.79
922,2026-03-31T14:53:04.972862,2026-03-31T14:55:16.457828,131484.916,1,11.446,54.557,157.392,31.651,62.35,25.00402,0.0,3,20.181,58.006,187.609,45.286,25.2,40.53498,0.0,1,9.996,31.841,136.208,29.646,13.25,25.26094,0.0,,,,20.649,18.349,13,0.0,0.0,0.0,1.03,0.0,0.77,2000.0,1099.94,16199.04,6.79
923,2026-03-31T14:55:18.464189,2026-03-31T14:56:58.589163,100124.928,1,10.33,42.724,375.696,43.325,32.2,28.75472,0.0,3,19.025,53.902,156.859,37.221,29.1,32.9464,0.0,1,11.033,42.839,130.497,30.822,42.35,27.49352,0.0,18.168,15.016,0,24.89,21.903,6,0.0,0.0,0.0,0.77,0.0,0.51,2000.0,1106.16,16199.04,6.83
924,2026-03-31T14:57:00.596261,2026-03-31T14:58:45.182728,104586.411,1,10.565,53.895,305.548,39.528,56.3,26.1016,0.0,3,22.034,68.377,196.183,40.795,66.4,35.77172,0.0,1,10.145,36.655,321.321,38.054,15.4,26.48454,0.0,20.517,12.526,5,18.129,16.991,10,0.0,0.0,0.0,1.24,0.25,0.5,2000.0,1093.89,16199.04,6.75
925,2026-03-31T14:58:47.353476,2026-03-31T15:00:22.352325,94998.788,1,11.08,49.532,145.02,25.286,52.7,20.67016,0.0,3,21.172,78.172,266.779,46.023,77.9,36.223,0.0,1,11.69,49.843,104.829,22.319,60.35,19.09598,0.0,23.818,20.321,3,25.943,22.955,10,0.0,0.0,0.0,1.02,0.0,0.76,2000.0,1086.61,16199.04,6.71
926,2026-03-31T15:00:24.354466,2026-03-31T15:02:09.827486,105472.982,1,10.48,57.723,240.506,46.583,57.8,31.52642,0.0,3,21.447,92.822,213.198,46.098,98.4,35.93978,0.0,1,9.981,45.737,634.804,67.878,14.6,34.978048,0.0,19.622,18.25,5,26.074,23.345,8,0.0,0.0,0.0,1.28,0.51,0.51,2000.0,1104.18,16199.04,6.82
927,2026-03-31T15:02:11.837183,2026-03-31T15:04:09.997962,118160.718,1,9.997,52.234,168.359,33.814,60.8,26.0912,0.0,3,19.52,46.338,142.41,36.802,23.65,31.78832,0.0,1,10.498,37.317,178.269,27.556,32.0,22.91928,0.0,19.446,16.233,0,20.926,7.747,10,0.0,0.0,0.0,1.01,0.51,0.51,2000.0,1092.43,16199.04,6.74
928,2026-03-31T15:04:12.097836,2026-03-31T15:05:52.074185,99976.299,1,12.448,50.864,112.481,20.937,59.85,17.3744,0.0,3,20.621,59.084,135.093,36.226,53.4,32.8232,0.0,1,10.39,37.178,147.907,26.28,29.3,22.992,0.0,19.036,15.755,7,10.426,8.399,17,0.0,0.0,0.0,0.97,0.24,0.73,2000.0,1095.34,16199.04,6.76
929,2026-03-31T15:05:54.118119,2026-03-31T15:07:29.428689,95310.523,1,10.305,47.832,165.45,30.284,49.9,23.1632,0.0,3,20.421,73.272,189.724,43.193,78.9,37.51044,0.0,1,11.301,65.932,260.236,46.137,60.1,28.77804,0.0,11.75,9.812,2,17.104,13.95,9,0.0,0.0,0.0,1.0,0.25,0.75,2000.0,1094.05,16199.04,6.75
930,2026-03-31T15:07:31.463765,2026-03-31T15:09:08.154871,96691.052,1,10.358,44.536,125.098,25.506,51.7,21.93928,0.0,3,18.981,42.899,141.776,34.207,23.8,27.72944,0.0,1,10.727,61.617,216.449,29.916,62.5,17.65132,0.0,17.474,16.153,7,22.564,20.965,5,0.0,0.0,0.0,1.27,0.25,0.51,2000.0,1108.42,16199.04,6.84
931,2026-03-31T15:09:10.162499,2026-03-31T15:10:52.886471,102723.899,1,10.471,45.495,124.782,26.569,53.05,22.79336,0.0,3,19.345,54.083,151.195,39.915,25.35,36.09712,0.0,1,9.989,50.491,699.047,71.946,50.5,31.6561,0.0,20.298,13.259,7,18.788,15.943,5,0.0,0.0,0.0,0.92,0.23,0.23,2000.0,1104.53,16199.04,6.82
932,2026-03-31T15:10:54.924836,2026-03-31T15:12:33.585614,98660.751,1,9.322,14.777,63.559,10.316,12.2,4.87313,0.0,3,19.629,25.661,104.606,13.422,22.75,5.505,0.0,1,10.405,18.237,63.588,14.762,12.4,9.97244,0.0,24.7,21.869,10,24.567,16.059,2,0.0,0.0,0.0,0.77,0.26,0.51,2000.0,1093.06,16199.04,6.75
933,2026-03-31T15:12:35.591722,2026-03-31T15:14:32.530118,116938.351,1,10.652,34.25,161.728,30.398,14.4,24.77336,0.0,3,19.727,38.605,151.717,33.17,23.05,25.1624,0.0,1,9.418,22.298,80.76,18.378,13.2,14.433072,0.0,20.826,17.716,6,19.231,8.591,15,0.0,0.0,0.0,1.56,0.52,1.04,2000.0,1099.99,16199.04,6.79
934,2026-03-31T15:14:34.633594,2026-03-31T15:16:49.309519,134675.859,1,10.672,25.079,149.33,24.895,12.9,18.08404,0.0,3,19.177,34.69,157.613,28.056,23.4,18.68326,0.0,1,10.607,35.39,125.519,27.142,20.75,24.16068,0.0,16.566,11.499,16,30.075,7.109,9,0.0,0.0,0.0,1.24,0.25,0.5,2000.0,1095.31,16199.04,6.76
935,2026-03-31T15:16:51.501332,2026-03-31T15:18:56.102911,124601.505,1,9.977,53.764,189.111,39.554,55.35,29.618964,0.0,3,19.404,25.387,106.487,13.616,23.1,4.6476,0.0,1,10.441,40.085,236.175,47.635,13.65,34.0466,0.0,30.909,26.085,5,24.793,7.822,6,0.0,0.0,0.0,1.27,0.25,1.02,2000.0,1093.88,16199.04,6.75
936,2026-03-31T15:18:58.237721,2026-03-31T15:21:12.337768,134099.968,1,10.115,39.495,136.082,31.887,23.25,27.6978,0.0,3,19.686,58.191,256.383,49.835,24.3,41.2204,0.0,1,11.611,51.549,158.296,28.983,52.6,22.93704,0.0,,,,21.619,14.431,2,0.0,0.0,0.0,1.55,1.03,0.52,2000.0,1100.66,16199.04,6.79
937,2026-03-31T15:21:14.347521,2026-03-31T15:23:07.142300,112794.731,1,10.113,51.135,176.647,30.959,56.4,23.7592,0.0,3,20.222,48.738,239.489,46.748,24.0,37.098,0.0,1,9.763,47.794,715.647,81.8,16.0,40.288596,0.0,29.434,19.818,2,19.522,13.23,14,0.0,0.0,0.0,1.59,0.46,0.68,2000.0,1106.22,16199.04,6.83
938,2026-03-31T15:23:09.274431,2026-03-31T15:25:21.521234,132246.746,1,10.708,38.755,166.931,30.031,29.0,25.2167,0.0,3,20.317,78.29,610.783,73.271,65.5,49.4667,0.0,1,9.85,25.214,178.877,24.206,13.2,17.61108,0.0,28.957,23.486,4,,,,0.0,0.0,0.0,1.02,0.51,0.51,2000.0,1107.1,16199.04,6.83
939,2026-03-31T15:25:23.525205,2026-03-31T15:27:05.029991,101504.741,1,11.096,55.092,218.894,40.992,61.15,28.3872,0.0,3,20.346,43.875,213.368,39.126,23.95,30.5075,0.0,1,8.874,40.166,272.734,39.246,25.8,28.130224,0.0,20.068,17.583,11,25.774,20.696,9,0.0,0.0,0.0,1.53,0.25,1.02,2000.0,1090.65,16199.04,6.73
940,2026-03-31T15:27:07.298724,2026-03-31T15:29:14.584502,127285.73,1,10.548,40.959,140.384,27.62,39.75,24.045,0.0,3,19.516,69.114,275.446,52.317,47.05,45.0961,0.0,1,9.992,42.759,209.461,36.046,33.9,29.705616,0.0,,,,21.313,18.274,17,0.0,0.0,0.0,0.99,0.25,0.5,2000.0,1100.08,16199.04,6.79
941,2026-03-31T15:29:16.587014,2026-03-31T15:31:03.516651,106929.558,1,10.025,50.452,250.949,38.633,53.75,29.50912,0.0,3,20.444,75.37,328.466,52.488,73.85,40.25152,0.0,1,11.081,43.098,146.398,26.808,40.8,23.00384,0.0,15.687,11.55,5,22.607,14.365,6,0.0,0.0,0.0,1.02,0.51,0.25,2000.0,1112.02,16199.04,6.86
942,2026-03-31T15:31:05.527235,2026-03-31T15:32:42.198763,96671.493,1,11.529,65.095,241.233,50.808,62.25,36.00956,0.0,3,20.848,80.395,298.456,53.49,72.1,40.95002,0.0,1,10.374,41.634,160.302,30.373,42.1,25.85968,0.0,22.304,20.446,16,27.612,25.672,6,0.0,0.0,0.0,1.03,0.51,0.26,2000.0,1091.29,16199.04,6.74
943,2026-03-31T15:32:44.202071,2026-03-31T15:34:57.423977,133221.87,1,12.13,53.679,119.261,22.423,62.1,17.76136,0.0,3,19.756,61.608,155.167,35.392,61.1,31.8857,0.0,1,9.59,46.476,105.072,23.99,52.5,21.157632,0.0,21.926,8.025,13,29.517,12.555,8,0.0,0.0,0.0,0.77,0.26,0.51,2000.0,1095.46,16199.04,6.76
944,2026-03-31T15:34:59.427534,2026-03-31T15:37:07.432391,128004.812,1,10.106,40.954,124.567,28.941,35.1,25.2948,0.0,3,22.356,92.108,220.664,40.221,103.0,31.17638,0.0,1,10.383,35.791,125.699,29.627,14.0,26.23866,0.0,,,,23.724,20.451,8,0.0,0.0,0.0,0.77,0.51,0.26,2000.0,1095.32,16199.04,6.76
945,2026-03-31T15:37:09.439351,2026-03-31T15:38:45.286801,95847.401,1,10.952,42.399,115.13,25.782,44.75,23.136,0.0,3,19.803,76.945,322.298,47.993,71.8,37.46484,0.0,1,9.965,24.309,94.056,21.132,12.8,17.016436,0.0,32.507,26.302,2,24.447,18.721,5,0.0,0.0,0.0,0.77,0.26,0.26,2000.0,1087.58,16199.04,6.71
946,2026-03-31T15:38:47.295796,2026-03-31T15:40:29.029967,101734.11,1,13.718,70.254,209.872,31.268,62.6,22.7834,0.0,3,21.137,70.608,167.154,43.887,78.6,40.38568,0.0,1,12.129,65.678,235.317,37.529,62.7,24.52944,0.0,16.473,12.06,8,19.439,16.53,6,0.0,0.0,0.0,1.44,0.72,0.24,2000.0,1092.75,16199.04,6.75
947,2026-03-31T15:40:31.058435,2026-03-31T15:42:35.517201,124458.693,1,10.845,35.718,125.199,28.443,14.8,25.10108,0.0,3,19.897,79.754,247.454,41.39,86.8,33.7701,0.0,1,10.067,43.628,136.912,28.054,53.4,24.94168,0.0,18.328,14.401,10,22.409,6.761,5,0.0,0.0,0.0,1.72,0.74,0.74,2000.0,1095.43,16199.04,6.76
948,2026-03-31T15:42:37.519659,2026-03-31T15:44:16.765359,99245.609,1,9.907,33.691,142.815,30.908,15.6,25.003972,0.0,3,21.767,60.592,213.925,44.636,34.7,38.69274,0.0,1,12.115,58.597,247.192,48.124,55.35,31.17174,0.0,24.125,23.123,15,16.896,11.012,17,0.0,0.0,0.0,1.43,0.71,0.48,2000.0,1095.68,16199.04,6.76
949,2026-03-31T15:44:18.792420,2026-03-31T15:46:07.634987,108842.461,1,12.746,47.936,239.873,43.239,39.35,30.17488,0.0,3,22.721,72.324,381.239,60.873,46.0,46.56498,0.0,1,11.689,38.924,198.081,40.108,15.45,31.015,0.0,24.052,22.042,63,23.039,9.81,53,0.0,0.0,0.0,2.12,0.53,1.06,2000.0,1094.77,16199.04,6.76
950,2026-03-31T15:46:09.722475,2026-03-31T15:47:47.497956,97775.381,1,12.563,62.577,311.42,50.767,60.5,36.42682,0.0,3,22.336,101.021,429.851,85.828,92.25,62.1822,0.0,1,11.138,25.719,99.029,21.961,14.5,16.60224,0.0,22.478,20.433,75,17.915,16.282,20,0.0,0.0,0.0,2.63,1.05,1.32,2000.0,1103.72,16199.04,6.81
951,2026-03-31T15:47:49.503476,2026-03-31T15:49:26.013975,96510.418,1,11.891,49.923,231.608,45.313,29.55,35.23084,0.0,3,22.72,48.704,174.574,36.655,27.95,28.75534,0.0,1,12.297,32.424,88.43,20.262,21.0,17.74372,0.0,17.754,17.171,22,15.234,14.487,15,0.0,0.0,0.0,4.18,2.35,1.57,2000.0,1107.17,16199.04,6.83
952,2026-03-31T15:49:28.194301,2026-03-31T15:51:05.449107,97254.714,1,12.209,44.448,342.231,52.567,22.7,32.46992,0.0,3,25.69,75.812,160.522,38.972,63.15,34.3713,0.0,1,11.046,55.411,364.369,49.93,52.95,31.04014,0.0,22.018,20.397,16,14.732,12.503,10,0.0,0.0,0.0,2.6,1.3,0.78,2000.0,1113.41,16199.04,6.87
953,2026-03-31T15:51:07.452091,2026-03-31T15:52:46.127043,98674.881,1,14.863,51.492,121.67,24.558,51.95,19.72624,0.0,3,23.541,62.349,220.468,45.342,38.4,37.3621,0.0,1,11.294,18.355,101.062,13.149,14.95,6.3166,0.0,18.89,17.714,14,16.578,14.477,15,0.0,0.0,0.0,1.82,0.52,0.52,2000.0,1116.32,16199.04,6.89
954,2026-03-31T15:52:48.129886,2026-03-31T15:54:31.806865,103676.887,1,11.779,51.158,130.178,29.937,54.1,24.98328,0.0,3,25.311,77.766,230.623,46.281,77.35,37.95372,0.0,1,12.12,48.193,624.206,97.534,15.95,48.10688,0.0,22.41,16.584,8,20.593,18.82,27,0.0,0.0,0.0,1.84,0.52,1.05,2000.0,1117.28,16199.04,6.9
955,2026-03-31T15:54:33.809724,2026-03-31T15:56:11.008218,97198.396,1,12.636,44.989,109.527,24.314,46.4,20.4424,0.0,3,22.84,38.058,130.367,24.505,27.05,17.3258,0.0,1,11.699,34.66,200.677,29.301,20.45,21.69852,0.0,19.086,14.273,32,16.935,15.985,19,0.0,0.0,0.0,2.27,0.5,1.01,2000.0,1111.16,16199.04,6.86
956,2026-03-31T15:56:13.011493,2026-03-31T15:57:52.057838,99046.242,1,11.925,37.882,233.584,33.562,19.2,25.51512,0.0,3,23.862,61.643,180.727,39.759,37.55,35.56946,0.0,1,13.508,59.757,274.014,39.268,57.0,26.547,0.0,22.161,20.964,13,21.563,17.665,41,0.0,0.0,0.0,3.08,0.26,1.79,2000.0,1115.65,16199.04,6.89
957,2026-03-31T15:57:54.417516,2026-03-31T15:59:30.626751,96209.14,1,12.62,55.615,186.083,41.34,51.15,32.0197,0.0,3,23.599,66.771,176.396,39.311,62.65,34.40822,0.0,1,12.636,42.948,107.917,23.781,44.0,21.07394,0.0,21.612,20.327,19,15.771,15.102,30,0.0,0.0,0.0,2.61,1.31,0.78,2000.0,1114.57,16199.04,6.88
958,2026-03-31T15:59:32.630839,2026-03-31T16:01:07.803264,95172.334,1,13.96,57.245,238.938,35.33,57.8,26.017,0.0,3,23.643,57.353,189.244,41.027,29.25,35.2308,0.0,1,11.012,61.377,249.783,36.339,61.7,24.72342,0.0,27.142,24.64,42,16.827,16.098,7,0.0,0.0,0.0,1.28,0.51,0.51,2000.0,1102.04,16199.04,6.8
959,2026-03-31T16:01:09.806870,2026-03-31T16:02:45.829962,96023.0,1,12.223,35.455,144.472,25.587,26.15,20.38632,0.0,3,22.495,49.863,211.33,37.165,29.4,28.6,0.0,1,12.701,40.528,159.952,30.522,27.95,25.1788,0.0,25.724,23.045,23,17.607,16.509,9,0.0,0.0,0.0,1.84,0.53,1.05,2000.0,1108.4,16199.04,6.84
960,2026-03-31T16:02:47.925754,2026-03-31T16:04:35.969897,108044.048,1,12.366,48.97,192.684,33.256,48.45,25.9723,0.0,3,24.026,63.246,248.34,47.185,29.9,40.34768,0.0,1,12.334,44.658,125.336,28.86,40.95,24.6504,0.0,25.622,22.192,27,22.44,10.505,25,0.0,0.0,0.0,2.35,0.78,1.04,2000.0,1110.77,16199.04,6.86
961,2026-03-31T16:04:38.001973,2026-03-31T16:06:12.872764,94870.703,1,12.48,53.069,150.971,31.386,56.65,24.29734,0.0,3,23.579,51.01,209.657,38.585,28.9,29.8712,0.0,1,11.546,51.166,233.619,37.232,50.1,27.04088,0.0,21.962,19.022,34,16.726,16.046,22,0.0,0.0,0.0,2.91,1.06,1.32,2000.0,1102.2,16199.04,6.8
962,2026-03-31T16:06:14.877107,2026-03-31T16:07:55.342199,100464.923,1,11.0,26.451,91.753,23.164,14.7,18.46838,0.0,3,23.124,32.67,221.093,26.138,27.3,10.5682,0.0,1,13.48,50.784,147.237,34.539,49.3,27.74054,0.0,20.875,20.04,19,19.662,16.987,18,0.0,0.0,0.0,2.35,0.52,1.31,2000.0,1104.81,16199.04,6.82
963,2026-03-31T16:07:57.370957,2026-03-31T16:09:36.111068,98740.034,1,14.4,67.391,248.521,41.511,62.45,29.95458,0.0,3,22.77,57.432,321.572,54.029,28.55,39.858,0.0,1,11.592,39.624,142.743,27.681,29.05,23.1284,0.0,17.751,15.007,25,19.593,17.76,25,0.0,0.0,0.0,2.59,1.04,1.04,2000.0,1109.64,16199.04,6.85
964,2026-03-31T16:09:38.120598,2026-03-31T16:11:12.370574,94249.898,1,12.577,60.855,284.96,43.767,62.15,30.19656,0.0,3,23.988,88.716,211.482,43.546,84.0,35.7905,0.0,1,11.001,47.253,129.853,26.657,54.4,23.2315,0.0,24.393,23.165,30,18.572,15.56,16,0.0,0.0,0.0,2.56,1.02,1.02,2000.0,1109.65,16199.04,6.85
965,2026-03-31T16:11:14.373300,2026-03-31T16:12:51.129648,96756.259,1,11.728,22.322,75.783,15.275,15.0,11.4416,0.0,3,23.193,75.225,257.412,50.943,63.95,41.6808,0.0,1,11.629,54.1,248.485,53.196,34.25,40.1498,0.0,23.72,21.844,43,22.413,20.574,35,0.0,0.0,0.0,2.01,0.75,0.75,2000.0,1106.83,16199.04,6.83
966,2026-03-31T16:12:53.174159,2026-03-31T16:14:33.020828,99846.581,1,13.695,55.589,221.534,36.892,52.75,26.0297,0.0,3,24.127,78.264,231.612,45.686,68.9,37.14664,0.0,1,11.741,37.718,125.975,28.208,18.0,24.4974,0.0,23.092,22.084,52,19.674,14.232,22,0.0,0.0,0.0,2.35,0.78,0.78,2000.0,1110.61,16199.04,6.86
967,2026-03-31T16:14:35.025521,2026-03-31T16:16:14.236417,99210.811,1,12.429,55.631,195.974,33.72,60.15,26.5815,0.0,3,24.357,68.838,198.904,40.351,60.75,33.798,0.0,1,12.26,43.67,191.213,38.208,23.05,30.0072,0.0,21.184,16.336,14,20.586,16.818,21,0.0,0.0,0.0,2.49,1.0,0.75,2000.0,1115.66,16199.04,6.89
968,2026-03-31T16:16:16.406908,2026-03-31T16:17:58.870028,102463.042,1,11.52,35.348,146.897,30.198,16.25,25.0197,0.0,3,23.621,67.556,185.182,41.074,62.85,35.6724,0.0,1,12.775,56.181,160.121,32.623,59.7,25.97908,0.0,23.543,19.842,32,18.412,14.932,20,0.0,0.0,0.0,2.62,1.05,1.31,2000.0,1118.34,16199.04,6.9
969,2026-03-31T16:18:00.881804,2026-03-31T16:19:36.477069,95595.175,1,11.424,31.934,147.542,26.827,15.5,22.06672,0.0,3,22.436,89.839,248.114,45.321,89.5,36.206,0.0,1,11.843,39.061,116.101,26.452,33.6,22.73852,0.0,24.176,22.94,29,16.651,14.698,21,0.0,0.0,0.0,1.71,0.73,0.73,2000.0,1111.29,16199.04,6.86
970,2026-03-31T16:19:38.513184,2026-03-31T16:21:16.460771,97947.516,1,12.346,50.107,243.622,45.977,28.2,34.89772,0.0,3,21.712,46.051,192.083,36.29,27.25,27.6223,0.0,1,11.643,52.252,273.323,46.283,52.25,32.758,0.0,20.199,16.455,32,15.496,14.855,10,0.0,0.0,0.0,2.37,0.53,1.05,2000.0,1115.81,16199.04,6.89
971,2026-03-31T16:21:18.470887,2026-03-31T16:22:58.943912,100472.932,1,11.831,39.846,114.659,30.432,20.1,27.2132,0.0,3,24.696,80.414,216.46,45.841,78.25,38.12608,0.0,1,11.276,44.402,218.088,43.143,16.45,34.66176,0.0,20.808,17.537,22,14.289,13.661,13,0.0,0.0,0.0,2.63,1.05,1.32,2000.0,1118.2,16199.04,6.9
972,2026-03-31T16:23:01.198249,2026-03-31T16:24:38.810159,97611.81,1,12.844,54.022,146.132,27.908,53.8,21.508,0.0,3,24.586,65.967,311.797,46.863,47.75,37.39922,0.0,1,13.562,84.226,285.561,62.955,63.7,51.19888,0.0,22.42,21.454,20,11.339,10.829,12,0.0,0.0,0.0,2.09,0.52,0.78,2000.0,1116.66,16199.04,6.89
973,2026-03-31T16:24:40.821587,2026-03-31T16:26:16.326450,95504.776,1,11.803,43.725,162.814,30.001,35.35,25.81568,0.0,3,23.387,66.889,209.452,40.993,54.35,34.51988,0.0,1,11.376,39.456,228.232,36.515,20.2,27.09078,0.0,22.319,18.335,19,18.08,16.956,12,0.0,0.0,0.0,1.83,1.04,0.52,2000.0,1114.82,16199.04,6.88
974,2026-03-31T16:26:18.397352,2026-03-31T16:27:56.799346,98401.908,1,13.187,40.684,254.784,48.655,16.2,32.84784,0.0,3,23.946,98.12,913.198,99.531,73.6,56.24608,0.0,1,12.684,72.32,619.587,88.155,52.35,53.76952,0.0,23.739,21.977,30,18.753,17.835,25,0.0,0.0,0.0,2.12,0.53,1.32,2000.0,1115.76,16199.04,6.89
975,2026-03-31T16:27:58.802865,2026-03-31T16:29:42.917840,104114.9,1,12.005,42.665,113.829,24.638,38.15,21.3888,0.0,3,23.905,56.259,178.577,38.597,31.35,31.84212,0.0,1,14.498,49.895,168.396,27.853,49.9,21.229,0.0,21.18,12.729,32,17.083,14.891,14,0.0,0.0,0.0,1.57,0.79,0.79,2000.0,1116.94,16199.04,6.9
976,2026-03-31T16:29:44.921821,2026-03-31T16:31:22.186429,97264.519,1,12.602,49.154,241.122,48.628,33.4,34.92242,0.0,3,22.844,63.76,271.883,49.565,32.05,39.93998,0.0,1,13.064,45.291,157.561,26.418,47.85,21.72636,0.0,20.741,19.597,54,18.534,17.44,28,0.0,0.0,0.0,4.24,1.06,1.86,2000.0,1114.21,16199.04,6.88
977,2026-03-31T16:31:24.301586,2026-03-31T16:33:11.648980,107347.288,1,12.012,34.712,189.176,31.842,16.35,25.2364,0.0,3,23.039,50.517,241.84,37.621,28.85,30.01504,0.0,1,12.473,44.371,144.534,29.165,38.35,23.83216,0.0,22.435,9.996,44,18.081,17.289,25,0.0,0.0,0.0,2.72,1.24,1.49,2000.0,1116.31,16199.04,6.89
978,2026-03-31T16:33:13.798537,2026-03-31T16:34:58.968554,105169.93,1,12.212,70.218,431.983,79.685,51.35,53.49792,0.0,3,24.049,81.274,221.201,48.54,78.55,41.66326,0.0,1,11.891,33.527,142.292,29.419,15.6,23.8078,0.0,22.231,14.309,58,17.204,13.633,23,0.0,0.0,0.0,1.65,0.47,0.94,2000.0,1116.2,16199.04,6.89
979,2026-03-31T16:35:00.969545,2026-03-31T16:36:40.186164,99216.528,1,11.036,37.702,251.502,35.044,21.85,24.76542,0.0,3,21.618,60.79,202.045,37.758,49.4,30.56482,0.0,1,11.19,41.646,123.033,28.435,30.9,25.41444,0.0,21.393,18.413,67,15.381,13.142,26,0.0,0.0,0.0,3.04,1.01,1.52,2000.0,1116.71,16199.04,6.89
980,2026-03-31T16:36:42.197675,2026-03-31T16:38:20.590235,98392.3,1,11.696,39.614,242.684,41.991,16.65,30.644,0.0,3,23.327,50.79,254.813,44.054,28.6,32.48918,0.0,1,13.13,63.599,400.404,60.32,55.35,34.35754,0.0,20.905,20.068,27,13.182,12.616,11,0.0,0.0,0.0,1.65,0.47,0.94,2000.0,1117.76,16199.04,6.9
981,2026-03-31T16:38:22.650020,2026-03-31T16:39:59.457549,96807.451,1,12.795,47.506,148.199,29.769,49.35,24.44552,0.0,3,23.703,53.976,212.2,41.874,28.95,34.20384,0.0,1,12.984,42.184,126.275,29.559,34.6,25.4658,0.0,21.589,20.816,25,16.425,15.409,9,0.0,0.0,0.0,2.4,0.96,0.72,2000.0,1115.6,16199.04,6.89
982,2026-03-31T16:40:01.523040,2026-03-31T16:41:38.403176,96880.059,1,11.993,46.996,149.638,31.301,40.05,26.38872,0.0,3,21.234,60.917,211.241,46.418,31.45,38.48252,0.0,1,12.11,41.682,141.898,29.946,31.65,25.88112,0.0,21.804,19.153,45,18.922,17.576,27,0.0,0.0,0.0,2.04,0.26,1.28,2000.0,1115.87,16199.04,6.89
983,2026-03-31T16:41:40.423599,2026-03-31T16:43:15.447997,95024.302,1,12.865,64.748,199.351,44.59,63.25,33.10952,0.0,3,23.929,53.874,195.074,36.54,31.05,29.36432,0.0,1,12.453,50.814,215.222,32.723,49.35,23.98408,0.0,18.828,17.956,20,15.953,15.092,19,0.0,0.0,0.0,2.13,0.53,1.6,2000.0,1112.29,16199.04,6.87
984,2026-03-31T16:43:17.640234,2026-03-31T16:44:58.094796,100454.475,1,13.17,49.907,172.717,31.016,52.45,25.8612,0.0,3,23.223,60.426,200.747,39.452,42.65,32.5104,0.0,1,11.804,50.655,305.834,56.17,19.3,40.3727,0.0,20.391,16.39,38,15.278,13.059,15,0.0,0.0,0.0,2.18,0.87,0.66,2000.0,1109.37,16199.04,6.85
985,2026-03-31T16:45:00.097957,2026-03-31T16:46:38.666517,98568.37,1,13.781,59.71,224.791,39.051,57.35,28.08376,0.0,3,23.919,81.045,258.917,51.136,73.1,40.2145,0.0,1,11.744,40.621,307.672,49.053,15.55,34.73242,0.0,20.64,17.929,39,15.82,13.433,26,0.0,0.0,0.0,1.83,0.79,0.79,2000.0,1114.28,16199.04,6.88
986,2026-03-31T16:46:40.670239,2026-03-31T16:48:18.122636,97452.291,1,13.606,50.756,144.391,25.883,52.8,20.8254,0.0,3,22.781,106.208,403.105,72.921,94.15,54.06244,0.0,1,11.347,62.502,328.935,42.602,62.6,25.26812,0.0,20.58,15.808,22,18.339,15.239,38,0.0,0.0,0.0,1.85,0.79,1.06,2000.0,1109.82,16199.04,6.85
987,2026-03-31T16:48:20.243422,2026-03-31T16:49:58.194219,97950.729,1,12.972,39.092,96.992,22.679,36.55,20.28384,0.0,3,24.795,69.295,181.802,39.914,62.0,34.5227,0.0,1,12.322,30.323,162.659,25.555,17.0,19.5224,0.0,18.149,15.943,17,12.462,11.716,11,0.0,0.0,0.0,1.82,0.26,1.04,2000.0,1108.51,16199.04,6.84
988,2026-03-31T16:50:00.201835,2026-03-31T16:51:36.774460,96572.546,1,11.205,27.129,104.703,20.601,15.85,16.4902,0.0,3,22.182,50.722,262.504,41.518,30.35,29.3036,0.0,1,12.406,43.913,123.689,25.432,43.85,21.798,0.0,23.413,21.002,45,15.127,14.509,7,0.0,0.0,0.0,3.15,1.05,1.57,2000.0,1111.18,16199.04,6.86
989,2026-03-31T16:51:38.778986,2026-03-31T16:53:15.218944,96439.886,1,12.232,44.698,202.995,36.762,29.75,29.23746,0.0,3,25.227,89.28,396.881,61.429,81.25,44.2834,0.0,1,13.987,74.493,384.107,57.51,64.0,38.69016,0.0,21.171,19.8,24,17.168,16.123,21,0.0,0.0,0.0,2.34,1.04,1.3,2000.0,1106.18,16199.04,6.83
990,2026-03-31T16:53:17.337280,2026-03-31T16:54:54.676056,97338.67,1,10.858,60.681,381.112,68.634,40.45,43.36608,0.0,3,21.839,58.376,207.193,39.504,37.15,32.20874,0.0,1,11.865,42.46,126.825,27.271,37.5,22.84832,0.0,19.932,19.003,28,18.576,15.457,41,0.0,0.0,0.0,1.06,0.0,1.06,2000.0,1111.67,16199.04,6.86
991,2026-03-31T16:54:56.679730,2026-03-31T16:56:32.897385,96217.521,1,12.423,51.823,540.408,70.576,33.15,36.7541,0.0,3,23.085,46.96,145.592,33.318,28.8,27.17014,0.0,1,13.117,51.092,178.549,36.054,49.75,28.72992,0.0,23.992,21.577,58,15.754,15.049,12,0.0,0.0,0.0,1.58,0.26,1.05,2000.0,1114.05,16199.04,6.88
992,2026-03-31T16:56:34.901714,2026-03-31T16:58:11.430974,96529.183,1,12.586,40.565,169.2,30.566,30.05,23.9,0.0,3,23.78,77.742,211.218,39.27,77.6,32.302,0.0,1,11.862,62.608,364.83,58.119,53.75,36.58542,0.0,21.8,20.442,26,17.382,15.397,18,0.0,0.0,0.0,2.31,0.51,1.03,2000.0,1116.01,16199.04,6.89
993,2026-03-31T16:58:13.440262,2026-03-31T16:59:51.207278,97766.891,1,12.462,59.117,362.319,77.539,16.4,55.1814,0.0,3,23.356,68.827,527.537,75.816,29.2,49.2088,0.0,1,12.03,50.45,234.022,44.22,34.9,31.88364,0.0,21.251,19.091,31,15.444,14.752,7,0.0,0.0,0.0,2.84,0.78,1.55,2000.0,1102.51,16199.04,6.81
994,2026-03-31T16:59:53.214836,2026-03-31T17:01:27.702849,94487.94,1,12.899,42.374,111.341,26.453,36.4,23.32176,0.0,3,24.51,80.289,190.833,45.779,73.65,40.33768,0.0,1,13.38,49.475,147.261,29.082,51.75,24.24624,0.0,25.268,23.963,30,14.501,12.542,15,0.0,0.0,0.0,2.34,0.52,1.3,2000.0,1108.02,16199.04,6.84
995,2026-03-31T17:01:29.705034,2026-03-31T17:03:07.554603,97849.496,1,11.528,29.807,164.627,28.104,15.2,21.3964,0.0,3,22.502,43.293,181.427,31.389,26.4,24.17736,0.0,1,11.548,39.747,225.129,36.32,16.9,28.959,0.0,21.825,18.623,24,17.001,16.273,12,0.0,0.0,0.0,2.49,1.0,1.0,2000.0,1105.86,16199.04,6.83
996,2026-03-31T17:03:09.595191,2026-03-31T17:04:47.408109,97812.821,1,14.455,74.686,271.969,51.953,63.05,36.40066,0.0,3,23.603,81.038,472.148,66.4,63.0,49.55388,0.0,1,11.842,44.487,174.094,35.625,31.75,28.72032,0.0,24.836,21.673,32,14.834,13.885,30,0.0,0.0,0.0,2.04,0.77,1.02,2000.0,1115.32,16199.04,6.89
997,2026-03-31T17:04:49.418298,2026-03-31T17:06:29.838587,100420.193,1,12.203,35.425,171.509,32.323,15.75,25.7583,0.0,3,24.241,54.471,171.645,34.713,31.75,29.4212,0.0,1,12.737,54.888,230.835,37.901,56.75,28.30448,0.0,19.447,17.205,20,19.536,17.282,19,0.0,0.0,0.0,2.64,1.44,0.96,2000.0,1115.53,16199.04,6.89
998,2026-03-31T17:06:31.849646,2026-03-31T17:08:07.915061,96065.235,1,12.013,36.093,169.015,31.641,16.9,25.95544,0.0,3,24.024,76.877,353.253,54.953,69.3,40.65224,0.0,1,12.152,54.952,197.344,32.922,52.75,23.40724,0.0,25.125,23.114,52,18.406,16.951,9,0.0,0.0,0.0,2.02,0.76,1.01,2000.0,1114.19,16199.04,6.88
999,2026-03-31T17:08:09.939749,2026-03-31T17:09:45.865142,95925.284,1,12.356,57.466,230.556,42.443,55.75,28.76152,0.0,3,23.53,66.659,188.903,37.871,62.65,31.0475,0.0,1,13.476,49.755,179.92,30.639,50.95,24.44748,0.0,21.071,19.915,30,17.948,15.696,18,0.0,0.0,0.0,1.31,0.52,0.26,2000.0,1117.58,16199.04,6.9
1000,2026-03-31T17:09:47.866593,2026-03-31T17:11:28.187530,100320.868,1,12.575,88.447,327.201,69.322,63.2,52.64228,0.0,3,24.377,89.254,394.324,62.332,89.7,44.432,0.0,1,11.763,35.425,281.766,38.751,16.75,25.8042,0.0,21.586,17.901,19,12.435,10.772,12,0.0,0.0,0.0,2.07,0.78,1.04,2000.0,1117.25,16199.04,6.9
